,Underlying,Name,Expected PnL,Cost of Strategy,Max_Profit,Max_Loss,Prob of Profit,Prob of Loss,Exp_Pnl/Max_Loss,Strategy_Delta,Strategy_Gamma,Strategy_Theta,Strategy_Vega,Strategy_Rho,C_1000000.0,C_94.5,C_95.0,C_95.5,C_96.0,C_96.5,C_97.0,C_97.5,C_98.0,C_98.5,C_99.0,C_99.5,C_100.0,C_101.0,C_102.0,C_103.0,C_104.0,P_94.0,P_-1000000.0,P_95.0,P_95.5,P_96.0,P_96.5,P_97.0,P_97.5,P_98.0,P_98.5,P_99.0,P_99.5,P_100.0,P_101.0,P_102.0,P_103.0,P_104.0
42,ABT,Bull Call Spread,73.5,724.0,1276.0,724.0,45.68,54.32,0.10151933701657459,128.0,12.0,-12.0,8.000000000000002,4.0,0.0,0.0,0.0,0.0,0.0,0.0,0.0,0.0,0.0,0.0,4.0,0.0,0.0,0.0,0.0,0.0,-4.0,0.0,0.0,0.0,0.0,0.0,0.0,0.0,0.0,0.0,0.0,0.0,0.0,0.0,0.0,0.0,0.0,0.0
40,ABT,Bull Call Spread,36.75,362.0,638.0,362.0,45.68,54.32,0.10151933701657459,64.0,6.0,-6.0,4.000000000000001,2.0,0.0,0.0,0.0,0.0,0.0,0.0,0.0,0.0,0.0,0.0,2.0,0.0,0.0,0.0,0.0,0.0,-2.0,0.0,0.0,0.0,0.0,0.0,0.0,0.0,0.0,0.0,0.0,0.0,0.0,0.0,0.0,0.0,0.0,0.0
41,ABT,Bull Call Spread,55.12,543.0,957.0,543.0,45.68,54.32,0.10151012891344383,96.0,8.999999999999996,-8.999999999999996,6.0,3.0,0.0,0.0,0.0,0.0,0.0,0.0,0.0,0.0,0.0,0.0,3.0,0.0,0.0,0.0,0.0,0.0,-3.0,0.0,0.0,0.0,0.0,0.0,0.0,0.0,0.0,0.0,0.0,0.0,0.0,0.0,0.0,0.0,0.0,0.0
39,ABT,Bull Call Spread,18.37,181.0,319.0,181.0,45.68,54.32,0.10149171270718232,32.0,3.0,-3.0,2.0000000000000004,1.0,0.0,0.0,0.0,0.0,0.0,0.0,0.0,0.0,0.0,0.0,1.0,0.0,0.0,0.0,0.0,0.0,-1.0,0.0,0.0,0.0,0.0,0.0,0.0,0.0,0.0,0.0,0.0,0.0,0.0,0.0,0.0,0.0,0.0,0.0
22,ABT,Bull Call Spread,34.88,478.0,722.0,478.0,48.27,51.73,0.07297071129707114,80.0,4.000000000000001,-6.0,4.000000000000001,2.0,0.0,0.0,0.0,0.0,0.0,0.0,0.0,0.0,2.0,0.0,0.0,0.0,0.0,0.0,0.0,0.0,-2.0,0.0,0.0,0.0,0.0,0.0,0.0,0.0,0.0,0.0,0.0,0.0,0.0,0.0,0.0,0.0,0.0,0.0
21,ABT,Bull Call Spread,17.44,239.0,361.0,239.0,48.27,51.73,0.07297071129707114,40.0,2.0000000000000004,-3.0,2.0000000000000004,1.0,0.0,0.0,0.0,0.0,0.0,0.0,0.0,0.0,1.0,0.0,0.0,0.0,0.0,0.0,0.0,0.0,-1.0,0.0,0.0,0.0,0.0,0.0,0.0,0.0,0.0,0.0,0.0,0.0,0.0,0.0,0.0,0.0,0.0,0.0
23,ABT,Bull Call Spread,52.32,717.0000000000001,1083.0,717.0000000000001,48.27,51.73,0.07297071129707113,119.99999999999997,6.0,-8.999999999999996,6.0,3.0,0.0,0.0,0.0,0.0,0.0,0.0,0.0,0.0,3.0,0.0,0.0,0.0,0.0,0.0,0.0,0.0,-3.0,0.0,0.0,0.0,0.0,0.0,0.0,0.0,0.0,0.0,0.0,0.0,0.0,0.0,0.0,0.0,0.0,0.0
38,ABT,Bull Call Spread,42.32,656.0,944.0,656.0,47.01,52.99,0.06451219512195122,104.0,8.000000000000002,-8.000000000000002,4.0000000000000036,4.0,0.0,0.0,0.0,0.0,0.0,0.0,0.0,0.0,0.0,0.0,4.0,0.0,0.0,0.0,0.0,-4.0,0.0,0.0,0.0,0.0,0.0,0.0,0.0,0.0,0.0,0.0,0.0,0.0,0.0,0.0,0.0,0.0,0.0,0.0
37,ABT,Bull Call Spread,31.74,492.0,708.0,492.0,47.01,52.99,0.06451219512195122,78.0,6.0,-6.0,3.0000000000000027,3.0,0.0,0.0,0.0,0.0,0.0,0.0,0.0,0.0,0.0,0.0,3.0,0.0,0.0,0.0,0.0,-3.0,0.0,0.0,0.0,0.0,0.0,0.0,0.0,0.0,0.0,0.0,0.0,0.0,0.0,0.0,0.0,0.0,0.0,0.0
36,ABT,Bull Call Spread,21.16,328.0,472.0,328.0,47.01,52.99,0.06451219512195122,52.0,4.000000000000001,-4.000000000000001,2.0000000000000018,2.0,0.0,0.0,0.0,0.0,0.0,0.0,0.0,0.0,0.0,0.0,2.0,0.0,0.0,0.0,0.0,-2.0,0.0,0.0,0.0,0.0,0.0,0.0,0.0,0.0,0.0,0.0,0.0,0.0,0.0,0.0,0.0,0.0,0.0,0.0
35,ABT,Bull Call Spread,10.58,164.0,236.0,164.0,47.01,52.99,0.06451219512195122,26.0,2.0000000000000004,-2.0000000000000004,1.0000000000000009,1.0,0.0,0.0,0.0,0.0,0.0,0.0,0.0,0.0,0.0,0.0,1.0,0.0,0.0,0.0,0.0,-1.0,0.0,0.0,0.0,0.0,0.0,0.0,0.0,0.0,0.0,0.0,0.0,0.0,0.0,0.0,0.0,0.0,0.0,0.0
13,ABT,Bull Call Spread,15.95,270.0,380.0,270.0,49.48,50.52,0.05907407407407407,43.0,2.0000000000000004,-3.0,2.0000000000000004,1.0,0.0,0.0,0.0,0.0,0.0,0.0,0.0,1.0,0.0,0.0,0.0,0.0,0.0,0.0,0.0,0.0,-1.0,0.0,0.0,0.0,0.0,0.0,0.0,0.0,0.0,0.0,0.0,0.0,0.0,0.0,0.0,0.0,0.0,0.0
14,ABT,Bull Call Spread,31.89,540.0,760.0,540.0,49.48,50.52,0.059055555555555556,86.0,4.000000000000001,-6.0,4.000000000000001,2.0,0.0,0.0,0.0,0.0,0.0,0.0,0.0,2.0,0.0,0.0,0.0,0.0,0.0,0.0,0.0,0.0,-2.0,0.0,0.0,0.0,0.0,0.0,0.0,0.0,0.0,0.0,0.0,0.0,0.0,0.0,0.0,0.0,0.0,0.0
7,ABT,Bull Call Spread,31.79,600.0,800.0,600.0,50.62,49.38,0.052983333333333334,94.0,4.000000000000001,-6.0,4.000000000000001,2.0,0.0,0.0,0.0,0.0,0.0,0.0,2.0,0.0,0.0,0.0,0.0,0.0,0.0,0.0,0.0,0.0,-2.0,0.0,0.0,0.0,0.0,0.0,0.0,0.0,0.0,0.0,0.0,0.0,0.0,0.0,0.0,0.0,0.0,0.0
6,ABT,Bull Call Spread,15.89,300.0,400.0,300.0,50.62,49.38,0.05296666666666667,47.0,2.0000000000000004,-3.0,2.0000000000000004,1.0,0.0,0.0,0.0,0.0,0.0,0.0,1.0,0.0,0.0,0.0,0.0,0.0,0.0,0.0,0.0,0.0,-1.0,0.0,0.0,0.0,0.0,0.0,0.0,0.0,0.0,0.0,0.0,0.0,0.0,0.0,0.0,0.0,0.0,0.0
18,ABT,Bull Call Spread,9.65,222.0,278.0,222.0,49.48,50.52,0.04346846846846847,34.0,1.0000000000000009,-2.0000000000000004,1.0000000000000009,1.0,0.0,0.0,0.0,0.0,0.0,0.0,0.0,0.0,1.0,0.0,0.0,0.0,0.0,0.0,0.0,-1.0,0.0,0.0,0.0,0.0,0.0,0.0,0.0,0.0,0.0,0.0,0.0,0.0,0.0,0.0,0.0,0.0,0.0,0.0
20,ABT,Bull Call Spread,28.94,666.0000000000001,833.9999999999999,666.0000000000001,49.48,50.52,0.04345345345345345,101.99999999999999,3.0000000000000027,-6.0,3.0000000000000027,3.0,0.0,0.0,0.0,0.0,0.0,0.0,0.0,0.0,3.0,0.0,0.0,0.0,0.0,0.0,0.0,-3.0,0.0,0.0,0.0,0.0,0.0,0.0,0.0,0.0,0.0,0.0,0.0,0.0,0.0,0.0,0.0,0.0,0.0,0.0
19,ABT,Bull Call Spread,19.29,444.0,556.0,444.0,49.48,50.52,0.043445945945945946,68.0,2.0000000000000018,-4.000000000000001,2.0000000000000018,2.0,0.0,0.0,0.0,0.0,0.0,0.0,0.0,0.0,2.0,0.0,0.0,0.0,0.0,0.0,0.0,-2.0,0.0,0.0,0.0,0.0,0.0,0.0,0.0,0.0,0.0,0.0,0.0,0.0,0.0,0.0,0.0,0.0,0.0,0.0
32,ABT,Bull Call Spread,17.2,408.0,492.0,408.0,48.88,51.12,0.042156862745098035,63.000000000000014,2.9999999999999973,-2.9999999999999973,3.0000000000000027,3.0,0.0,0.0,0.0,0.0,0.0,0.0,0.0,0.0,0.0,0.0,3.0,0.0,0.0,0.0,-3.0,0.0,0.0,0.0,0.0,0.0,0.0,0.0,0.0,0.0,0.0,0.0,0.0,0.0,0.0,0.0,0.0,0.0,0.0,0.0
33,ABT,Bull Call Spread,22.93,544.0,656.0,544.0,48.88,51.12,0.04215073529411765,84.00000000000001,3.9999999999999982,-3.9999999999999982,4.0000000000000036,4.0,0.0,0.0,0.0,0.0,0.0,0.0,0.0,0.0,0.0,0.0,4.0,0.0,0.0,0.0,-4.0,0.0,0.0,0.0,0.0,0.0,0.0,0.0,0.0,0.0,0.0,0.0,0.0,0.0,0.0,0.0,0.0,0.0,0.0,0.0
34,ABT,Bull Call Spread,28.66,680.0,820.0,680.0,48.88,51.12,0.04214705882352941,105.0,4.999999999999999,-4.999999999999999,5.000000000000004,5.0,0.0,0.0,0.0,0.0,0.0,0.0,0.0,0.0,0.0,0.0,5.0,0.0,0.0,0.0,-5.0,0.0,0.0,0.0,0.0,0.0,0.0,0.0,0.0,0.0,0.0,0.0,0.0,0.0,0.0,0.0,0.0,0.0,0.0,0.0
31,ABT,Bull Call Spread,11.46,272.0,328.0,272.0,48.88,51.12,0.042132352941176475,42.00000000000001,1.9999999999999991,-1.9999999999999991,2.0000000000000018,2.0,0.0,0.0,0.0,0.0,0.0,0.0,0.0,0.0,0.0,0.0,2.0,0.0,0.0,0.0,-2.0,0.0,0.0,0.0,0.0,0.0,0.0,0.0,0.0,0.0,0.0,0.0,0.0,0.0,0.0,0.0,0.0,0.0,0.0,0.0
30,ABT,Bull Call Spread,5.73,136.0,164.0,136.0,48.88,51.12,0.042132352941176475,21.000000000000004,0.9999999999999996,-0.9999999999999996,1.0000000000000009,1.0,0.0,0.0,0.0,0.0,0.0,0.0,0.0,0.0,0.0,0.0,1.0,0.0,0.0,0.0,-1.0,0.0,0.0,0.0,0.0,0.0,0.0,0.0,0.0,0.0,0.0,0.0,0.0,0.0,0.0,0.0,0.0,0.0,0.0,0.0
27,ABT,Bull Call Spread,8.53,219.0,331.0,219.0,46.35,53.65,0.03894977168949772,36.00000000000001,2.0000000000000004,-3.0,2.0000000000000004,1.0,0.0,0.0,0.0,0.0,0.0,0.0,0.0,0.0,0.0,1.0,0.0,0.0,0.0,0.0,0.0,0.0,-1.0,0.0,0.0,0.0,0.0,0.0,0.0,0.0,0.0,0.0,0.0,0.0,0.0,0.0,0.0,0.0,0.0,0.0
29,ABT,Bull Call Spread,25.58,657.0,993.0,657.0,46.35,53.65,0.03893455098934551,108.0,6.0,-8.999999999999996,6.0,3.0,0.0,0.0,0.0,0.0,0.0,0.0,0.0,0.0,0.0,3.0,0.0,0.0,0.0,0.0,0.0,0.0,-3.0,0.0,0.0,0.0,0.0,0.0,0.0,0.0,0.0,0.0,0.0,0.0,0.0,0.0,0.0,0.0,0.0,0.0
28,ABT,Bull Call Spread,17.05,438.0,662.0,438.0,46.35,53.65,0.03892694063926941,72.00000000000001,4.000000000000001,-6.0,4.000000000000001,2.0,0.0,0.0,0.0,0.0,0.0,0.0,0.0,0.0,0.0,2.0,0.0,0.0,0.0,0.0,0.0,0.0,-2.0,0.0,0.0,0.0,0.0,0.0,0.0,0.0,0.0,0.0,0.0,0.0,0.0,0.0,0.0,0.0,0.0,0.0
44,ABT,Bull Call Spread,10.3,282.0,518.0,282.0,41.37,58.63,0.036524822695035465,50.0,6.0,-6.0,4.000000000000001,0.0,0.0,0.0,0.0,0.0,0.0,0.0,0.0,0.0,0.0,0.0,0.0,0.0,2.0,0.0,0.0,0.0,-2.0,0.0,0.0,0.0,0.0,0.0,0.0,0.0,0.0,0.0,0.0,0.0,0.0,0.0,0.0,0.0,0.0,0.0
43,ABT,Bull Call Spread,5.15,141.0,259.0,141.0,41.37,58.63,0.036524822695035465,25.0,3.0,-3.0,2.0000000000000004,0.0,0.0,0.0,0.0,0.0,0.0,0.0,0.0,0.0,0.0,0.0,0.0,0.0,1.0,0.0,0.0,0.0,-1.0,0.0,0.0,0.0,0.0,0.0,0.0,0.0,0.0,0.0,0.0,0.0,0.0,0.0,0.0,0.0,0.0,0.0
47,ABT,Bull Call Spread,25.74,705.0000000000001,1295.0,705.0000000000001,41.37,58.63,0.03651063829787233,125.0,15.000000000000002,-15.000000000000002,10.000000000000004,0.0,0.0,0.0,0.0,0.0,0.0,0.0,0.0,0.0,0.0,0.0,0.0,0.0,5.0,0.0,0.0,0.0,-5.0,0.0,0.0,0.0,0.0,0.0,0.0,0.0,0.0,0.0,0.0,0.0,0.0,0.0,0.0,0.0,0.0,0.0
46,ABT,Bull Call Spread,20.59,564.0,1036.0,564.0,41.37,58.63,0.03650709219858156,100.0,12.0,-12.0,8.000000000000002,0.0,0.0,0.0,0.0,0.0,0.0,0.0,0.0,0.0,0.0,0.0,0.0,0.0,4.0,0.0,0.0,0.0,-4.0,0.0,0.0,0.0,0.0,0.0,0.0,0.0,0.0,0.0,0.0,0.0,0.0,0.0,0.0,0.0,0.0,0.0
45,ABT,Bull Call Spread,15.44,423.0,777.0,423.0,41.37,58.63,0.03650118203309693,75.0,8.999999999999996,-8.999999999999996,6.0,0.0,0.0,0.0,0.0,0.0,0.0,0.0,0.0,0.0,0.0,0.0,0.0,0.0,3.0,0.0,0.0,0.0,-3.0,0.0,0.0,0.0,0.0,0.0,0.0,0.0,0.0,0.0,0.0,0.0,0.0,0.0,0.0,0.0,0.0,0.0
12,ABT,Bull Call Spread,16.3,506.0,594.0,506.0,50.62,49.38,0.03221343873517787,74.0,2.0000000000000018,-4.000000000000001,2.0000000000000018,2.0,0.0,0.0,0.0,0.0,0.0,0.0,0.0,2.0,0.0,0.0,0.0,0.0,0.0,0.0,0.0,-2.0,0.0,0.0,0.0,0.0,0.0,0.0,0.0,0.0,0.0,0.0,0.0,0.0,0.0,0.0,0.0,0.0,0.0,0.0
11,ABT,Bull Call Spread,8.15,253.0,297.0,253.0,50.62,49.38,0.03221343873517787,37.0,1.0000000000000009,-2.0000000000000004,1.0000000000000009,1.0,0.0,0.0,0.0,0.0,0.0,0.0,0.0,1.0,0.0,0.0,0.0,0.0,0.0,0.0,0.0,-1.0,0.0,0.0,0.0,0.0,0.0,0.0,0.0,0.0,0.0,0.0,0.0,0.0,0.0,0.0,0.0,0.0,0.0,0.0
4,ABT,Bull Call Spread,8.1,283.0,317.0,283.0,51.7,48.3,0.028621908127208478,41.0,1.0000000000000009,-2.0000000000000004,1.0000000000000009,1.0,0.0,0.0,0.0,0.0,0.0,0.0,1.0,0.0,0.0,0.0,0.0,0.0,0.0,0.0,0.0,-1.0,0.0,0.0,0.0,0.0,0.0,0.0,0.0,0.0,0.0,0.0,0.0,0.0,0.0,0.0,0.0,0.0,0.0,0.0
5,ABT,Bull Call Spread,16.19,566.0,634.0,566.0,51.7,48.3,0.028604240282685513,82.0,2.0000000000000018,-4.000000000000001,2.0000000000000018,2.0,0.0,0.0,0.0,0.0,0.0,0.0,2.0,0.0,0.0,0.0,0.0,0.0,0.0,0.0,0.0,-2.0,0.0,0.0,0.0,0.0,0.0,0.0,0.0,0.0,0.0,0.0,0.0,0.0,0.0,0.0,0.0,0.0,0.0,0.0
16,ABT,Bull Call Spread,9.6,388.0,412.0,388.0,51.17,48.83,0.024742268041237112,57.99999999999999,0.0,-1.9999999999999991,2.0000000000000018,2.0,0.0,0.0,0.0,0.0,0.0,0.0,0.0,0.0,2.0,0.0,0.0,0.0,0.0,0.0,-2.0,0.0,0.0,0.0,0.0,0.0,0.0,0.0,0.0,0.0,0.0,0.0,0.0,0.0,0.0,0.0,0.0,0.0,0.0,0.0
15,ABT,Bull Call Spread,4.8,194.0,206.0,194.0,51.17,48.83,0.024742268041237112,28.999999999999996,0.0,-0.9999999999999996,1.0000000000000009,1.0,0.0,0.0,0.0,0.0,0.0,0.0,0.0,0.0,1.0,0.0,0.0,0.0,0.0,0.0,-1.0,0.0,0.0,0.0,0.0,0.0,0.0,0.0,0.0,0.0,0.0,0.0,0.0,0.0,0.0,0.0,0.0,0.0,0.0,0.0
17,ABT,Bull Call Spread,14.4,582.0000000000001,617.9999999999999,582.0000000000001,51.17,48.83,0.02474226804123711,86.99999999999999,0.0,-2.9999999999999973,3.0000000000000027,3.0,0.0,0.0,0.0,0.0,0.0,0.0,0.0,0.0,3.0,0.0,0.0,0.0,0.0,0.0,-3.0,0.0,0.0,0.0,0.0,0.0,0.0,0.0,0.0,0.0,0.0,0.0,0.0,0.0,0.0,0.0,0.0,0.0,0.0,0.0
9,ABT,Bull Call Spread,6.61,450.0,450.0,450.0,52.21,47.79,0.01468888888888889,64.0,0.0,-1.9999999999999991,2.0000000000000018,2.0,0.0,0.0,0.0,0.0,0.0,0.0,0.0,2.0,0.0,0.0,0.0,0.0,0.0,0.0,-2.0,0.0,0.0,0.0,0.0,0.0,0.0,0.0,0.0,0.0,0.0,0.0,0.0,0.0,0.0,0.0,0.0,0.0,0.0,0.0
10,ABT,Bull Call Spread,9.91,674.9999999999999,675.0000000000001,674.9999999999999,52.21,47.79,0.014681481481481485,96.00000000000001,0.0,-2.9999999999999973,3.0000000000000027,3.0,0.0,0.0,0.0,0.0,0.0,0.0,0.0,3.0,0.0,0.0,0.0,0.0,0.0,0.0,-3.0,0.0,0.0,0.0,0.0,0.0,0.0,0.0,0.0,0.0,0.0,0.0,0.0,0.0,0.0,0.0,0.0,0.0,0.0,0.0
8,ABT,Bull Call Spread,3.3,225.0,225.0,225.0,52.21,47.79,0.014666666666666666,32.0,0.0,-0.9999999999999996,1.0000000000000009,1.0,0.0,0.0,0.0,0.0,0.0,0.0,0.0,1.0,0.0,0.0,0.0,0.0,0.0,0.0,-1.0,0.0,0.0,0.0,0.0,0.0,0.0,0.0,0.0,0.0,0.0,0.0,0.0,0.0,0.0,0.0,0.0,0.0,0.0,0.0
3,ABT,Bull Call Spread,6.5,510.0,490.0,510.0,53.18,46.82,0.012745098039215686,72.00000000000001,0.0,-1.9999999999999991,2.0000000000000018,2.0,0.0,0.0,0.0,0.0,0.0,0.0,2.0,0.0,0.0,0.0,0.0,0.0,0.0,0.0,-2.0,0.0,0.0,0.0,0.0,0.0,0.0,0.0,0.0,0.0,0.0,0.0,0.0,0.0,0.0,0.0,0.0,0.0,0.0,0.0
2,ABT,Bull Call Spread,3.25,255.0,245.0,255.0,53.18,46.82,0.012745098039215686,36.00000000000001,0.0,-0.9999999999999996,1.0000000000000009,1.0,0.0,0.0,0.0,0.0,0.0,0.0,1.0,0.0,0.0,0.0,0.0,0.0,0.0,0.0,-1.0,0.0,0.0,0.0,0.0,0.0,0.0,0.0,0.0,0.0,0.0,0.0,0.0,0.0,0.0,0.0,0.0,0.0,0.0,0.0
26,ABT,Bull Call Spread,2.19,606.0,744.0,606.0,47.65,52.35,0.0036138613861386136,90.00000000000001,3.0000000000000027,-6.0,3.0000000000000027,3.0,0.0,0.0,0.0,0.0,0.0,0.0,0.0,0.0,0.0,3.0,0.0,0.0,0.0,0.0,0.0,-3.0,0.0,0.0,0.0,0.0,0.0,0.0,0.0,0.0,0.0,0.0,0.0,0.0,0.0,0.0,0.0,0.0,0.0,0.0
25,ABT,Bull Call Spread,1.46,404.0,496.0,404.0,47.65,52.35,0.0036138613861386136,60.00000000000001,2.0000000000000018,-4.000000000000001,2.0000000000000018,2.0,0.0,0.0,0.0,0.0,0.0,0.0,0.0,0.0,0.0,2.0,0.0,0.0,0.0,0.0,0.0,-2.0,0.0,0.0,0.0,0.0,0.0,0.0,0.0,0.0,0.0,0.0,0.0,0.0,0.0,0.0,0.0,0.0,0.0,0.0
24,ABT,Bull Call Spread,0.73,202.0,248.0,202.0,47.65,52.35,0.0036138613861386136,30.000000000000004,1.0000000000000009,-2.0000000000000004,1.0000000000000009,1.0,0.0,0.0,0.0,0.0,0.0,0.0,0.0,0.0,0.0,1.0,0.0,0.0,0.0,0.0,0.0,-1.0,0.0,0.0,0.0,0.0,0.0,0.0,0.0,0.0,0.0,0.0,0.0,0.0,0.0,0.0,0.0,0.0,0.0,0.0
1,ABT,Bull Call Spread,2.32,690.0,810.0,690.0,51.17,48.83,0.00336231884057971,100.0,1.9999999999999991,-6.0,4.000000000000001,2.0,0.0,0.0,0.0,0.0,0.0,2.0,0.0,0.0,0.0,0.0,0.0,0.0,0.0,0.0,0.0,0.0,-2.0,0.0,0.0,0.0,0.0,0.0,0.0,0.0,0.0,0.0,0.0,0.0,0.0,0.0,0.0,0.0,0.0,0.0
0,ABT,Bull Call Spread,1.16,345.0,405.0,345.0,51.17,48.83,0.00336231884057971,50.0,0.9999999999999996,-3.0,2.0000000000000004,1.0,0.0,0.0,0.0,0.0,0.0,1.0,0.0,0.0,0.0,0.0,0.0,0.0,0.0,0.0,0.0,0.0,-1.0,0.0,0.0,0.0,0.0,0.0,0.0,0.0,0.0,0.0,0.0,0.0,0.0,0.0,0.0,0.0,0.0,0.0
11,ABT,Bear Call Spread,53.07,432.0,9443.000000000278,432.0,43.58,56.42,0.12284722222222222,100.0,16.0,-16.0,14.000000000000002,4.0,0.0,0.0,0.0,0.0,0.0,0.0,0.0,0.0,0.0,0.0,2.0,0.0,0.0,0.0,0.0,0.0,0.0,0.0,0.0,0.0,0.0,0.0,0.0,0.0,0.0,0.0,0.0,0.0,0.0,0.0,0.0,0.0,0.0,0.0
12,ABT,Bear Call Spread,79.6,648.0,14164.500000000418,648.0,43.58,56.42,0.1228395061728395,150.0,24.0,-24.0,21.000000000000004,6.0,0.0,0.0,0.0,0.0,0.0,0.0,0.0,0.0,0.0,0.0,3.0,0.0,0.0,0.0,0.0,0.0,0.0,0.0,0.0,0.0,0.0,0.0,0.0,0.0,0.0,0.0,0.0,0.0,0.0,0.0,0.0,0.0,0.0,0.0
10,ABT,Bear Call Spread,26.53,216.0,4721.500000000139,216.0,43.58,56.42,0.12282407407407409,50.0,8.0,-8.0,7.000000000000001,2.0,0.0,0.0,0.0,0.0,0.0,0.0,0.0,0.0,0.0,0.0,1.0,0.0,0.0,0.0,0.0,0.0,0.0,0.0,0.0,0.0,0.0,0.0,0.0,0.0,0.0,0.0,0.0,0.0,0.0,0.0,0.0,0.0,0.0,0.0
47,ABT,Bear Call Spread,31.4,-520.0000000000002,520.0000000000002,279.9999999999998,39.07,60.93,0.11214285714285722,-43.99999999999999,8.000000000000002,-3.9999999999999982,4.0000000000000036,0.0,0.0,0.0,-4.0,0.0,0.0,0.0,4.0,0.0,0.0,0.0,0.0,0.0,0.0,0.0,0.0,0.0,0.0,0.0,0.0,0.0,0.0,0.0,0.0,0.0,0.0,0.0,0.0,0.0,0.0,0.0,0.0,0.0,0.0,0.0
45,ABT,Bear Call Spread,15.7,-260.0000000000001,260.0000000000001,139.9999999999999,39.07,60.93,0.11214285714285722,-21.999999999999996,4.000000000000001,-1.9999999999999991,2.0000000000000018,0.0,0.0,0.0,-2.0,0.0,0.0,0.0,2.0,0.0,0.0,0.0,0.0,0.0,0.0,0.0,0.0,0.0,0.0,0.0,0.0,0.0,0.0,0.0,0.0,0.0,0.0,0.0,0.0,0.0,0.0,0.0,0.0,0.0,0.0,0.0
44,ABT,Bear Call Spread,7.85,-130.00000000000006,130.00000000000006,69.99999999999994,39.07,60.93,0.11214285714285722,-10.999999999999998,2.0000000000000004,-0.9999999999999996,1.0000000000000009,0.0,0.0,0.0,-1.0,0.0,0.0,0.0,1.0,0.0,0.0,0.0,0.0,0.0,0.0,0.0,0.0,0.0,0.0,0.0,0.0,0.0,0.0,0.0,0.0,0.0,0.0,0.0,0.0,0.0,0.0,0.0,0.0,0.0,0.0,0.0
46,ABT,Bear Call Spread,23.55,-389.9999999999999,389.9999999999999,210.0000000000001,39.07,60.93,0.11214285714285709,-33.00000000000001,6.0,-2.9999999999999973,3.0000000000000027,0.0,0.0,0.0,-3.0,0.0,0.0,0.0,3.0,0.0,0.0,0.0,0.0,0.0,0.0,0.0,0.0,0.0,0.0,0.0,0.0,0.0,0.0,0.0,0.0,0.0,0.0,0.0,0.0,0.0,0.0,0.0,0.0,0.0,0.0,0.0
48,ABT,Bear Call Spread,39.25,-650.0,650.0,350.00000000000284,39.07,60.93,0.11214285714285623,-54.999999999999986,10.000000000000004,-4.999999999999999,5.000000000000004,0.0,0.0,0.0,-5.0,0.0,0.0,0.0,5.0,0.0,0.0,0.0,0.0,0.0,0.0,0.0,0.0,0.0,0.0,0.0,0.0,0.0,0.0,0.0,0.0,0.0,0.0,0.0,0.0,0.0,0.0,0.0,0.0,0.0,0.0,0.0
7,ABT,Bear Call Spread,51.2,548.0,9527.000000000278,548.0,46.35,53.65,0.09343065693430658,115.99999999999999,14.000000000000002,-16.0,14.000000000000002,4.0,0.0,0.0,0.0,0.0,0.0,0.0,0.0,0.0,2.0,0.0,0.0,0.0,0.0,0.0,0.0,0.0,0.0,0.0,0.0,0.0,0.0,0.0,0.0,0.0,0.0,0.0,0.0,0.0,0.0,0.0,0.0,0.0,0.0,0.0
6,ABT,Bear Call Spread,25.6,274.0,4763.500000000139,274.0,46.35,53.65,0.09343065693430658,57.99999999999999,7.000000000000001,-8.0,7.000000000000001,2.0,0.0,0.0,0.0,0.0,0.0,0.0,0.0,0.0,1.0,0.0,0.0,0.0,0.0,0.0,0.0,0.0,0.0,0.0,0.0,0.0,0.0,0.0,0.0,0.0,0.0,0.0,0.0,0.0,0.0,0.0,0.0,0.0,0.0,0.0
50,ABT,Bear Call Spread,15.81,-320.0000000000001,320.0000000000001,179.9999999999999,39.33,60.67,0.08783333333333339,-30.000000000000004,4.000000000000001,-1.9999999999999991,2.0000000000000018,0.0,0.0,0.0,-2.0,0.0,0.0,0.0,0.0,2.0,0.0,0.0,0.0,0.0,0.0,0.0,0.0,0.0,0.0,0.0,0.0,0.0,0.0,0.0,0.0,0.0,0.0,0.0,0.0,0.0,0.0,0.0,0.0,0.0,0.0,0.0
53,ABT,Bear Call Spread,39.52,-800.0,800.0,450.00000000000273,39.33,60.67,0.08782222222222169,-75.0,10.000000000000004,-4.999999999999999,5.000000000000004,0.0,0.0,0.0,-5.0,0.0,0.0,0.0,0.0,5.0,0.0,0.0,0.0,0.0,0.0,0.0,0.0,0.0,0.0,0.0,0.0,0.0,0.0,0.0,0.0,0.0,0.0,0.0,0.0,0.0,0.0,0.0,0.0,0.0,0.0,0.0
51,ABT,Bear Call Spread,23.71,-480.0000000000001,480.0000000000001,269.9999999999999,39.33,60.67,0.08781481481481486,-45.000000000000014,6.0,-2.9999999999999973,3.0000000000000027,0.0,0.0,0.0,-3.0,0.0,0.0,0.0,0.0,3.0,0.0,0.0,0.0,0.0,0.0,0.0,0.0,0.0,0.0,0.0,0.0,0.0,0.0,0.0,0.0,0.0,0.0,0.0,0.0,0.0,0.0,0.0,0.0,0.0,0.0,0.0
52,ABT,Bear Call Spread,31.61,-640.0000000000002,640.0000000000002,359.9999999999998,39.33,60.67,0.08780555555555561,-60.00000000000001,8.000000000000002,-3.9999999999999982,4.0000000000000036,0.0,0.0,0.0,-4.0,0.0,0.0,0.0,0.0,4.0,0.0,0.0,0.0,0.0,0.0,0.0,0.0,0.0,0.0,0.0,0.0,0.0,0.0,0.0,0.0,0.0,0.0,0.0,0.0,0.0,0.0,0.0,0.0,0.0,0.0,0.0
49,ABT,Bear Call Spread,7.9,-160.00000000000006,160.00000000000006,89.99999999999994,39.33,60.67,0.08777777777777784,-15.000000000000002,2.0000000000000004,-0.9999999999999996,1.0000000000000009,0.0,0.0,0.0,-1.0,0.0,0.0,0.0,0.0,1.0,0.0,0.0,0.0,0.0,0.0,0.0,0.0,0.0,0.0,0.0,0.0,0.0,0.0,0.0,0.0,0.0,0.0,0.0,0.0,0.0,0.0,0.0,0.0,0.0,0.0,0.0
55,ABT,Bear Call Spread,18.8,-382.0000000000001,382.0000000000001,217.9999999999999,39.66,60.34,0.08623853211009179,-36.00000000000001,4.000000000000001,-1.9999999999999991,2.0000000000000018,0.0,0.0,0.0,-2.0,0.0,0.0,0.0,0.0,0.0,2.0,0.0,0.0,0.0,0.0,0.0,0.0,0.0,0.0,0.0,0.0,0.0,0.0,0.0,0.0,0.0,0.0,0.0,0.0,0.0,0.0,0.0,0.0,0.0,0.0,0.0
54,ABT,Bear Call Spread,9.4,-191.00000000000006,191.00000000000006,108.99999999999994,39.66,60.34,0.08623853211009179,-18.000000000000004,2.0000000000000004,-0.9999999999999996,1.0000000000000009,0.0,0.0,0.0,-1.0,0.0,0.0,0.0,0.0,0.0,1.0,0.0,0.0,0.0,0.0,0.0,0.0,0.0,0.0,0.0,0.0,0.0,0.0,0.0,0.0,0.0,0.0,0.0,0.0,0.0,0.0,0.0,0.0,0.0,0.0,0.0
56,ABT,Bear Call Spread,28.2,-572.9999999999999,572.9999999999999,327.0000000000001,39.66,60.34,0.0862385321100917,-54.00000000000005,6.0,-2.9999999999999973,3.0000000000000027,0.0,0.0,0.0,-3.0,0.0,0.0,0.0,0.0,0.0,3.0,0.0,0.0,0.0,0.0,0.0,0.0,0.0,0.0,0.0,0.0,0.0,0.0,0.0,0.0,0.0,0.0,0.0,0.0,0.0,0.0,0.0,0.0,0.0,0.0,0.0
58,ABT,Bear Call Spread,46.99,-955.0,955.0,545.0000000000027,39.66,60.34,0.0862201834862381,-89.99999999999999,10.000000000000004,-4.999999999999999,5.000000000000004,0.0,0.0,0.0,-5.0,0.0,0.0,0.0,0.0,0.0,5.0,0.0,0.0,0.0,0.0,0.0,0.0,0.0,0.0,0.0,0.0,0.0,0.0,0.0,0.0,0.0,0.0,0.0,0.0,0.0,0.0,0.0,0.0,0.0,0.0,0.0
57,ABT,Bear Call Spread,37.59,-764.0000000000002,764.0000000000002,435.9999999999998,39.66,60.34,0.08621559633027528,-72.00000000000001,8.000000000000002,-3.9999999999999982,4.0000000000000036,0.0,0.0,0.0,-4.0,0.0,0.0,0.0,0.0,0.0,4.0,0.0,0.0,0.0,0.0,0.0,0.0,0.0,0.0,0.0,0.0,0.0,0.0,0.0,0.0,0.0,0.0,0.0,0.0,0.0,0.0,0.0,0.0,0.0,0.0,0.0
4,ABT,Bear Call Spread,24.11,305.0,4782.500000000139,305.0,47.65,52.35,0.07904918032786885,61.0,7.000000000000001,-8.0,7.000000000000001,2.0,0.0,0.0,0.0,0.0,0.0,0.0,0.0,1.0,0.0,0.0,0.0,0.0,0.0,0.0,0.0,0.0,0.0,0.0,0.0,0.0,0.0,0.0,0.0,0.0,0.0,0.0,0.0,0.0,0.0,0.0,0.0,0.0,0.0,0.0
5,ABT,Bear Call Spread,48.21,610.0,9565.000000000278,610.0,47.65,52.35,0.0790327868852459,122.0,14.000000000000002,-16.0,14.000000000000002,4.0,0.0,0.0,0.0,0.0,0.0,0.0,0.0,2.0,0.0,0.0,0.0,0.0,0.0,0.0,0.0,0.0,0.0,0.0,0.0,0.0,0.0,0.0,0.0,0.0,0.0,0.0,0.0,0.0,0.0,0.0,0.0,0.0,0.0,0.0
27,ABT,Bear Call Spread,21.12,-480.0000000000001,480.0000000000001,269.9999999999999,38.92,61.08,0.07822222222222226,-41.99999999999999,6.0,-6.0,6.0,0.0,0.0,-3.0,0.0,0.0,0.0,0.0,3.0,0.0,0.0,0.0,0.0,0.0,0.0,0.0,0.0,0.0,0.0,0.0,0.0,0.0,0.0,0.0,0.0,0.0,0.0,0.0,0.0,0.0,0.0,0.0,0.0,0.0,0.0,0.0
28,ABT,Bear Call Spread,28.16,-640.0,640.0,360.0,38.92,61.08,0.07822222222222222,-56.00000000000001,8.000000000000002,-8.000000000000002,8.000000000000002,0.0,0.0,-4.0,0.0,0.0,0.0,0.0,4.0,0.0,0.0,0.0,0.0,0.0,0.0,0.0,0.0,0.0,0.0,0.0,0.0,0.0,0.0,0.0,0.0,0.0,0.0,0.0,0.0,0.0,0.0,0.0,0.0,0.0,0.0,0.0
26,ABT,Bear Call Spread,14.08,-320.0,320.0,180.0,38.92,61.08,0.07822222222222222,-28.000000000000004,4.000000000000001,-4.000000000000001,4.000000000000001,0.0,0.0,-2.0,0.0,0.0,0.0,0.0,2.0,0.0,0.0,0.0,0.0,0.0,0.0,0.0,0.0,0.0,0.0,0.0,0.0,0.0,0.0,0.0,0.0,0.0,0.0,0.0,0.0,0.0,0.0,0.0,0.0,0.0,0.0,0.0
25,ABT,Bear Call Spread,7.04,-160.0,160.0,90.0,38.92,61.08,0.07822222222222222,-14.000000000000002,2.0000000000000004,-2.0000000000000004,2.0000000000000004,0.0,0.0,-1.0,0.0,0.0,0.0,0.0,1.0,0.0,0.0,0.0,0.0,0.0,0.0,0.0,0.0,0.0,0.0,0.0,0.0,0.0,0.0,0.0,0.0,0.0,0.0,0.0,0.0,0.0,0.0,0.0,0.0,0.0,0.0,0.0
29,ABT,Bear Call Spread,35.2,-800.0,800.0,450.00000000000273,38.92,61.08,0.07822222222222175,-70.00000000000001,10.000000000000004,-10.000000000000004,10.000000000000004,0.0,0.0,-5.0,0.0,0.0,0.0,0.0,5.0,0.0,0.0,0.0,0.0,0.0,0.0,0.0,0.0,0.0,0.0,0.0,0.0,0.0,0.0,0.0,0.0,0.0,0.0,0.0,0.0,0.0,0.0,0.0,0.0,0.0,0.0,0.0
17,ABT,Bear Call Spread,26.62,352.0,9323.000000000278,352.0,39.07,60.93,0.075625,86.0,16.0,-16.0,14.000000000000002,2.0,0.0,0.0,0.0,0.0,0.0,0.0,0.0,0.0,0.0,0.0,0.0,0.0,2.0,0.0,0.0,0.0,0.0,0.0,0.0,0.0,0.0,0.0,0.0,0.0,0.0,0.0,0.0,0.0,0.0,0.0,0.0,0.0,0.0,0.0
16,ABT,Bear Call Spread,13.31,176.0,4661.500000000139,176.0,39.07,60.93,0.075625,43.0,8.0,-8.0,7.000000000000001,1.0,0.0,0.0,0.0,0.0,0.0,0.0,0.0,0.0,0.0,0.0,0.0,0.0,1.0,0.0,0.0,0.0,0.0,0.0,0.0,0.0,0.0,0.0,0.0,0.0,0.0,0.0,0.0,0.0,0.0,0.0,0.0,0.0,0.0,0.0
19,ABT,Bear Call Spread,53.23,704.0,18646.000000000557,704.0,39.07,60.93,0.07561079545454545,172.0,32.0,-32.0,28.000000000000004,4.0,0.0,0.0,0.0,0.0,0.0,0.0,0.0,0.0,0.0,0.0,0.0,0.0,4.0,0.0,0.0,0.0,0.0,0.0,0.0,0.0,0.0,0.0,0.0,0.0,0.0,0.0,0.0,0.0,0.0,0.0,0.0,0.0,0.0,0.0
18,ABT,Bear Call Spread,39.92,528.0,13984.500000000418,528.0,39.07,60.93,0.07560606060606061,129.0,24.0,-24.0,21.000000000000004,3.0,0.0,0.0,0.0,0.0,0.0,0.0,0.0,0.0,0.0,0.0,0.0,0.0,3.0,0.0,0.0,0.0,0.0,0.0,0.0,0.0,0.0,0.0,0.0,0.0,0.0,0.0,0.0,0.0,0.0,0.0,0.0,0.0,0.0,0.0
3,ABT,Bear Call Spread,48.11,670.0,9605.000000000278,670.0,48.88,51.12,0.07180597014925373,130.0,14.000000000000002,-16.0,14.000000000000002,4.0,0.0,0.0,0.0,0.0,0.0,0.0,2.0,0.0,0.0,0.0,0.0,0.0,0.0,0.0,0.0,0.0,0.0,0.0,0.0,0.0,0.0,0.0,0.0,0.0,0.0,0.0,0.0,0.0,0.0,0.0,0.0,0.0,0.0,0.0
2,ABT,Bear Call Spread,24.05,335.0,4802.500000000139,335.0,48.88,51.12,0.0717910447761194,65.0,7.000000000000001,-8.0,7.000000000000001,2.0,0.0,0.0,0.0,0.0,0.0,0.0,1.0,0.0,0.0,0.0,0.0,0.0,0.0,0.0,0.0,0.0,0.0,0.0,0.0,0.0,0.0,0.0,0.0,0.0,0.0,0.0,0.0,0.0,0.0,0.0,0.0,0.0,0.0,0.0
67,ABT,Bear Call Spread,41.33,-996.0000000000002,996.0000000000002,603.9999999999998,40.55,59.45,0.06842715231788082,-104.0,12.0,-3.9999999999999982,4.0000000000000036,0.0,0.0,0.0,-4.0,0.0,0.0,0.0,0.0,0.0,0.0,0.0,4.0,0.0,0.0,0.0,0.0,0.0,0.0,0.0,0.0,0.0,0.0,0.0,0.0,0.0,0.0,0.0,0.0,0.0,0.0,0.0,0.0,0.0,0.0,0.0
65,ABT,Bear Call Spread,20.66,-498.0000000000001,498.0000000000001,301.9999999999999,40.55,59.45,0.06841059602649009,-52.0,6.0,-1.9999999999999991,2.0000000000000018,0.0,0.0,0.0,-2.0,0.0,0.0,0.0,0.0,0.0,0.0,0.0,2.0,0.0,0.0,0.0,0.0,0.0,0.0,0.0,0.0,0.0,0.0,0.0,0.0,0.0,0.0,0.0,0.0,0.0,0.0,0.0,0.0,0.0,0.0,0.0
64,ABT,Bear Call Spread,10.33,-249.00000000000006,249.00000000000006,150.99999999999994,40.55,59.45,0.06841059602649009,-26.0,3.0,-0.9999999999999996,1.0000000000000009,0.0,0.0,0.0,-1.0,0.0,0.0,0.0,0.0,0.0,0.0,0.0,1.0,0.0,0.0,0.0,0.0,0.0,0.0,0.0,0.0,0.0,0.0,0.0,0.0,0.0,0.0,0.0,0.0,0.0,0.0,0.0,0.0,0.0,0.0,0.0
66,ABT,Bear Call Spread,30.99,-747.0,747.0,453.0,40.55,59.45,0.06841059602649006,-78.00000000000003,8.999999999999996,-2.9999999999999973,3.0000000000000027,0.0,0.0,0.0,-3.0,0.0,0.0,0.0,0.0,0.0,0.0,0.0,3.0,0.0,0.0,0.0,0.0,0.0,0.0,0.0,0.0,0.0,0.0,0.0,0.0,0.0,0.0,0.0,0.0,0.0,0.0,0.0,0.0,0.0,0.0,0.0
37,ABT,Bear Call Spread,25.77,-663.0000000000001,663.0000000000001,386.9999999999999,39.43,60.57,0.06658914728682172,-63.000000000000036,6.0,-6.0,6.0,0.0,0.0,-3.0,0.0,0.0,0.0,0.0,0.0,0.0,3.0,0.0,0.0,0.0,0.0,0.0,0.0,0.0,0.0,0.0,0.0,0.0,0.0,0.0,0.0,0.0,0.0,0.0,0.0,0.0,0.0,0.0,0.0,0.0,0.0,0.0
36,ABT,Bear Call Spread,17.18,-442.0,442.0,258.0,39.43,60.57,0.0665891472868217,-42.000000000000014,4.000000000000001,-4.000000000000001,4.000000000000001,0.0,0.0,-2.0,0.0,0.0,0.0,0.0,0.0,0.0,2.0,0.0,0.0,0.0,0.0,0.0,0.0,0.0,0.0,0.0,0.0,0.0,0.0,0.0,0.0,0.0,0.0,0.0,0.0,0.0,0.0,0.0,0.0,0.0,0.0,0.0
35,ABT,Bear Call Spread,8.59,-221.0,221.0,129.0,39.43,60.57,0.0665891472868217,-21.000000000000007,2.0000000000000004,-2.0000000000000004,2.0000000000000004,0.0,0.0,-1.0,0.0,0.0,0.0,0.0,0.0,0.0,1.0,0.0,0.0,0.0,0.0,0.0,0.0,0.0,0.0,0.0,0.0,0.0,0.0,0.0,0.0,0.0,0.0,0.0,0.0,0.0,0.0,0.0,0.0,0.0,0.0,0.0
39,ABT,Bear Call Spread,42.94,-1105.0,1105.0,645.0000000000027,39.43,60.57,0.06657364341085242,-105.00000000000003,10.000000000000004,-10.000000000000004,10.000000000000004,0.0,0.0,-5.0,0.0,0.0,0.0,0.0,0.0,0.0,5.0,0.0,0.0,0.0,0.0,0.0,0.0,0.0,0.0,0.0,0.0,0.0,0.0,0.0,0.0,0.0,0.0,0.0,0.0,0.0,0.0,0.0,0.0,0.0,0.0,0.0
38,ABT,Bear Call Spread,34.35,-884.0,884.0,516.0,39.43,60.57,0.06656976744186047,-84.00000000000003,8.000000000000002,-8.000000000000002,8.000000000000002,0.0,0.0,-4.0,0.0,0.0,0.0,0.0,0.0,0.0,4.0,0.0,0.0,0.0,0.0,0.0,0.0,0.0,0.0,0.0,0.0,0.0,0.0,0.0,0.0,0.0,0.0,0.0,0.0,0.0,0.0,0.0,0.0,0.0,0.0,0.0
8,ABT,Bear Call Spread,16.69,254.0,4733.500000000139,254.0,44.29,55.71,0.06570866141732284,54.0,7.000000000000001,-8.0,7.000000000000001,2.0,0.0,0.0,0.0,0.0,0.0,0.0,0.0,0.0,0.0,1.0,0.0,0.0,0.0,0.0,0.0,0.0,0.0,0.0,0.0,0.0,0.0,0.0,0.0,0.0,0.0,0.0,0.0,0.0,0.0,0.0,0.0,0.0,0.0,0.0
9,ABT,Bear Call Spread,33.37,508.0,9467.000000000278,508.0,44.29,55.71,0.06568897637795275,108.0,14.000000000000002,-16.0,14.000000000000002,4.0,0.0,0.0,0.0,0.0,0.0,0.0,0.0,0.0,0.0,2.0,0.0,0.0,0.0,0.0,0.0,0.0,0.0,0.0,0.0,0.0,0.0,0.0,0.0,0.0,0.0,0.0,0.0,0.0,0.0,0.0,0.0,0.0,0.0,0.0
31,ABT,Bear Call Spread,14.19,-380.0,380.0,220.0,39.15,60.85,0.0645,-36.00000000000001,4.000000000000001,-4.000000000000001,4.000000000000001,0.0,0.0,-2.0,0.0,0.0,0.0,0.0,0.0,2.0,0.0,0.0,0.0,0.0,0.0,0.0,0.0,0.0,0.0,0.0,0.0,0.0,0.0,0.0,0.0,0.0,0.0,0.0,0.0,0.0,0.0,0.0,0.0,0.0,0.0,0.0
34,ABT,Bear Call Spread,35.47,-950.0,950.0,550.0000000000027,39.15,60.85,0.06449090909090877,-90.00000000000003,10.000000000000004,-10.000000000000004,10.000000000000004,0.0,0.0,-5.0,0.0,0.0,0.0,0.0,0.0,5.0,0.0,0.0,0.0,0.0,0.0,0.0,0.0,0.0,0.0,0.0,0.0,0.0,0.0,0.0,0.0,0.0,0.0,0.0,0.0,0.0,0.0,0.0,0.0,0.0,0.0,0.0
32,ABT,Bear Call Spread,21.28,-570.0000000000003,570.0000000000003,329.99999999999966,39.15,60.85,0.06448484848484856,-54.0,6.0,-6.0,6.0,0.0,0.0,-3.0,0.0,0.0,0.0,0.0,0.0,3.0,0.0,0.0,0.0,0.0,0.0,0.0,0.0,0.0,0.0,0.0,0.0,0.0,0.0,0.0,0.0,0.0,0.0,0.0,0.0,0.0,0.0,0.0,0.0,0.0,0.0,0.0
33,ABT,Bear Call Spread,28.37,-760.0,760.0,440.0,39.15,60.85,0.06447727272727273,-72.00000000000001,8.000000000000002,-8.000000000000002,8.000000000000002,0.0,0.0,-4.0,0.0,0.0,0.0,0.0,0.0,4.0,0.0,0.0,0.0,0.0,0.0,0.0,0.0,0.0,0.0,0.0,0.0,0.0,0.0,0.0,0.0,0.0,0.0,0.0,0.0,0.0,0.0,0.0,0.0,0.0,0.0,0.0
30,ABT,Bear Call Spread,7.09,-190.0,190.0,110.0,39.15,60.85,0.06445454545454546,-18.000000000000004,2.0000000000000004,-2.0000000000000004,2.0000000000000004,0.0,0.0,-1.0,0.0,0.0,0.0,0.0,0.0,1.0,0.0,0.0,0.0,0.0,0.0,0.0,0.0,0.0,0.0,0.0,0.0,0.0,0.0,0.0,0.0,0.0,0.0,0.0,0.0,0.0,0.0,0.0,0.0,0.0,0.0,0.0
43,ABT,Bear Call Spread,38.09,-1116.0,1116.0,684.0,40.21,59.79,0.05568713450292398,-116.00000000000001,12.0,-8.000000000000002,8.000000000000002,0.0,0.0,-4.0,0.0,0.0,0.0,0.0,0.0,0.0,0.0,0.0,4.0,0.0,0.0,0.0,0.0,0.0,0.0,0.0,0.0,0.0,0.0,0.0,0.0,0.0,0.0,0.0,0.0,0.0,0.0,0.0,0.0,0.0,0.0,0.0
42,ABT,Bear Call Spread,28.56,-837.0000000000002,837.0000000000002,512.9999999999998,40.21,59.79,0.05567251461988306,-87.00000000000001,8.999999999999996,-6.0,6.0,0.0,0.0,-3.0,0.0,0.0,0.0,0.0,0.0,0.0,0.0,0.0,3.0,0.0,0.0,0.0,0.0,0.0,0.0,0.0,0.0,0.0,0.0,0.0,0.0,0.0,0.0,0.0,0.0,0.0,0.0,0.0,0.0,0.0,0.0,0.0
41,ABT,Bear Call Spread,19.04,-558.0,558.0,342.0,40.21,59.79,0.05567251461988304,-58.00000000000001,6.0,-4.000000000000001,4.000000000000001,0.0,0.0,-2.0,0.0,0.0,0.0,0.0,0.0,0.0,0.0,0.0,2.0,0.0,0.0,0.0,0.0,0.0,0.0,0.0,0.0,0.0,0.0,0.0,0.0,0.0,0.0,0.0,0.0,0.0,0.0,0.0,0.0,0.0,0.0,0.0
40,ABT,Bear Call Spread,9.52,-279.0,279.0,171.0,40.21,59.79,0.05567251461988304,-29.000000000000004,3.0,-2.0000000000000004,2.0000000000000004,0.0,0.0,-1.0,0.0,0.0,0.0,0.0,0.0,0.0,0.0,0.0,1.0,0.0,0.0,0.0,0.0,0.0,0.0,0.0,0.0,0.0,0.0,0.0,0.0,0.0,0.0,0.0,0.0,0.0,0.0,0.0,0.0,0.0,0.0,0.0
20,ABT,Bear Call Spread,3.57,138.0,4599.500000000139,138.0,33.46,66.54,0.025869565217391303,36.0,7.000000000000001,-8.0,7.000000000000001,1.0,0.0,0.0,0.0,0.0,0.0,0.0,0.0,0.0,0.0,0.0,0.0,0.0,0.0,1.0,0.0,0.0,0.0,0.0,0.0,0.0,0.0,0.0,0.0,0.0,0.0,0.0,0.0,0.0,0.0,0.0,0.0,0.0,0.0,0.0
24,ABT,Bear Call Spread,17.84,690.0,22997.500000000695,690.0,33.46,66.54,0.025855072463768117,179.99999999999997,35.0,-40.0,35.0,5.0,0.0,0.0,0.0,0.0,0.0,0.0,0.0,0.0,0.0,0.0,0.0,0.0,0.0,5.0,0.0,0.0,0.0,0.0,0.0,0.0,0.0,0.0,0.0,0.0,0.0,0.0,0.0,0.0,0.0,0.0,0.0,0.0,0.0,0.0
23,ABT,Bear Call Spread,14.27,552.0,18398.000000000557,552.0,33.46,66.54,0.02585144927536232,144.0,28.000000000000004,-32.0,28.000000000000004,4.0,0.0,0.0,0.0,0.0,0.0,0.0,0.0,0.0,0.0,0.0,0.0,0.0,0.0,4.0,0.0,0.0,0.0,0.0,0.0,0.0,0.0,0.0,0.0,0.0,0.0,0.0,0.0,0.0,0.0,0.0,0.0,0.0,0.0,0.0
22,ABT,Bear Call Spread,10.7,413.99999999999994,13798.500000000418,413.99999999999994,33.46,66.54,0.025845410628019327,108.0,21.000000000000004,-24.0,21.000000000000004,3.0,0.0,0.0,0.0,0.0,0.0,0.0,0.0,0.0,0.0,0.0,0.0,0.0,0.0,3.0,0.0,0.0,0.0,0.0,0.0,0.0,0.0,0.0,0.0,0.0,0.0,0.0,0.0,0.0,0.0,0.0,0.0,0.0,0.0,0.0
21,ABT,Bear Call Spread,7.13,276.0,9199.000000000278,276.0,33.46,66.54,0.025833333333333333,72.0,14.000000000000002,-16.0,14.000000000000002,2.0,0.0,0.0,0.0,0.0,0.0,0.0,0.0,0.0,0.0,0.0,0.0,0.0,0.0,2.0,0.0,0.0,0.0,0.0,0.0,0.0,0.0,0.0,0.0,0.0,0.0,0.0,0.0,0.0,0.0,0.0,0.0,0.0,0.0,0.0
1,ABT,Bear Call Spread,9.32,380.0,4807.500000000139,380.0,48.88,51.12,0.024526315789473684,68.0,6.0,-8.0,7.000000000000001,2.0,0.0,0.0,0.0,0.0,0.0,1.0,0.0,0.0,0.0,0.0,0.0,0.0,0.0,0.0,0.0,0.0,0.0,0.0,0.0,0.0,0.0,0.0,0.0,0.0,0.0,0.0,0.0,0.0,0.0,0.0,0.0,0.0,0.0,0.0
15,ABT,Bear Call Spread,7.02,639.0,14023.500000000418,639.0,39.85,60.15,0.010985915492957746,141.0,21.000000000000004,-24.0,21.000000000000004,6.0,0.0,0.0,0.0,0.0,0.0,0.0,0.0,0.0,0.0,0.0,0.0,3.0,0.0,0.0,0.0,0.0,0.0,0.0,0.0,0.0,0.0,0.0,0.0,0.0,0.0,0.0,0.0,0.0,0.0,0.0,0.0,0.0,0.0,0.0
14,ABT,Bear Call Spread,4.68,426.0,9349.000000000278,426.0,39.85,60.15,0.010985915492957746,94.0,14.000000000000002,-16.0,14.000000000000002,4.0,0.0,0.0,0.0,0.0,0.0,0.0,0.0,0.0,0.0,0.0,0.0,2.0,0.0,0.0,0.0,0.0,0.0,0.0,0.0,0.0,0.0,0.0,0.0,0.0,0.0,0.0,0.0,0.0,0.0,0.0,0.0,0.0,0.0,0.0
13,ABT,Bear Call Spread,2.34,213.0,4674.500000000139,213.0,39.85,60.15,0.010985915492957746,47.0,7.000000000000001,-8.0,7.000000000000001,2.0,0.0,0.0,0.0,0.0,0.0,0.0,0.0,0.0,0.0,0.0,0.0,1.0,0.0,0.0,0.0,0.0,0.0,0.0,0.0,0.0,0.0,0.0,0.0,0.0,0.0,0.0,0.0,0.0,0.0,0.0,0.0,0.0,0.0,0.0
60,ABT,Bear Call Spread,0.97,-422.0000000000001,422.0000000000001,277.9999999999999,39.92,60.08,0.0034892086330935265,-43.99999999999999,4.000000000000001,-1.9999999999999991,2.0000000000000018,0.0,0.0,0.0,-2.0,0.0,0.0,0.0,0.0,0.0,0.0,2.0,0.0,0.0,0.0,0.0,0.0,0.0,0.0,0.0,0.0,0.0,0.0,0.0,0.0,0.0,0.0,0.0,0.0,0.0,0.0,0.0,0.0,0.0,0.0,0.0
63,ABT,Bear Call Spread,2.42,-1055.0,1055.0,695.0000000000027,39.92,60.08,0.0034820143884891947,-109.99999999999997,10.000000000000004,-4.999999999999999,5.000000000000004,0.0,0.0,0.0,-5.0,0.0,0.0,0.0,0.0,0.0,0.0,5.0,0.0,0.0,0.0,0.0,0.0,0.0,0.0,0.0,0.0,0.0,0.0,0.0,0.0,0.0,0.0,0.0,0.0,0.0,0.0,0.0,0.0,0.0,0.0,0.0
61,ABT,Bear Call Spread,1.45,-633.0,633.0,417.0,39.92,60.08,0.003477218225419664,-66.00000000000001,6.0,-2.9999999999999973,3.0000000000000027,0.0,0.0,0.0,-3.0,0.0,0.0,0.0,0.0,0.0,0.0,3.0,0.0,0.0,0.0,0.0,0.0,0.0,0.0,0.0,0.0,0.0,0.0,0.0,0.0,0.0,0.0,0.0,0.0,0.0,0.0,0.0,0.0,0.0,0.0,0.0
62,ABT,Bear Call Spread,1.93,-844.0000000000002,844.0000000000002,555.9999999999998,39.92,60.08,0.003471223021582735,-87.99999999999999,8.000000000000002,-3.9999999999999982,4.0000000000000036,0.0,0.0,0.0,-4.0,0.0,0.0,0.0,0.0,0.0,0.0,4.0,0.0,0.0,0.0,0.0,0.0,0.0,0.0,0.0,0.0,0.0,0.0,0.0,0.0,0.0,0.0,0.0,0.0,0.0,0.0,0.0,0.0,0.0,0.0,0.0
59,ABT,Bear Call Spread,0.48,-211.00000000000006,211.00000000000006,138.99999999999994,39.92,60.08,0.003453237410071944,-21.999999999999996,2.0000000000000004,-0.9999999999999996,1.0000000000000009,0.0,0.0,0.0,-1.0,0.0,0.0,0.0,0.0,0.0,0.0,1.0,0.0,0.0,0.0,0.0,0.0,0.0,0.0,0.0,0.0,0.0,0.0,0.0,0.0,0.0,0.0,0.0,0.0,0.0,0.0,0.0,0.0,0.0,0.0,0.0
0,ABT,Bear Call Spread,0.46,450.0,4837.500000000139,450.0,50.62,49.38,0.0010222222222222223,74.0,6.0,-7.000000000000001,6.0,2.0,0.0,0.0,0.0,1.0,0.0,0.0,0.0,0.0,0.0,0.0,0.0,0.0,0.0,0.0,0.0,0.0,0.0,0.0,0.0,0.0,0.0,0.0,0.0,0.0,0.0,0.0,0.0,0.0,0.0,0.0,0.0,0.0,0.0,0.0
1,ABT,Bull Put Spread,12.3,-590.0,590.0,510.0,50.62,49.38,0.024117647058823532,80.0,2.0000000000000018,-4.000000000000001,4.000000000000001,3.9999999999999996,0.0,0.0,0.0,0.0,0.0,0.0,0.0,0.0,0.0,0.0,0.0,0.0,0.0,0.0,0.0,0.0,0.0,0.0,0.0,0.0,0.0,0.0,0.0,0.0,2.0,0.0,0.0,0.0,0.0,0.0,0.0,0.0,-2.0,0.0
0,ABT,Bull Put Spread,6.15,-295.0,295.0,255.0,50.62,49.38,0.024117647058823532,40.0,1.0000000000000009,-2.0000000000000004,2.0000000000000004,1.9999999999999998,0.0,0.0,0.0,0.0,0.0,0.0,0.0,0.0,0.0,0.0,0.0,0.0,0.0,0.0,0.0,0.0,0.0,0.0,0.0,0.0,0.0,0.0,0.0,0.0,1.0,0.0,0.0,0.0,0.0,0.0,0.0,0.0,-1.0,0.0
5,ABT,Bull Put Spread,1.46,-496.0,496.0,404.0,47.65,52.35,0.0036138613861386136,64.0,4.000000000000001,-4.000000000000001,4.000000000000001,1.9999999999999998,0.0,0.0,0.0,0.0,0.0,0.0,0.0,0.0,0.0,0.0,0.0,0.0,0.0,0.0,0.0,0.0,0.0,0.0,0.0,0.0,0.0,0.0,0.0,0.0,0.0,0.0,2.0,0.0,0.0,0.0,0.0,0.0,-2.0,0.0
4,ABT,Bull Put Spread,0.73,-248.0,248.0,202.0,47.65,52.35,0.0036138613861386136,32.0,2.0000000000000004,-2.0000000000000004,2.0000000000000004,0.9999999999999999,0.0,0.0,0.0,0.0,0.0,0.0,0.0,0.0,0.0,0.0,0.0,0.0,0.0,0.0,0.0,0.0,0.0,0.0,0.0,0.0,0.0,0.0,0.0,0.0,0.0,0.0,1.0,0.0,0.0,0.0,0.0,0.0,-1.0,0.0
6,ABT,Bull Put Spread,2.19,-744.0,744.0,606.0000000000014,47.65,52.35,0.003613861386138606,95.99999999999997,6.0,-6.0,6.0,3.0,0.0,0.0,0.0,0.0,0.0,0.0,0.0,0.0,0.0,0.0,0.0,0.0,0.0,0.0,0.0,0.0,0.0,0.0,0.0,0.0,0.0,0.0,0.0,0.0,0.0,0.0,3.0,0.0,0.0,0.0,0.0,0.0,-3.0,0.0
2,ABT,Bull Put Spread,0.95,-365.0,365.0,285.0,48.88,51.12,0.003333333333333333,47.0,2.0000000000000004,-3.0,3.0000000000000004,1.9999999999999998,0.0,0.0,0.0,0.0,0.0,0.0,0.0,0.0,0.0,0.0,0.0,0.0,0.0,0.0,0.0,0.0,0.0,0.0,0.0,0.0,0.0,0.0,0.0,0.0,1.0,0.0,0.0,0.0,0.0,0.0,0.0,0.0,0.0,-1.0
3,ABT,Bull Put Spread,1.89,-730.0,730.0,570.0,48.88,51.12,0.0033157894736842103,94.0,4.000000000000001,-6.0,6.000000000000001,3.9999999999999996,0.0,0.0,0.0,0.0,0.0,0.0,0.0,0.0,0.0,0.0,0.0,0.0,0.0,0.0,0.0,0.0,0.0,0.0,0.0,0.0,0.0,0.0,0.0,0.0,2.0,0.0,0.0,0.0,0.0,0.0,0.0,0.0,0.0,-2.0
50,ABT,Bear Put Spread,33.81,162.0,338.0,162.0,39.43,60.57,0.20870370370370372,-28.000000000000004,4.000000000000001,-1.9999999999999991,2.0000000000000018,0.0,0.0,0.0,0.0,0.0,0.0,0.0,0.0,0.0,0.0,0.0,0.0,0.0,0.0,0.0,0.0,0.0,0.0,0.0,0.0,-2.0,0.0,0.0,0.0,0.0,2.0,0.0,0.0,0.0,0.0,0.0,0.0,0.0,0.0,0.0
53,ABT,Bear Put Spread,84.52,405.0,845.0000000000014,405.0,39.43,60.57,0.20869135802469135,-70.0,10.000000000000004,-4.999999999999999,5.000000000000004,0.0,0.0,0.0,0.0,0.0,0.0,0.0,0.0,0.0,0.0,0.0,0.0,0.0,0.0,0.0,0.0,0.0,0.0,0.0,0.0,-5.0,0.0,0.0,0.0,0.0,5.0,0.0,0.0,0.0,0.0,0.0,0.0,0.0,0.0,0.0
51,ABT,Bear Put Spread,50.71,243.00000000000009,507.00000000000125,243.00000000000009,39.43,60.57,0.2086831275720164,-42.000000000000014,6.0,-2.9999999999999973,3.0000000000000027,0.0,0.0,0.0,0.0,0.0,0.0,0.0,0.0,0.0,0.0,0.0,0.0,0.0,0.0,0.0,0.0,0.0,0.0,0.0,0.0,-3.0,0.0,0.0,0.0,0.0,3.0,0.0,0.0,0.0,0.0,0.0,0.0,0.0,0.0,0.0
52,ABT,Bear Put Spread,67.61,324.0,676.0,324.0,39.43,60.57,0.20867283950617282,-56.00000000000001,8.000000000000002,-3.9999999999999982,4.0000000000000036,0.0,0.0,0.0,0.0,0.0,0.0,0.0,0.0,0.0,0.0,0.0,0.0,0.0,0.0,0.0,0.0,0.0,0.0,0.0,0.0,-4.0,0.0,0.0,0.0,0.0,4.0,0.0,0.0,0.0,0.0,0.0,0.0,0.0,0.0,0.0
49,ABT,Bear Put Spread,16.9,81.0,169.0,81.0,39.43,60.57,0.20864197530864195,-14.000000000000002,2.0000000000000004,-0.9999999999999996,1.0000000000000009,0.0,0.0,0.0,0.0,0.0,0.0,0.0,0.0,0.0,0.0,0.0,0.0,0.0,0.0,0.0,0.0,0.0,0.0,0.0,0.0,-1.0,0.0,0.0,0.0,0.0,1.0,0.0,0.0,0.0,0.0,0.0,0.0,0.0,0.0,0.0
19,ABT,Bear Put Spread,109.35,565.0,1185.0000000000014,565.0,39.07,60.93,0.19353982300884956,-100.0,10.000000000000004,-10.000000000000004,10.000000000000004,0.0,0.0,0.0,0.0,0.0,0.0,0.0,0.0,0.0,0.0,0.0,0.0,0.0,0.0,0.0,0.0,0.0,0.0,-5.0,0.0,0.0,0.0,0.0,0.0,0.0,5.0,0.0,0.0,0.0,0.0,0.0,0.0,0.0,0.0,0.0
18,ABT,Bear Put Spread,87.48,452.0,948.0,452.0,39.07,60.93,0.19353982300884956,-80.0,8.000000000000002,-8.000000000000002,8.000000000000002,0.0,0.0,0.0,0.0,0.0,0.0,0.0,0.0,0.0,0.0,0.0,0.0,0.0,0.0,0.0,0.0,0.0,0.0,-4.0,0.0,0.0,0.0,0.0,0.0,0.0,4.0,0.0,0.0,0.0,0.0,0.0,0.0,0.0,0.0,0.0
16,ABT,Bear Put Spread,43.74,226.0,474.0,226.0,39.07,60.93,0.19353982300884956,-40.0,4.000000000000001,-4.000000000000001,4.000000000000001,0.0,0.0,0.0,0.0,0.0,0.0,0.0,0.0,0.0,0.0,0.0,0.0,0.0,0.0,0.0,0.0,0.0,0.0,-2.0,0.0,0.0,0.0,0.0,0.0,0.0,2.0,0.0,0.0,0.0,0.0,0.0,0.0,0.0,0.0,0.0
15,ABT,Bear Put Spread,21.87,113.0,237.0,113.0,39.07,60.93,0.19353982300884956,-20.0,2.0000000000000004,-2.0000000000000004,2.0000000000000004,0.0,0.0,0.0,0.0,0.0,0.0,0.0,0.0,0.0,0.0,0.0,0.0,0.0,0.0,0.0,0.0,0.0,0.0,-1.0,0.0,0.0,0.0,0.0,0.0,0.0,1.0,0.0,0.0,0.0,0.0,0.0,0.0,0.0,0.0,0.0
17,ABT,Bear Put Spread,65.61,339.00000000000006,711.0000000000014,339.00000000000006,39.07,60.93,0.19353982300884953,-60.00000000000001,6.0,-6.0,6.0,0.0,0.0,0.0,0.0,0.0,0.0,0.0,0.0,0.0,0.0,0.0,0.0,0.0,0.0,0.0,0.0,0.0,0.0,-3.0,0.0,0.0,0.0,0.0,0.0,0.0,3.0,0.0,0.0,0.0,0.0,0.0,0.0,0.0,0.0,0.0
28,ABT,Bear Put Spread,65.8,640.0,1160.0,640.0,39.66,60.34,0.1028125,-112.00000000000001,12.0,-8.000000000000002,8.000000000000002,-4.0,0.0,0.0,0.0,0.0,0.0,0.0,0.0,0.0,0.0,0.0,0.0,0.0,0.0,0.0,0.0,0.0,0.0,-4.0,0.0,0.0,0.0,0.0,0.0,0.0,0.0,0.0,4.0,0.0,0.0,0.0,0.0,0.0,0.0,0.0
27,ABT,Bear Put Spread,49.35,480.0,870.0000000000014,480.0,39.66,60.34,0.1028125,-84.00000000000001,8.999999999999996,-6.0,6.0,-3.0,0.0,0.0,0.0,0.0,0.0,0.0,0.0,0.0,0.0,0.0,0.0,0.0,0.0,0.0,0.0,0.0,0.0,-3.0,0.0,0.0,0.0,0.0,0.0,0.0,0.0,0.0,3.0,0.0,0.0,0.0,0.0,0.0,0.0,0.0
26,ABT,Bear Put Spread,32.9,320.0,580.0,320.0,39.66,60.34,0.1028125,-56.00000000000001,6.0,-4.000000000000001,4.000000000000001,-2.0,0.0,0.0,0.0,0.0,0.0,0.0,0.0,0.0,0.0,0.0,0.0,0.0,0.0,0.0,0.0,0.0,0.0,-2.0,0.0,0.0,0.0,0.0,0.0,0.0,0.0,0.0,2.0,0.0,0.0,0.0,0.0,0.0,0.0,0.0
25,ABT,Bear Put Spread,16.45,160.0,290.0,160.0,39.66,60.34,0.1028125,-28.000000000000004,3.0,-2.0000000000000004,2.0000000000000004,-1.0,0.0,0.0,0.0,0.0,0.0,0.0,0.0,0.0,0.0,0.0,0.0,0.0,0.0,0.0,0.0,0.0,0.0,-1.0,0.0,0.0,0.0,0.0,0.0,0.0,0.0,0.0,1.0,0.0,0.0,0.0,0.0,0.0,0.0,0.0
20,ABT,Bear Put Spread,14.37,141.0,259.0,141.0,39.33,60.67,0.10191489361702127,-24.0,2.0000000000000004,-2.0000000000000004,2.0000000000000004,-1.0,0.0,0.0,0.0,0.0,0.0,0.0,0.0,0.0,0.0,0.0,0.0,0.0,0.0,0.0,0.0,0.0,0.0,-1.0,0.0,0.0,0.0,0.0,0.0,0.0,0.0,1.0,0.0,0.0,0.0,0.0,0.0,0.0,0.0,0.0
22,ABT,Bear Put Spread,43.1,423.0,777.0000000000014,423.0,39.33,60.67,0.10189125295508275,-72.0,6.0,-6.0,6.0,-3.0,0.0,0.0,0.0,0.0,0.0,0.0,0.0,0.0,0.0,0.0,0.0,0.0,0.0,0.0,0.0,0.0,0.0,-3.0,0.0,0.0,0.0,0.0,0.0,0.0,0.0,3.0,0.0,0.0,0.0,0.0,0.0,0.0,0.0,0.0
24,ABT,Bear Put Spread,71.83,705.0,1295.0000000000014,705.0,39.33,60.67,0.10188652482269503,-120.00000000000001,10.000000000000004,-10.000000000000004,10.000000000000004,-5.0,0.0,0.0,0.0,0.0,0.0,0.0,0.0,0.0,0.0,0.0,0.0,0.0,0.0,0.0,0.0,0.0,0.0,-5.0,0.0,0.0,0.0,0.0,0.0,0.0,0.0,5.0,0.0,0.0,0.0,0.0,0.0,0.0,0.0,0.0
23,ABT,Bear Put Spread,57.46,564.0,1036.0,564.0,39.33,60.67,0.10187943262411348,-96.0,8.000000000000002,-8.000000000000002,8.000000000000002,-4.0,0.0,0.0,0.0,0.0,0.0,0.0,0.0,0.0,0.0,0.0,0.0,0.0,0.0,0.0,0.0,0.0,0.0,-4.0,0.0,0.0,0.0,0.0,0.0,0.0,0.0,4.0,0.0,0.0,0.0,0.0,0.0,0.0,0.0,0.0
21,ABT,Bear Put Spread,28.73,282.0,518.0,282.0,39.33,60.67,0.10187943262411348,-48.0,4.000000000000001,-4.000000000000001,4.000000000000001,-2.0,0.0,0.0,0.0,0.0,0.0,0.0,0.0,0.0,0.0,0.0,0.0,0.0,0.0,0.0,0.0,0.0,0.0,-2.0,0.0,0.0,0.0,0.0,0.0,0.0,0.0,2.0,0.0,0.0,0.0,0.0,0.0,0.0,0.0,0.0
60,ABT,Bear Put Spread,22.97,256.0,444.0,256.0,40.06,59.94,0.0897265625,-44.00000000000001,6.0,-1.9999999999999991,2.0000000000000018,-2.0,0.0,0.0,0.0,0.0,0.0,0.0,0.0,0.0,0.0,0.0,0.0,0.0,0.0,0.0,0.0,0.0,0.0,0.0,0.0,-2.0,0.0,0.0,0.0,0.0,0.0,0.0,2.0,0.0,0.0,0.0,0.0,0.0,0.0,0.0
63,ABT,Bear Put Spread,57.42,640.0,1110.0000000000014,640.0,40.06,59.94,0.08971875,-110.00000000000003,15.000000000000002,-4.999999999999999,5.000000000000004,-5.0,0.0,0.0,0.0,0.0,0.0,0.0,0.0,0.0,0.0,0.0,0.0,0.0,0.0,0.0,0.0,0.0,0.0,0.0,0.0,-5.0,0.0,0.0,0.0,0.0,0.0,0.0,5.0,0.0,0.0,0.0,0.0,0.0,0.0,0.0
61,ABT,Bear Put Spread,34.45,384.0,666.0000000000014,384.0,40.06,59.94,0.08971354166666667,-66.00000000000001,8.999999999999996,-2.9999999999999973,3.0000000000000027,-3.0,0.0,0.0,0.0,0.0,0.0,0.0,0.0,0.0,0.0,0.0,0.0,0.0,0.0,0.0,0.0,0.0,0.0,0.0,0.0,-3.0,0.0,0.0,0.0,0.0,0.0,0.0,3.0,0.0,0.0,0.0,0.0,0.0,0.0,0.0
62,ABT,Bear Put Spread,45.93,512.0,888.0,512.0,40.06,59.94,0.08970703125,-88.00000000000001,12.0,-3.9999999999999982,4.0000000000000036,-4.0,0.0,0.0,0.0,0.0,0.0,0.0,0.0,0.0,0.0,0.0,0.0,0.0,0.0,0.0,0.0,0.0,0.0,0.0,0.0,-4.0,0.0,0.0,0.0,0.0,0.0,0.0,4.0,0.0,0.0,0.0,0.0,0.0,0.0,0.0
59,ABT,Bear Put Spread,11.48,128.0,222.0,128.0,40.06,59.94,0.0896875,-22.000000000000004,3.0,-0.9999999999999996,1.0000000000000009,-1.0,0.0,0.0,0.0,0.0,0.0,0.0,0.0,0.0,0.0,0.0,0.0,0.0,0.0,0.0,0.0,0.0,0.0,0.0,0.0,-1.0,0.0,0.0,0.0,0.0,0.0,0.0,1.0,0.0,0.0,0.0,0.0,0.0,0.0,0.0
55,ABT,Bear Put Spread,18.8,218.0,382.0,218.0,39.66,60.34,0.08623853211009175,-36.0,4.000000000000001,-1.9999999999999991,2.0000000000000018,-2.0,0.0,0.0,0.0,0.0,0.0,0.0,0.0,0.0,0.0,0.0,0.0,0.0,0.0,0.0,0.0,0.0,0.0,0.0,0.0,-2.0,0.0,0.0,0.0,0.0,0.0,2.0,0.0,0.0,0.0,0.0,0.0,0.0,0.0,0.0
54,ABT,Bear Put Spread,9.4,109.0,191.0,109.0,39.66,60.34,0.08623853211009175,-18.0,2.0000000000000004,-0.9999999999999996,1.0000000000000009,-1.0,0.0,0.0,0.0,0.0,0.0,0.0,0.0,0.0,0.0,0.0,0.0,0.0,0.0,0.0,0.0,0.0,0.0,0.0,0.0,-1.0,0.0,0.0,0.0,0.0,0.0,1.0,0.0,0.0,0.0,0.0,0.0,0.0,0.0,0.0
56,ABT,Bear Put Spread,28.2,327.0,573.0000000000014,327.0,39.66,60.34,0.08623853211009173,-54.0,6.0,-2.9999999999999973,3.0000000000000027,-3.0,0.0,0.0,0.0,0.0,0.0,0.0,0.0,0.0,0.0,0.0,0.0,0.0,0.0,0.0,0.0,0.0,0.0,0.0,0.0,-3.0,0.0,0.0,0.0,0.0,0.0,3.0,0.0,0.0,0.0,0.0,0.0,0.0,0.0,0.0
58,ABT,Bear Put Spread,46.99,545.0,955.0000000000014,545.0,39.66,60.34,0.08622018348623854,-90.00000000000001,10.000000000000004,-4.999999999999999,5.000000000000004,-5.0,0.0,0.0,0.0,0.0,0.0,0.0,0.0,0.0,0.0,0.0,0.0,0.0,0.0,0.0,0.0,0.0,0.0,0.0,0.0,-5.0,0.0,0.0,0.0,0.0,0.0,5.0,0.0,0.0,0.0,0.0,0.0,0.0,0.0,0.0
57,ABT,Bear Put Spread,37.59,436.0,764.0,436.0,39.66,60.34,0.08621559633027524,-72.0,8.000000000000002,-3.9999999999999982,4.0000000000000036,-4.0,0.0,0.0,0.0,0.0,0.0,0.0,0.0,0.0,0.0,0.0,0.0,0.0,0.0,0.0,0.0,0.0,0.0,0.0,0.0,-4.0,0.0,0.0,0.0,0.0,0.0,4.0,0.0,0.0,0.0,0.0,0.0,0.0,0.0,0.0
31,ABT,Bear Put Spread,45.9,549.0,951.0000000000014,549.0,39.92,60.08,0.08360655737704918,-96.0,8.999999999999996,-6.0,6.0,-3.0,0.0,0.0,0.0,0.0,0.0,0.0,0.0,0.0,0.0,0.0,0.0,0.0,0.0,0.0,0.0,0.0,0.0,-3.0,0.0,0.0,0.0,0.0,0.0,0.0,0.0,0.0,0.0,3.0,0.0,0.0,0.0,0.0,0.0,0.0
30,ABT,Bear Put Spread,30.6,366.0,634.0,366.0,39.92,60.08,0.08360655737704918,-64.0,6.0,-4.000000000000001,4.000000000000001,-2.0,0.0,0.0,0.0,0.0,0.0,0.0,0.0,0.0,0.0,0.0,0.0,0.0,0.0,0.0,0.0,0.0,0.0,-2.0,0.0,0.0,0.0,0.0,0.0,0.0,0.0,0.0,0.0,2.0,0.0,0.0,0.0,0.0,0.0,0.0
29,ABT,Bear Put Spread,15.3,183.0,317.0,183.0,39.92,60.08,0.08360655737704918,-32.0,3.0,-2.0000000000000004,2.0000000000000004,-1.0,0.0,0.0,0.0,0.0,0.0,0.0,0.0,0.0,0.0,0.0,0.0,0.0,0.0,0.0,0.0,0.0,0.0,-1.0,0.0,0.0,0.0,0.0,0.0,0.0,0.0,0.0,0.0,1.0,0.0,0.0,0.0,0.0,0.0,0.0
32,ABT,Bear Put Spread,61.19,732.0,1268.0,732.0,39.92,60.08,0.08359289617486339,-128.0,12.0,-8.000000000000002,8.000000000000002,-4.0,0.0,0.0,0.0,0.0,0.0,0.0,0.0,0.0,0.0,0.0,0.0,0.0,0.0,0.0,0.0,0.0,0.0,-4.0,0.0,0.0,0.0,0.0,0.0,0.0,0.0,0.0,0.0,4.0,0.0,0.0,0.0,0.0,0.0,0.0
10,ABT,Bear Put Spread,8.82,106.0,194.0,106.0,38.8,61.2,0.08320754716981132,-17.0,2.0000000000000004,-2.0000000000000004,2.0000000000000004,0.0,0.0,0.0,0.0,0.0,0.0,0.0,0.0,0.0,0.0,0.0,0.0,0.0,0.0,0.0,0.0,0.0,0.0,-1.0,0.0,0.0,0.0,0.0,0.0,1.0,0.0,0.0,0.0,0.0,0.0,0.0,0.0,0.0,0.0,0.0
13,ABT,Bear Put Spread,35.27,424.0,776.0,424.0,38.8,61.2,0.08318396226415095,-68.0,8.000000000000002,-8.000000000000002,8.000000000000002,0.0,0.0,0.0,0.0,0.0,0.0,0.0,0.0,0.0,0.0,0.0,0.0,0.0,0.0,0.0,0.0,0.0,0.0,-4.0,0.0,0.0,0.0,0.0,0.0,4.0,0.0,0.0,0.0,0.0,0.0,0.0,0.0,0.0,0.0,0.0
12,ABT,Bear Put Spread,26.45,317.99999999999994,582.0000000000014,317.99999999999994,38.8,61.2,0.08317610062893083,-50.99999999999998,6.0,-6.0,6.0,0.0,0.0,0.0,0.0,0.0,0.0,0.0,0.0,0.0,0.0,0.0,0.0,0.0,0.0,0.0,0.0,0.0,0.0,-3.0,0.0,0.0,0.0,0.0,0.0,3.0,0.0,0.0,0.0,0.0,0.0,0.0,0.0,0.0,0.0,0.0
14,ABT,Bear Put Spread,44.08,530.0,970.0000000000014,530.0,38.8,61.2,0.08316981132075471,-85.00000000000001,10.000000000000004,-10.000000000000004,10.000000000000004,0.0,0.0,0.0,0.0,0.0,0.0,0.0,0.0,0.0,0.0,0.0,0.0,0.0,0.0,0.0,0.0,0.0,0.0,-5.0,0.0,0.0,0.0,0.0,0.0,5.0,0.0,0.0,0.0,0.0,0.0,0.0,0.0,0.0,0.0,0.0
11,ABT,Bear Put Spread,17.63,212.0,388.0,212.0,38.8,61.2,0.08316037735849056,-34.0,4.000000000000001,-4.000000000000001,4.000000000000001,0.0,0.0,0.0,0.0,0.0,0.0,0.0,0.0,0.0,0.0,0.0,0.0,0.0,0.0,0.0,0.0,0.0,0.0,-2.0,0.0,0.0,0.0,0.0,0.0,2.0,0.0,0.0,0.0,0.0,0.0,0.0,0.0,0.0,0.0,0.0
67,ABT,Bear Put Spread,41.33,604.0,996.0,604.0,40.55,59.45,0.0684271523178808,-104.0,12.0,-3.9999999999999982,4.0000000000000036,-4.0,0.0,0.0,0.0,0.0,0.0,0.0,0.0,0.0,0.0,0.0,0.0,0.0,0.0,0.0,0.0,0.0,0.0,0.0,0.0,-4.0,0.0,0.0,0.0,0.0,0.0,0.0,0.0,4.0,0.0,0.0,0.0,0.0,0.0,0.0
66,ABT,Bear Put Spread,30.99,453.0,747.0000000000014,453.0,40.55,59.45,0.06841059602649006,-78.0,8.999999999999996,-2.9999999999999973,3.0000000000000027,-3.0,0.0,0.0,0.0,0.0,0.0,0.0,0.0,0.0,0.0,0.0,0.0,0.0,0.0,0.0,0.0,0.0,0.0,0.0,0.0,-3.0,0.0,0.0,0.0,0.0,0.0,0.0,0.0,3.0,0.0,0.0,0.0,0.0,0.0,0.0
65,ABT,Bear Put Spread,20.66,302.0,498.0,302.0,40.55,59.45,0.06841059602649006,-52.0,6.0,-1.9999999999999991,2.0000000000000018,-2.0,0.0,0.0,0.0,0.0,0.0,0.0,0.0,0.0,0.0,0.0,0.0,0.0,0.0,0.0,0.0,0.0,0.0,0.0,0.0,-2.0,0.0,0.0,0.0,0.0,0.0,0.0,0.0,2.0,0.0,0.0,0.0,0.0,0.0,0.0
64,ABT,Bear Put Spread,10.33,151.0,249.0,151.0,40.55,59.45,0.06841059602649006,-26.0,3.0,-0.9999999999999996,1.0000000000000009,-1.0,0.0,0.0,0.0,0.0,0.0,0.0,0.0,0.0,0.0,0.0,0.0,0.0,0.0,0.0,0.0,0.0,0.0,0.0,0.0,-1.0,0.0,0.0,0.0,0.0,0.0,0.0,0.0,1.0,0.0,0.0,0.0,0.0,0.0,0.0
8,ABT,Bear Put Spread,24.34,356.0,644.0,356.0,38.65,61.35,0.06837078651685394,-56.00000000000001,8.000000000000002,-8.000000000000002,8.000000000000002,0.0,0.0,0.0,0.0,0.0,0.0,0.0,0.0,0.0,0.0,0.0,0.0,0.0,0.0,0.0,0.0,0.0,0.0,-4.0,0.0,0.0,0.0,0.0,4.0,0.0,0.0,0.0,0.0,0.0,0.0,0.0,0.0,0.0,0.0,0.0
6,ABT,Bear Put Spread,12.17,178.0,322.0,178.0,38.65,61.35,0.06837078651685394,-28.000000000000004,4.000000000000001,-4.000000000000001,4.000000000000001,0.0,0.0,0.0,0.0,0.0,0.0,0.0,0.0,0.0,0.0,0.0,0.0,0.0,0.0,0.0,0.0,0.0,0.0,-2.0,0.0,0.0,0.0,0.0,2.0,0.0,0.0,0.0,0.0,0.0,0.0,0.0,0.0,0.0,0.0,0.0
9,ABT,Bear Put Spread,30.42,445.0000000000001,805.0000000000013,445.0000000000001,38.65,61.35,0.06835955056179774,-70.00000000000001,10.000000000000004,-10.000000000000004,10.000000000000004,0.0,0.0,0.0,0.0,0.0,0.0,0.0,0.0,0.0,0.0,0.0,0.0,0.0,0.0,0.0,0.0,0.0,0.0,-5.0,0.0,0.0,0.0,0.0,5.0,0.0,0.0,0.0,0.0,0.0,0.0,0.0,0.0,0.0,0.0,0.0
7,ABT,Bear Put Spread,18.25,267.0,483.00000000000136,267.0,38.65,61.35,0.06835205992509363,-41.99999999999999,6.0,-6.0,6.0,0.0,0.0,0.0,0.0,0.0,0.0,0.0,0.0,0.0,0.0,0.0,0.0,0.0,0.0,0.0,0.0,0.0,0.0,-3.0,0.0,0.0,0.0,0.0,3.0,0.0,0.0,0.0,0.0,0.0,0.0,0.0,0.0,0.0,0.0,0.0
5,ABT,Bear Put Spread,6.08,89.0,161.0,89.0,38.65,61.35,0.06831460674157304,-14.000000000000002,2.0000000000000004,-2.0000000000000004,2.0000000000000004,0.0,0.0,0.0,0.0,0.0,0.0,0.0,0.0,0.0,0.0,0.0,0.0,0.0,0.0,0.0,0.0,0.0,0.0,-1.0,0.0,0.0,0.0,0.0,1.0,0.0,0.0,0.0,0.0,0.0,0.0,0.0,0.0,0.0,0.0,0.0
46,ABT,Bear Put Spread,11.55,221.99999999999997,378.00000000000136,221.99999999999997,38.99,61.01,0.05202702702702704,-32.999999999999986,6.0,-2.9999999999999973,3.0000000000000027,0.0,0.0,0.0,0.0,0.0,0.0,0.0,0.0,0.0,0.0,0.0,0.0,0.0,0.0,0.0,0.0,0.0,0.0,0.0,0.0,-3.0,0.0,0.0,0.0,3.0,0.0,0.0,0.0,0.0,0.0,0.0,0.0,0.0,0.0,0.0
48,ABT,Bear Put Spread,19.25,370.0,630.0000000000014,370.0,38.99,61.01,0.05202702702702703,-55.00000000000001,10.000000000000004,-4.999999999999999,5.000000000000004,0.0,0.0,0.0,0.0,0.0,0.0,0.0,0.0,0.0,0.0,0.0,0.0,0.0,0.0,0.0,0.0,0.0,0.0,0.0,0.0,-5.0,0.0,0.0,0.0,5.0,0.0,0.0,0.0,0.0,0.0,0.0,0.0,0.0,0.0,0.0
47,ABT,Bear Put Spread,15.4,296.0,504.0,296.0,38.99,61.01,0.05202702702702703,-43.99999999999999,8.000000000000002,-3.9999999999999982,4.0000000000000036,0.0,0.0,0.0,0.0,0.0,0.0,0.0,0.0,0.0,0.0,0.0,0.0,0.0,0.0,0.0,0.0,0.0,0.0,0.0,0.0,-4.0,0.0,0.0,0.0,4.0,0.0,0.0,0.0,0.0,0.0,0.0,0.0,0.0,0.0,0.0
45,ABT,Bear Put Spread,7.7,148.0,252.0,148.0,38.99,61.01,0.05202702702702703,-21.999999999999996,4.000000000000001,-1.9999999999999991,2.0000000000000018,0.0,0.0,0.0,0.0,0.0,0.0,0.0,0.0,0.0,0.0,0.0,0.0,0.0,0.0,0.0,0.0,0.0,0.0,0.0,0.0,-2.0,0.0,0.0,0.0,2.0,0.0,0.0,0.0,0.0,0.0,0.0,0.0,0.0,0.0,0.0
44,ABT,Bear Put Spread,3.85,74.0,126.0,74.0,38.99,61.01,0.05202702702702703,-10.999999999999998,2.0000000000000004,-0.9999999999999996,1.0000000000000009,0.0,0.0,0.0,0.0,0.0,0.0,0.0,0.0,0.0,0.0,0.0,0.0,0.0,0.0,0.0,0.0,0.0,0.0,0.0,0.0,-1.0,0.0,0.0,0.0,1.0,0.0,0.0,0.0,0.0,0.0,0.0,0.0,0.0,0.0,0.0
34,ABT,Bear Put Spread,18.21,424.0,676.0,424.0,40.37,59.63,0.04294811320754717,-72.00000000000001,6.0,-4.000000000000001,4.000000000000001,-2.0,0.0,0.0,0.0,0.0,0.0,0.0,0.0,0.0,0.0,0.0,0.0,0.0,0.0,0.0,0.0,0.0,0.0,-2.0,0.0,0.0,0.0,0.0,0.0,0.0,0.0,0.0,0.0,0.0,2.0,0.0,0.0,0.0,0.0,0.0
35,ABT,Bear Put Spread,27.31,636.0,1014.0000000000014,636.0,40.37,59.63,0.04294025157232704,-108.0,8.999999999999996,-6.0,6.0,-3.0,0.0,0.0,0.0,0.0,0.0,0.0,0.0,0.0,0.0,0.0,0.0,0.0,0.0,0.0,0.0,0.0,0.0,-3.0,0.0,0.0,0.0,0.0,0.0,0.0,0.0,0.0,0.0,0.0,3.0,0.0,0.0,0.0,0.0,0.0
33,ABT,Bear Put Spread,9.1,212.0,338.0,212.0,40.37,59.63,0.04292452830188679,-36.00000000000001,3.0,-2.0000000000000004,2.0000000000000004,-1.0,0.0,0.0,0.0,0.0,0.0,0.0,0.0,0.0,0.0,0.0,0.0,0.0,0.0,0.0,0.0,0.0,0.0,-1.0,0.0,0.0,0.0,0.0,0.0,0.0,0.0,0.0,0.0,0.0,1.0,0.0,0.0,0.0,0.0,0.0
38,ABT,Bear Put Spread,27.22,708.0,1092.0000000000014,708.0,40.73,59.27,0.03844632768361582,-119.99999999999997,8.999999999999996,-6.0,6.0,-3.0,0.0,0.0,0.0,0.0,0.0,0.0,0.0,0.0,0.0,0.0,0.0,0.0,0.0,0.0,0.0,0.0,0.0,-3.0,0.0,0.0,0.0,0.0,0.0,0.0,0.0,0.0,0.0,0.0,0.0,3.0,0.0,0.0,0.0,0.0
37,ABT,Bear Put Spread,18.14,472.0,728.0,472.0,40.73,59.27,0.038432203389830506,-80.0,6.0,-4.000000000000001,4.000000000000001,-2.0,0.0,0.0,0.0,0.0,0.0,0.0,0.0,0.0,0.0,0.0,0.0,0.0,0.0,0.0,0.0,0.0,0.0,-2.0,0.0,0.0,0.0,0.0,0.0,0.0,0.0,0.0,0.0,0.0,0.0,2.0,0.0,0.0,0.0,0.0
36,ABT,Bear Put Spread,9.07,236.0,364.0,236.0,40.73,59.27,0.038432203389830506,-40.0,3.0,-2.0000000000000004,2.0000000000000004,-1.0,0.0,0.0,0.0,0.0,0.0,0.0,0.0,0.0,0.0,0.0,0.0,0.0,0.0,0.0,0.0,0.0,0.0,-1.0,0.0,0.0,0.0,0.0,0.0,0.0,0.0,0.0,0.0,0.0,0.0,1.0,0.0,0.0,0.0,0.0
68,ABT,Bear Put Spread,4.14,180.0,270.0,180.0,40.93,59.07,0.023,-30.000000000000004,3.0,-0.9999999999999996,1.0000000000000009,-1.0,0.0,0.0,0.0,0.0,0.0,0.0,0.0,0.0,0.0,0.0,0.0,0.0,0.0,0.0,0.0,0.0,0.0,0.0,0.0,-1.0,0.0,0.0,0.0,0.0,0.0,0.0,0.0,0.0,1.0,0.0,0.0,0.0,0.0,0.0
70,ABT,Bear Put Spread,12.41,540.0,810.0000000000014,540.0,40.93,59.07,0.02298148148148148,-90.00000000000001,8.999999999999996,-2.9999999999999973,3.0000000000000027,-3.0,0.0,0.0,0.0,0.0,0.0,0.0,0.0,0.0,0.0,0.0,0.0,0.0,0.0,0.0,0.0,0.0,0.0,0.0,0.0,-3.0,0.0,0.0,0.0,0.0,0.0,0.0,0.0,0.0,3.0,0.0,0.0,0.0,0.0,0.0
71,ABT,Bear Put Spread,16.54,720.0,1080.0,720.0,40.93,59.07,0.02297222222222222,-120.00000000000001,12.0,-3.9999999999999982,4.0000000000000036,-4.0,0.0,0.0,0.0,0.0,0.0,0.0,0.0,0.0,0.0,0.0,0.0,0.0,0.0,0.0,0.0,0.0,0.0,0.0,0.0,-4.0,0.0,0.0,0.0,0.0,0.0,0.0,0.0,0.0,4.0,0.0,0.0,0.0,0.0,0.0
69,ABT,Bear Put Spread,8.27,360.0,540.0,360.0,40.93,59.07,0.02297222222222222,-60.00000000000001,6.0,-1.9999999999999991,2.0000000000000018,-2.0,0.0,0.0,0.0,0.0,0.0,0.0,0.0,0.0,0.0,0.0,0.0,0.0,0.0,0.0,0.0,0.0,0.0,0.0,0.0,-2.0,0.0,0.0,0.0,0.0,0.0,0.0,0.0,0.0,2.0,0.0,0.0,0.0,0.0,0.0
79,ABT,Bear Put Spread,8.25,384.99999999999994,615.0000000000014,384.99999999999994,39.43,60.57,0.021428571428571432,-59.999999999999986,5.000000000000004,-4.999999999999999,5.000000000000004,0.0,0.0,0.0,0.0,0.0,0.0,0.0,0.0,0.0,0.0,0.0,0.0,0.0,0.0,0.0,0.0,0.0,0.0,0.0,0.0,0.0,-5.0,0.0,0.0,0.0,5.0,0.0,0.0,0.0,0.0,0.0,0.0,0.0,0.0,0.0
78,ABT,Bear Put Spread,6.6,308.0,492.0,308.0,39.43,60.57,0.02142857142857143,-48.0,4.0000000000000036,-3.9999999999999982,4.0000000000000036,0.0,0.0,0.0,0.0,0.0,0.0,0.0,0.0,0.0,0.0,0.0,0.0,0.0,0.0,0.0,0.0,0.0,0.0,0.0,0.0,0.0,-4.0,0.0,0.0,0.0,4.0,0.0,0.0,0.0,0.0,0.0,0.0,0.0,0.0,0.0
76,ABT,Bear Put Spread,3.3,154.0,246.0,154.0,39.43,60.57,0.02142857142857143,-24.0,2.0000000000000018,-1.9999999999999991,2.0000000000000018,0.0,0.0,0.0,0.0,0.0,0.0,0.0,0.0,0.0,0.0,0.0,0.0,0.0,0.0,0.0,0.0,0.0,0.0,0.0,0.0,0.0,-2.0,0.0,0.0,0.0,2.0,0.0,0.0,0.0,0.0,0.0,0.0,0.0,0.0,0.0
75,ABT,Bear Put Spread,1.65,77.0,123.0,77.0,39.43,60.57,0.02142857142857143,-12.0,1.0000000000000009,-0.9999999999999996,1.0000000000000009,0.0,0.0,0.0,0.0,0.0,0.0,0.0,0.0,0.0,0.0,0.0,0.0,0.0,0.0,0.0,0.0,0.0,0.0,0.0,0.0,0.0,-1.0,0.0,0.0,0.0,1.0,0.0,0.0,0.0,0.0,0.0,0.0,0.0,0.0,0.0
77,ABT,Bear Put Spread,4.95,231.00000000000006,369.0000000000013,231.00000000000006,39.43,60.57,0.021428571428571425,-36.00000000000001,3.0000000000000027,-2.9999999999999973,3.0000000000000027,0.0,0.0,0.0,0.0,0.0,0.0,0.0,0.0,0.0,0.0,0.0,0.0,0.0,0.0,0.0,0.0,0.0,0.0,0.0,0.0,0.0,-3.0,0.0,0.0,0.0,3.0,0.0,0.0,0.0,0.0,0.0,0.0,0.0,0.0,0.0
0,ABT,Bear Put Spread,1.58,73.99999999999999,126.00000000000001,73.99999999999999,38.5,61.5,0.021351351351351355,-10.999999999999998,0.9999999999999996,-1.0000000000000009,0.9999999999999996,0.0,0.0,0.0,0.0,0.0,0.0,0.0,0.0,0.0,0.0,0.0,0.0,0.0,0.0,0.0,0.0,0.0,0.0,-1.0,0.0,0.0,0.0,1.0,0.0,0.0,0.0,0.0,0.0,0.0,0.0,0.0,0.0,0.0,0.0,0.0
2,ABT,Bear Put Spread,4.73,221.99999999999994,378.0000000000014,221.99999999999994,38.5,61.5,0.021306306306306314,-32.999999999999986,2.9999999999999973,-3.0000000000000027,2.9999999999999973,0.0,0.0,0.0,0.0,0.0,0.0,0.0,0.0,0.0,0.0,0.0,0.0,0.0,0.0,0.0,0.0,0.0,0.0,-3.0,0.0,0.0,0.0,3.0,0.0,0.0,0.0,0.0,0.0,0.0,0.0,0.0,0.0,0.0,0.0,0.0
4,ABT,Bear Put Spread,7.88,370.0,630.0000000000014,370.0,38.5,61.5,0.021297297297297298,-55.00000000000001,4.999999999999999,-5.000000000000004,4.999999999999999,0.0,0.0,0.0,0.0,0.0,0.0,0.0,0.0,0.0,0.0,0.0,0.0,0.0,0.0,0.0,0.0,0.0,0.0,-5.0,0.0,0.0,0.0,5.0,0.0,0.0,0.0,0.0,0.0,0.0,0.0,0.0,0.0,0.0,0.0,0.0
3,ABT,Bear Put Spread,6.3,295.99999999999994,504.00000000000006,295.99999999999994,38.5,61.5,0.02128378378378379,-43.99999999999999,3.9999999999999982,-4.0000000000000036,3.9999999999999982,0.0,0.0,0.0,0.0,0.0,0.0,0.0,0.0,0.0,0.0,0.0,0.0,0.0,0.0,0.0,0.0,0.0,0.0,-4.0,0.0,0.0,0.0,4.0,0.0,0.0,0.0,0.0,0.0,0.0,0.0,0.0,0.0,0.0,0.0,0.0
1,ABT,Bear Put Spread,3.15,147.99999999999997,252.00000000000003,147.99999999999997,38.5,61.5,0.02128378378378379,-21.999999999999996,1.9999999999999991,-2.0000000000000018,1.9999999999999991,0.0,0.0,0.0,0.0,0.0,0.0,0.0,0.0,0.0,0.0,0.0,0.0,0.0,0.0,0.0,0.0,0.0,0.0,-2.0,0.0,0.0,0.0,2.0,0.0,0.0,0.0,0.0,0.0,0.0,0.0,0.0,0.0,0.0,0.0,0.0
73,ABT,Bear Put Spread,8.21,408.0,592.0,408.0,41.35,58.65,0.020122549019607847,-68.0,6.0,-1.9999999999999991,2.0000000000000018,-2.0,0.0,0.0,0.0,0.0,0.0,0.0,0.0,0.0,0.0,0.0,0.0,0.0,0.0,0.0,0.0,0.0,0.0,0.0,0.0,-2.0,0.0,0.0,0.0,0.0,0.0,0.0,0.0,0.0,0.0,2.0,0.0,0.0,0.0,0.0
74,ABT,Bear Put Spread,12.31,612.0,888.0000000000014,612.0,41.35,58.65,0.02011437908496732,-101.99999999999999,8.999999999999996,-2.9999999999999973,3.0000000000000027,-3.0,0.0,0.0,0.0,0.0,0.0,0.0,0.0,0.0,0.0,0.0,0.0,0.0,0.0,0.0,0.0,0.0,0.0,0.0,0.0,-3.0,0.0,0.0,0.0,0.0,0.0,0.0,0.0,0.0,0.0,3.0,0.0,0.0,0.0,0.0
72,ABT,Bear Put Spread,4.1,204.0,296.0,204.0,41.35,58.65,0.020098039215686272,-34.0,3.0,-0.9999999999999996,1.0000000000000009,-1.0,0.0,0.0,0.0,0.0,0.0,0.0,0.0,0.0,0.0,0.0,0.0,0.0,0.0,0.0,0.0,0.0,0.0,0.0,0.0,-1.0,0.0,0.0,0.0,0.0,0.0,0.0,0.0,0.0,0.0,1.0,0.0,0.0,0.0,0.0
39,ABT,Bear Put Spread,1.12,57.0,93.0,57.0,38.8,61.2,0.019649122807017545,-8.000000000000002,2.0000000000000004,-0.9999999999999996,1.0000000000000009,0.0,0.0,0.0,0.0,0.0,0.0,0.0,0.0,0.0,0.0,0.0,0.0,0.0,0.0,0.0,0.0,0.0,0.0,0.0,0.0,-1.0,0.0,0.0,1.0,0.0,0.0,0.0,0.0,0.0,0.0,0.0,0.0,0.0,0.0,0.0
42,ABT,Bear Put Spread,4.47,228.0,372.0,228.0,38.8,61.2,0.019605263157894737,-32.00000000000001,8.000000000000002,-3.9999999999999982,4.0000000000000036,0.0,0.0,0.0,0.0,0.0,0.0,0.0,0.0,0.0,0.0,0.0,0.0,0.0,0.0,0.0,0.0,0.0,0.0,0.0,0.0,-4.0,0.0,0.0,4.0,0.0,0.0,0.0,0.0,0.0,0.0,0.0,0.0,0.0,0.0,0.0
41,ABT,Bear Put Spread,3.35,171.00000000000003,279.00000000000136,171.00000000000003,38.8,61.2,0.019590643274853797,-24.0,6.0,-2.9999999999999973,3.0000000000000027,0.0,0.0,0.0,0.0,0.0,0.0,0.0,0.0,0.0,0.0,0.0,0.0,0.0,0.0,0.0,0.0,0.0,0.0,0.0,0.0,-3.0,0.0,0.0,3.0,0.0,0.0,0.0,0.0,0.0,0.0,0.0,0.0,0.0,0.0,0.0
43,ABT,Bear Put Spread,5.58,285.0000000000001,465.00000000000125,285.0000000000001,38.8,61.2,0.019578947368421046,-40.000000000000014,10.000000000000004,-4.999999999999999,5.000000000000004,0.0,0.0,0.0,0.0,0.0,0.0,0.0,0.0,0.0,0.0,0.0,0.0,0.0,0.0,0.0,0.0,0.0,0.0,0.0,0.0,-5.0,0.0,0.0,5.0,0.0,0.0,0.0,0.0,0.0,0.0,0.0,0.0,0.0,0.0,0.0
40,ABT,Bear Put Spread,2.23,114.0,186.0,114.0,38.8,61.2,0.01956140350877193,-16.000000000000004,4.000000000000001,-1.9999999999999991,2.0000000000000018,0.0,0.0,0.0,0.0,0.0,0.0,0.0,0.0,0.0,0.0,0.0,0.0,0.0,0.0,0.0,0.0,0.0,0.0,0.0,0.0,-2.0,0.0,0.0,2.0,0.0,0.0,0.0,0.0,0.0,0.0,0.0,0.0,0.0,0.0,0.0
