Underlying,Name,Expected PnL,Cost of Strategy,Max_Profit,Max_Loss,Prob of Profit,Prob of Loss,Exp_Pnl/Max_Loss,Strategy_Delta,Strategy_Gamma,Strategy_Theta,Strategy_Vega,Strategy_Rho,C_152.5,C_155.0,C_157.5,C_160.0,C_162.5,C_165.0,C_167.5,C_170.0,C_172.5,C_175.0,C_177.5,C_180.0,C_182.5,C_185.0,C_187.5,C_190.0,C_192.5,C_195.0,C_197.5,P_152.5,P_155.0,P_157.5,P_160.0,P_162.5,P_165.0,P_167.5,P_170.0,P_172.5,P_175.0,P_177.5,P_180.0,P_182.5,P_185.0,P_187.5,P_190.0,P_192.5,P_195.0,P_197.5
BA,Bear Call Spread,-67.52,-39.0,39.0,461.0,75.05,23.35,-0.1464642082429501,-4.999999999999999,0.0,2.9999999999999973,-2.0000000000000004,0.0,0.0,0.0,0.0,0.0,0.0,0.0,0.0,0.0,0.0,0.0,0.0,0.0,0.0,0.0,0.0,0.0,-1.0,0.0,1.0,0.0,0.0,0.0,0.0,0.0,0.0,0.0,0.0,0.0,0.0,0.0,0.0,0.0,0.0,0.0,0.0,0.0,0.0,0.0
BA,Bear Call Spread,-111.22,-59.0,59.0,691.0,72.29,26.11,-0.16095513748191026,-8.000000000000002,0.0,2.9999999999999973,-2.0000000000000004,-1.0,0.0,0.0,0.0,0.0,0.0,0.0,0.0,0.0,0.0,0.0,0.0,0.0,0.0,0.0,0.0,-1.0,0.0,0.0,1.0,0.0,0.0,0.0,0.0,0.0,0.0,0.0,0.0,0.0,0.0,0.0,0.0,0.0,0.0,0.0,0.0,0.0,0.0,0.0
BA,Bear Call Spread,-104.81,-140.00000000000006,140.00000000000006,610.0,62.51,35.89,-0.17181967213114754,-10.999999999999998,-1.0,4.0000000000000036,-2.0000000000000004,0.0,0.0,0.0,0.0,0.0,0.0,0.0,0.0,0.0,0.0,0.0,0.0,0.0,-1.0,0.0,0.0,1.0,0.0,0.0,0.0,0.0,0.0,0.0,0.0,0.0,0.0,0.0,0.0,0.0,0.0,0.0,0.0,0.0,0.0,0.0,0.0,0.0,0.0,0.0
BA,Bear Call Spread,-117.23,-75.0,75.0,675.0,69.09,29.31,-0.1736740740740741,-7.999999999999999,-1.0,3.9999999999999982,-1.9999999999999991,-1.0,0.0,0.0,0.0,0.0,0.0,0.0,0.0,0.0,0.0,0.0,0.0,0.0,0.0,0.0,-1.0,0.0,0.0,1.0,0.0,0.0,0.0,0.0,0.0,0.0,0.0,0.0,0.0,0.0,0.0,0.0,0.0,0.0,0.0,0.0,0.0,0.0,0.0,0.0
BA,Bear Call Spread,-105.05,-170.0,170.0,580.0,58.76,39.65,-0.18112068965517242,-10.999999999999998,0.0,2.0000000000000018,-1.0000000000000009,0.0,0.0,0.0,0.0,0.0,0.0,0.0,0.0,0.0,0.0,0.0,0.0,-1.0,0.0,0.0,1.0,0.0,0.0,0.0,0.0,0.0,0.0,0.0,0.0,0.0,0.0,0.0,0.0,0.0,0.0,0.0,0.0,0.0,0.0,0.0,0.0,0.0,0.0,0.0
BA,Bear Call Spread,-105.99,-425.0,425.0,575.0,44.51,53.9,-0.1843304347826087,-18.0,0.0,0.0,0.0,-0.9999999999999999,0.0,0.0,0.0,0.0,0.0,0.0,0.0,-1.0,0.0,0.0,0.0,1.0,0.0,0.0,0.0,0.0,0.0,0.0,0.0,0.0,0.0,0.0,0.0,0.0,0.0,0.0,0.0,0.0,0.0,0.0,0.0,0.0,0.0,0.0,0.0,0.0,0.0,0.0
BA,Bear Call Spread,-121.97,-95.0,95.0,655.0,65.71,32.7,-0.18621374045801525,-9.999999999999998,-1.0,3.0000000000000027,-0.9999999999999996,-1.0,0.0,0.0,0.0,0.0,0.0,0.0,0.0,0.0,0.0,0.0,0.0,0.0,0.0,-1.0,0.0,0.0,1.0,0.0,0.0,0.0,0.0,0.0,0.0,0.0,0.0,0.0,0.0,0.0,0.0,0.0,0.0,0.0,0.0,0.0,0.0,0.0,0.0,0.0
BA,Bear Call Spread,-65.34,-175.0000000000001,175.0000000000001,324.9999999999999,49.43,48.97,-0.20104615384615393,-9.000000000000002,0.0,0.9999999999999953,0.0,-0.9999999999999999,0.0,0.0,0.0,0.0,0.0,0.0,0.0,0.0,0.0,-1.0,0.0,1.0,0.0,0.0,0.0,0.0,0.0,0.0,0.0,0.0,0.0,0.0,0.0,0.0,0.0,0.0,0.0,0.0,0.0,0.0,0.0,0.0,0.0,0.0,0.0,0.0,0.0,0.0
BA,Bear Call Spread,-143.95,-290.0000000000001,290.0000000000001,709.9999999999999,51.75,46.65,-0.20274647887323946,-16.000000000000004,0.0,1.9999999999999962,-1.0000000000000009,-0.9999999999999999,0.0,0.0,0.0,0.0,0.0,0.0,0.0,0.0,0.0,-1.0,0.0,0.0,0.0,1.0,0.0,0.0,0.0,0.0,0.0,0.0,0.0,0.0,0.0,0.0,0.0,0.0,0.0,0.0,0.0,0.0,0.0,0.0,0.0,0.0,0.0,0.0,0.0,0.0
BA,Bear Call Spread,-99.84,-20.0,20.0,480.0,71.78,26.62,-0.20800000000000002,-5.000000000000002,0.0,1.9999999999999962,-0.9999999999999996,-1.0,0.0,0.0,0.0,0.0,0.0,0.0,0.0,0.0,0.0,0.0,0.0,0.0,0.0,0.0,0.0,-1.0,0.0,1.0,0.0,0.0,0.0,0.0,0.0,0.0,0.0,0.0,0.0,0.0,0.0,0.0,0.0,0.0,0.0,0.0,0.0,0.0,0.0,0.0
BA,Bear Call Spread,-100.45,-35.0,35.0,465.0,68.53,29.88,-0.2160215053763441,-6.0,-1.0,2.0000000000000018,-0.9999999999999996,-1.0,0.0,0.0,0.0,0.0,0.0,0.0,0.0,0.0,0.0,0.0,0.0,0.0,0.0,0.0,-1.0,0.0,1.0,0.0,0.0,0.0,0.0,0.0,0.0,0.0,0.0,0.0,0.0,0.0,0.0,0.0,0.0,0.0,0.0,0.0,0.0,0.0,0.0,0.0
BA,Bear Call Spread,-88.46,-105.0,105.0,395.0,57.51,40.89,-0.22394936708860758,-7.000000000000001,0.0,1.0000000000000009,-1.0000000000000009,0.0,0.0,0.0,0.0,0.0,0.0,0.0,0.0,0.0,0.0,0.0,0.0,-1.0,0.0,1.0,0.0,0.0,0.0,0.0,0.0,0.0,0.0,0.0,0.0,0.0,0.0,0.0,0.0,0.0,0.0,0.0,0.0,0.0,0.0,0.0,0.0,0.0,0.0,0.0
BA,Bear Call Spread,-108.98,-270.0,270.0,480.0,46.49,51.91,-0.22704166666666667,-13.000000000000005,0.0,0.0,0.0,-0.9999999999999999,0.0,0.0,0.0,0.0,0.0,0.0,0.0,0.0,-1.0,0.0,0.0,1.0,0.0,0.0,0.0,0.0,0.0,0.0,0.0,0.0,0.0,0.0,0.0,0.0,0.0,0.0,0.0,0.0,0.0,0.0,0.0,0.0,0.0,0.0,0.0,0.0,0.0,0.0
BA,Bear Call Spread,-97.26,-75.0,75.0,425.0,61.35,37.06,-0.22884705882352943,-8.000000000000002,0.0,2.0000000000000018,-1.0000000000000009,0.0,0.0,0.0,0.0,0.0,0.0,0.0,0.0,0.0,0.0,0.0,0.0,0.0,-1.0,0.0,1.0,0.0,0.0,0.0,0.0,0.0,0.0,0.0,0.0,0.0,0.0,0.0,0.0,0.0,0.0,0.0,0.0,0.0,0.0,0.0,0.0,0.0,0.0,0.0
BA,Bear Call Spread,-137.25,-170.0,170.0,580.0,54.21,44.19,-0.23663793103448275,-12.0,0.0,1.9999999999999962,-1.0000000000000009,-0.9999999999999999,0.0,0.0,0.0,0.0,0.0,0.0,0.0,0.0,0.0,0.0,-1.0,0.0,0.0,1.0,0.0,0.0,0.0,0.0,0.0,0.0,0.0,0.0,0.0,0.0,0.0,0.0,0.0,0.0,0.0,0.0,0.0,0.0,0.0,0.0,0.0,0.0,0.0,0.0
BA,Bear Call Spread,-107.79,-45.00000000000006,45.00000000000006,454.99999999999994,64.93,33.47,-0.23690109890109895,-6.999999999999995,-1.0,3.0000000000000027,-0.9999999999999996,0.0,0.0,0.0,0.0,0.0,0.0,0.0,0.0,0.0,0.0,0.0,0.0,0.0,0.0,-1.0,0.0,1.0,0.0,0.0,0.0,0.0,0.0,0.0,0.0,0.0,0.0,0.0,0.0,0.0,0.0,0.0,0.0,0.0,0.0,0.0,0.0,0.0,0.0,0.0
BA,Bear Call Spread,-127.25,-215.0000000000001,215.0000000000001,534.9999999999999,50.21,48.19,-0.23785046728971967,-12.0,0.0,0.9999999999999953,0.0,-0.9999999999999999,0.0,0.0,0.0,0.0,0.0,0.0,0.0,0.0,0.0,-1.0,0.0,0.0,1.0,0.0,0.0,0.0,0.0,0.0,0.0,0.0,0.0,0.0,0.0,0.0,0.0,0.0,0.0,0.0,0.0,0.0,0.0,0.0,0.0,0.0,0.0,0.0,0.0,0.0
BA,Bear Call Spread,-179.15,-515.0,515.0,735.0,41.33,57.08,-0.24374149659863947,-22.000000000000004,0.0,-2.0000000000000018,1.0000000000000009,-2.0,0.0,0.0,0.0,0.0,0.0,0.0,-1.0,0.0,0.0,0.0,0.0,1.0,0.0,0.0,0.0,0.0,0.0,0.0,0.0,0.0,0.0,0.0,0.0,0.0,0.0,0.0,0.0,0.0,0.0,0.0,0.0,0.0,0.0,0.0,0.0,0.0,0.0,0.0
BA,Bear Call Spread,-170.89,-310.0,310.0,690.0,47.28,51.13,-0.24766666666666665,-16.000000000000004,0.0,0.0,0.0,-0.9999999999999999,0.0,0.0,0.0,0.0,0.0,0.0,0.0,0.0,-1.0,0.0,0.0,0.0,1.0,0.0,0.0,0.0,0.0,0.0,0.0,0.0,0.0,0.0,0.0,0.0,0.0,0.0,0.0,0.0,0.0,0.0,0.0,0.0,0.0,0.0,0.0,0.0,0.0,0.0
BA,Bear Call Spread,-193.83,-820.0,820.0,680.0,32.71,65.69,-0.28504411764705884,-25.0,1.0,-6.999999999999995,3.0,-1.0000000000000002,0.0,0.0,0.0,-1.0,0.0,0.0,0.0,0.0,0.0,1.0,0.0,0.0,0.0,0.0,0.0,0.0,0.0,0.0,0.0,0.0,0.0,0.0,0.0,0.0,0.0,0.0,0.0,0.0,0.0,0.0,0.0,0.0,0.0,0.0,0.0,0.0,0.0,0.0
BA,Bear Call Spread,-84.93,-205.0,205.0,295.0,40.13,58.27,-0.2878983050847458,-8.999999999999996,0.0,-0.9999999999999953,0.0,0.0,0.0,0.0,0.0,0.0,0.0,0.0,0.0,-1.0,0.0,1.0,0.0,0.0,0.0,0.0,0.0,0.0,0.0,0.0,0.0,0.0,0.0,0.0,0.0,0.0,0.0,0.0,0.0,0.0,0.0,0.0,0.0,0.0,0.0,0.0,0.0,0.0,0.0,0.0
BA,Bear Call Spread,-135.91,-280.0,280.0,470.0,41.72,56.68,-0.28917021276595745,-13.0,0.0,-0.9999999999999953,0.0,0.0,0.0,0.0,0.0,0.0,0.0,0.0,0.0,-1.0,0.0,0.0,1.0,0.0,0.0,0.0,0.0,0.0,0.0,0.0,0.0,0.0,0.0,0.0,0.0,0.0,0.0,0.0,0.0,0.0,0.0,0.0,0.0,0.0,0.0,0.0,0.0,0.0,0.0,0.0
BA,Bear Call Spread,-120.55,-95.0,95.0,405.0,52.7,45.7,-0.2976543209876543,-7.9999999999999964,0.0,0.9999999999999953,0.0,-0.9999999999999999,0.0,0.0,0.0,0.0,0.0,0.0,0.0,0.0,0.0,0.0,-1.0,0.0,1.0,0.0,0.0,0.0,0.0,0.0,0.0,0.0,0.0,0.0,0.0,0.0,0.0,0.0,0.0,0.0,0.0,0.0,0.0,0.0,0.0,0.0,0.0,0.0,0.0,0.0
BA,Bear Call Spread,-58.64,-55.0,55.0,195.0,51.94,46.46,-0.3007179487179487,-4.999999999999999,0.0,0.9999999999999953,0.0,-0.9999999999999999,0.0,0.0,0.0,0.0,0.0,0.0,0.0,0.0,0.0,0.0,-1.0,1.0,0.0,0.0,0.0,0.0,0.0,0.0,0.0,0.0,0.0,0.0,0.0,0.0,0.0,0.0,0.0,0.0,0.0,0.0,0.0,0.0,0.0,0.0,0.0,0.0,0.0,0.0
BA,Bear Call Spread,-191.23,-625.0,625.0,625.0,33.67,64.74,-0.30596799999999996,-21.999999999999996,0.0,-6.999999999999995,2.0000000000000004,-1.0000000000000002,0.0,0.0,0.0,0.0,-1.0,0.0,0.0,0.0,0.0,1.0,0.0,0.0,0.0,0.0,0.0,0.0,0.0,0.0,0.0,0.0,0.0,0.0,0.0,0.0,0.0,0.0,0.0,0.0,0.0,0.0,0.0,0.0,0.0,0.0,0.0,0.0,0.0,0.0
BA,Bear Call Spread,-169.86,-705.0,705.0,545.0,30.45,67.95,-0.31166972477064225,-20.999999999999996,1.0,-6.0,3.0,-1.0000000000000002,0.0,0.0,0.0,-1.0,0.0,0.0,0.0,0.0,1.0,0.0,0.0,0.0,0.0,0.0,0.0,0.0,0.0,0.0,0.0,0.0,0.0,0.0,0.0,0.0,0.0,0.0,0.0,0.0,0.0,0.0,0.0,0.0,0.0,0.0,0.0,0.0,0.0,0.0
BA,Bear Call Spread,-234.91,-520.0,520.0,730.0,36.58,61.82,-0.3217945205479452,-21.999999999999996,0.0,-4.999999999999999,1.0000000000000009,-1.0000000000000002,0.0,0.0,0.0,0.0,0.0,-1.0,0.0,0.0,0.0,0.0,1.0,0.0,0.0,0.0,0.0,0.0,0.0,0.0,0.0,0.0,0.0,0.0,0.0,0.0,0.0,0.0,0.0,0.0,0.0,0.0,0.0,0.0,0.0,0.0,0.0,0.0,0.0,0.0
BA,Bear Call Spread,-71.76,-30.0,30.0,220.0,56.24,42.16,-0.3261818181818182,-2.9999999999999973,0.0,0.0,0.0,0.0,0.0,0.0,0.0,0.0,0.0,0.0,0.0,0.0,0.0,0.0,0.0,-1.0,1.0,0.0,0.0,0.0,0.0,0.0,0.0,0.0,0.0,0.0,0.0,0.0,0.0,0.0,0.0,0.0,0.0,0.0,0.0,0.0,0.0,0.0,0.0,0.0,0.0,0.0
BA,Bear Call Spread,-183.93,-445.0,445.0,555.0,35.02,63.39,-0.3314054054054054,-17.999999999999993,0.0,-4.999999999999999,1.0000000000000009,-1.0000000000000002,0.0,0.0,0.0,0.0,0.0,-1.0,0.0,0.0,0.0,1.0,0.0,0.0,0.0,0.0,0.0,0.0,0.0,0.0,0.0,0.0,0.0,0.0,0.0,0.0,0.0,0.0,0.0,0.0,0.0,0.0,0.0,0.0,0.0,0.0,0.0,0.0,0.0,0.0
BA,Bear Call Spread,-209.07,-370.0,370.0,630.0,38.55,59.86,-0.33185714285714285,-17.000000000000004,0.0,-2.9999999999999973,1.0000000000000009,-1.0000000000000002,0.0,0.0,0.0,0.0,0.0,0.0,-1.0,0.0,0.0,0.0,1.0,0.0,0.0,0.0,0.0,0.0,0.0,0.0,0.0,0.0,0.0,0.0,0.0,0.0,0.0,0.0,0.0,0.0,0.0,0.0,0.0,0.0,0.0,0.0,0.0,0.0,0.0,0.0
BA,Bear Call Spread,-210.95,-870.0000000000002,870.0000000000002,629.9999999999998,28.98,69.43,-0.33484126984126994,-24.0,1.0,-9.000000000000002,4.000000000000001,-1.0000000000000002,0.0,0.0,-1.0,0.0,0.0,0.0,0.0,0.0,1.0,0.0,0.0,0.0,0.0,0.0,0.0,0.0,0.0,0.0,0.0,0.0,0.0,0.0,0.0,0.0,0.0,0.0,0.0,0.0,0.0,0.0,0.0,0.0,0.0,0.0,0.0,0.0,0.0,0.0
BA,Bear Call Spread,-80.66,-10.0,10.0,240.0,60.32,38.08,-0.33608333333333335,-4.0000000000000036,0.0,1.0000000000000009,-1.0000000000000009,0.0,0.0,0.0,0.0,0.0,0.0,0.0,0.0,0.0,0.0,0.0,0.0,0.0,-1.0,1.0,0.0,0.0,0.0,0.0,0.0,0.0,0.0,0.0,0.0,0.0,0.0,0.0,0.0,0.0,0.0,0.0,0.0,0.0,0.0,0.0,0.0,0.0,0.0,0.0
BA,Bear Call Spread,-167.27,-510.0,510.0,490.0,31.57,66.83,-0.3413673469387755,-17.999999999999993,0.0,-6.0,2.0000000000000004,-1.0000000000000002,0.0,0.0,0.0,0.0,-1.0,0.0,0.0,0.0,1.0,0.0,0.0,0.0,0.0,0.0,0.0,0.0,0.0,0.0,0.0,0.0,0.0,0.0,0.0,0.0,0.0,0.0,0.0,0.0,0.0,0.0,0.0,0.0,0.0,0.0,0.0,0.0,0.0,0.0
BA,Bear Call Spread,-158.09,-295.0,295.0,455.0,36.97,61.43,-0.3474505494505495,-13.0,0.0,-2.9999999999999973,1.0000000000000009,-1.0000000000000002,0.0,0.0,0.0,0.0,0.0,0.0,-1.0,0.0,0.0,1.0,0.0,0.0,0.0,0.0,0.0,0.0,0.0,0.0,0.0,0.0,0.0,0.0,0.0,0.0,0.0,0.0,0.0,0.0,0.0,0.0,0.0,0.0,0.0,0.0,0.0,0.0,0.0,0.0
BA,Bear Call Spread,-138.9,-125.0,125.0,375.0,43.51,54.89,-0.3704,-8.000000000000007,0.0,-0.9999999999999953,0.0,0.0,0.0,0.0,0.0,0.0,0.0,0.0,0.0,0.0,-1.0,0.0,1.0,0.0,0.0,0.0,0.0,0.0,0.0,0.0,0.0,0.0,0.0,0.0,0.0,0.0,0.0,0.0,0.0,0.0,0.0,0.0,0.0,0.0,0.0,0.0,0.0,0.0,0.0,0.0
BA,Bear Call Spread,-159.97,-330.0,330.0,420.0,32.9,65.5,-0.3808809523809524,-13.99999999999999,0.0,-4.0000000000000036,1.0000000000000009,-1.0000000000000002,0.0,0.0,0.0,0.0,0.0,-1.0,0.0,0.0,1.0,0.0,0.0,0.0,0.0,0.0,0.0,0.0,0.0,0.0,0.0,0.0,0.0,0.0,0.0,0.0,0.0,0.0,0.0,0.0,0.0,0.0,0.0,0.0,0.0,0.0,0.0,0.0,0.0,0.0
BA,Bear Call Spread,-60.97,-90.0,90.0,160.0,37.96,60.45,-0.38106249999999997,-4.999999999999993,0.0,0.0,0.0,0.0,0.0,0.0,0.0,0.0,0.0,0.0,0.0,-1.0,1.0,0.0,0.0,0.0,0.0,0.0,0.0,0.0,0.0,0.0,0.0,0.0,0.0,0.0,0.0,0.0,0.0,0.0,0.0,0.0,0.0,0.0,0.0,0.0,0.0,0.0,0.0,0.0,0.0,0.0
BA,Bear Call Spread,-187.62,-535.0,535.0,465.0,27.36,71.05,-0.40348387096774196,-16.000000000000004,1.0,-6.0,3.0,-1.0000000000000002,0.0,0.0,0.0,-1.0,0.0,0.0,0.0,1.0,0.0,0.0,0.0,0.0,0.0,0.0,0.0,0.0,0.0,0.0,0.0,0.0,0.0,0.0,0.0,0.0,0.0,0.0,0.0,0.0,0.0,0.0,0.0,0.0,0.0,0.0,0.0,0.0,0.0,0.0
BA,Bear Call Spread,-228.71,-700.0000000000002,700.0000000000002,549.9999999999998,25.95,72.45,-0.41583636363636384,-19.000000000000007,1.0,-9.000000000000002,4.000000000000001,-1.0000000000000002,0.0,0.0,-1.0,0.0,0.0,0.0,0.0,1.0,0.0,0.0,0.0,0.0,0.0,0.0,0.0,0.0,0.0,0.0,0.0,0.0,0.0,0.0,0.0,0.0,0.0,0.0,0.0,0.0,0.0,0.0,0.0,0.0,0.0,0.0,0.0,0.0,0.0,0.0
BA,Bear Call Spread,-134.13,-180.0,180.0,320.0,34.82,63.58,-0.41915625,-8.999999999999996,0.0,-2.0000000000000018,1.0000000000000009,-1.0000000000000002,0.0,0.0,0.0,0.0,0.0,0.0,-1.0,0.0,1.0,0.0,0.0,0.0,0.0,0.0,0.0,0.0,0.0,0.0,0.0,0.0,0.0,0.0,0.0,0.0,0.0,0.0,0.0,0.0,0.0,0.0,0.0,0.0,0.0,0.0,0.0,0.0,0.0,0.0
BA,Bear Call Spread,-95.26,-30.000000000000114,30.000000000000114,219.9999999999999,46.69,51.72,-0.4330000000000003,-4.0000000000000036,0.0,0.0,0.0,0.0,0.0,0.0,0.0,0.0,0.0,0.0,0.0,0.0,0.0,-1.0,1.0,0.0,0.0,0.0,0.0,0.0,0.0,0.0,0.0,0.0,0.0,0.0,0.0,0.0,0.0,0.0,0.0,0.0,0.0,0.0,0.0,0.0,0.0,0.0,0.0,0.0,0.0,0.0
BA,Bear Call Spread,-87.92,-50.0,50.0,200.0,42.12,56.28,-0.4396,-4.0000000000000036,0.0,-0.9999999999999953,0.0,0.0,0.0,0.0,0.0,0.0,0.0,0.0,0.0,0.0,-1.0,1.0,0.0,0.0,0.0,0.0,0.0,0.0,0.0,0.0,0.0,0.0,0.0,0.0,0.0,0.0,0.0,0.0,0.0,0.0,0.0,0.0,0.0,0.0,0.0,0.0,0.0,0.0,0.0,0.0
BA,Bear Call Spread,-153.82,-405.0,405.0,345.0,25.09,73.31,-0.4458550724637681,-12.0,1.0,-3.9999999999999982,1.9999999999999991,0.0,0.0,0.0,0.0,-1.0,0.0,0.0,1.0,0.0,0.0,0.0,0.0,0.0,0.0,0.0,0.0,0.0,0.0,0.0,0.0,0.0,0.0,0.0,0.0,0.0,0.0,0.0,0.0,0.0,0.0,0.0,0.0,0.0,0.0,0.0,0.0,0.0,0.0,0.0
BA,Bear Call Spread,-185.03,-340.0,340.0,410.0,28.43,69.97,-0.4512926829268293,-13.0,0.0,-6.0,2.0000000000000004,-1.0000000000000002,0.0,0.0,0.0,0.0,-1.0,0.0,0.0,1.0,0.0,0.0,0.0,0.0,0.0,0.0,0.0,0.0,0.0,0.0,0.0,0.0,0.0,0.0,0.0,0.0,0.0,0.0,0.0,0.0,0.0,0.0,0.0,0.0,0.0,0.0,0.0,0.0,0.0,0.0
BA,Bear Call Spread,-194.91,-570.0000000000002,570.0000000000002,429.9999999999998,23.75,74.66,-0.4532790697674421,-15.000000000000002,1.0,-7.000000000000001,3.0,0.0,0.0,0.0,-1.0,0.0,0.0,0.0,1.0,0.0,0.0,0.0,0.0,0.0,0.0,0.0,0.0,0.0,0.0,0.0,0.0,0.0,0.0,0.0,0.0,0.0,0.0,0.0,0.0,0.0,0.0,0.0,0.0,0.0,0.0,0.0,0.0,0.0,0.0,0.0
BA,Bear Call Spread,-238.89,-740.0,740.0,510.0,22.44,75.96,-0.4684117647058823,-18.999999999999993,1.0,-9.0,3.9999999999999996,0.0,0.0,-1.0,0.0,0.0,0.0,0.0,1.0,0.0,0.0,0.0,0.0,0.0,0.0,0.0,0.0,0.0,0.0,0.0,0.0,0.0,0.0,0.0,0.0,0.0,0.0,0.0,0.0,0.0,0.0,0.0,0.0,0.0,0.0,0.0,0.0,0.0,0.0,0.0
BA,Bear Call Spread,-169.07,-420.0000000000002,420.0000000000002,329.9999999999998,21.33,77.07,-0.5123333333333336,-10.000000000000009,1.0,-4.999999999999999,3.0,0.0,0.0,0.0,-1.0,0.0,0.0,1.0,0.0,0.0,0.0,0.0,0.0,0.0,0.0,0.0,0.0,0.0,0.0,0.0,0.0,0.0,0.0,0.0,0.0,0.0,0.0,0.0,0.0,0.0,0.0,0.0,0.0,0.0,0.0,0.0,0.0,0.0,0.0,0.0
BA,Bear Call Spread,-244.02,-780.0,780.0,470.0,19.22,79.18,-0.5191914893617021,-17.000000000000004,1.0,-10.999999999999998,4.999999999999999,-1.0000000000000002,-1.0,0.0,0.0,0.0,0.0,1.0,0.0,0.0,0.0,0.0,0.0,0.0,0.0,0.0,0.0,0.0,0.0,0.0,0.0,0.0,0.0,0.0,0.0,0.0,0.0,0.0,0.0,0.0,0.0,0.0,0.0,0.0,0.0,0.0,0.0,0.0,0.0,0.0
BA,Bear Call Spread,-213.06,-590.0,590.0,410.0,20.11,78.3,-0.5196585365853659,-14.000000000000002,1.0,-6.999999999999998,3.9999999999999996,0.0,0.0,-1.0,0.0,0.0,0.0,1.0,0.0,0.0,0.0,0.0,0.0,0.0,0.0,0.0,0.0,0.0,0.0,0.0,0.0,0.0,0.0,0.0,0.0,0.0,0.0,0.0,0.0,0.0,0.0,0.0,0.0,0.0,0.0,0.0,0.0,0.0,0.0,0.0
BA,Bear Call Spread,-151.22,-210.0,210.0,290.0,26.13,72.28,-0.521448275862069,-8.999999999999996,0.0,-3.9999999999999982,0.9999999999999996,0.0,0.0,0.0,0.0,0.0,-1.0,0.0,1.0,0.0,0.0,0.0,0.0,0.0,0.0,0.0,0.0,0.0,0.0,0.0,0.0,0.0,0.0,0.0,0.0,0.0,0.0,0.0,0.0,0.0,0.0,0.0,0.0,0.0,0.0,0.0,0.0,0.0,0.0,0.0
BA,Bear Call Spread,-127.98,-255.0,255.0,245.0,22.6,75.8,-0.5223673469387755,-7.000000000000006,1.0,-1.9999999999999962,1.9999999999999991,0.0,0.0,0.0,0.0,-1.0,0.0,1.0,0.0,0.0,0.0,0.0,0.0,0.0,0.0,0.0,0.0,0.0,0.0,0.0,0.0,0.0,0.0,0.0,0.0,0.0,0.0,0.0,0.0,0.0,0.0,0.0,0.0,0.0,0.0,0.0,0.0,0.0,0.0,0.0
BA,Bear Call Spread,-177.72,-160.0,160.0,340.0,29.71,68.69,-0.5227058823529411,-8.999999999999996,0.0,-4.0000000000000036,1.0000000000000009,-1.0000000000000002,0.0,0.0,0.0,0.0,0.0,-1.0,0.0,1.0,0.0,0.0,0.0,0.0,0.0,0.0,0.0,0.0,0.0,0.0,0.0,0.0,0.0,0.0,0.0,0.0,0.0,0.0,0.0,0.0,0.0,0.0,0.0,0.0,0.0,0.0,0.0,0.0,0.0,0.0
BA,Bear Call Spread,-202.28,-635.0,635.0,365.0,17.11,81.29,-0.5541917808219178,-13.0,1.0,-9.000000000000002,3.9999999999999996,-1.0000000000000002,-1.0,0.0,0.0,0.0,1.0,0.0,0.0,0.0,0.0,0.0,0.0,0.0,0.0,0.0,0.0,0.0,0.0,0.0,0.0,0.0,0.0,0.0,0.0,0.0,0.0,0.0,0.0,0.0,0.0,0.0,0.0,0.0,0.0,0.0,0.0,0.0,0.0,0.0
BA,Bear Call Spread,-171.31,-445.0,445.0,305.0,17.93,80.47,-0.561672131147541,-9.999999999999998,1.0,-5.000000000000002,3.0,0.0,0.0,-1.0,0.0,0.0,1.0,0.0,0.0,0.0,0.0,0.0,0.0,0.0,0.0,0.0,0.0,0.0,0.0,0.0,0.0,0.0,0.0,0.0,0.0,0.0,0.0,0.0,0.0,0.0,0.0,0.0,0.0,0.0,0.0,0.0,0.0,0.0,0.0,0.0
BA,Bear Call Spread,-127.33,-275.0000000000002,275.0000000000002,224.99999999999977,19.07,79.33,-0.5659111111111117,-6.000000000000005,1.0,-3.0000000000000027,2.0000000000000004,0.0,0.0,0.0,-1.0,0.0,1.0,0.0,0.0,0.0,0.0,0.0,0.0,0.0,0.0,0.0,0.0,0.0,0.0,0.0,0.0,0.0,0.0,0.0,0.0,0.0,0.0,0.0,0.0,0.0,0.0,0.0,0.0,0.0,0.0,0.0,0.0,0.0,0.0,0.0
BA,Bear Call Spread,-86.24,-110.0,110.0,140.0,20.41,77.99,-0.616,-3.0000000000000027,1.0,0.0,0.9999999999999996,0.0,0.0,0.0,0.0,-1.0,1.0,0.0,0.0,0.0,0.0,0.0,0.0,0.0,0.0,0.0,0.0,0.0,0.0,0.0,0.0,0.0,0.0,0.0,0.0,0.0,0.0,0.0,0.0,0.0,0.0,0.0,0.0,0.0,0.0,0.0,0.0,0.0,0.0,0.0
BA,Bear Call Spread,-151.89,-10.0,10.0,240.0,31.57,66.83,-0.632875,-4.0000000000000036,0.0,-2.0000000000000018,1.0000000000000009,-1.0000000000000002,0.0,0.0,0.0,0.0,0.0,0.0,-1.0,1.0,0.0,0.0,0.0,0.0,0.0,0.0,0.0,0.0,0.0,0.0,0.0,0.0,0.0,0.0,0.0,0.0,0.0,0.0,0.0,0.0,0.0,0.0,0.0,0.0,0.0,0.0,0.0,0.0,0.0,0.0
BA,Bear Call Spread,-143.92,-30.0,30.0,220.0,27.36,71.05,-0.6541818181818181,-4.999999999999993,0.0,-2.0000000000000018,0.0,0.0,0.0,0.0,0.0,0.0,0.0,-1.0,1.0,0.0,0.0,0.0,0.0,0.0,0.0,0.0,0.0,0.0,0.0,0.0,0.0,0.0,0.0,0.0,0.0,0.0,0.0,0.0,0.0,0.0,0.0,0.0,0.0,0.0,0.0,0.0,0.0,0.0,0.0,0.0
BA,Bear Call Spread,-125.39,-60.0,60.0,190.0,23.58,74.82,-0.6599473684210526,-4.0000000000000036,0.0,-1.9999999999999962,0.9999999999999996,0.0,0.0,0.0,0.0,0.0,-1.0,1.0,0.0,0.0,0.0,0.0,0.0,0.0,0.0,0.0,0.0,0.0,0.0,0.0,0.0,0.0,0.0,0.0,0.0,0.0,0.0,0.0,0.0,0.0,0.0,0.0,0.0,0.0,0.0,0.0,0.0,0.0,0.0,0.0
BA,Bear Call Spread,-234.13,-405.0000000000002,405.0000000000002,344.9999999999998,14.2,84.2,-0.6786376811594207,-9.999999999999998,0.0,-9.000000000000002,3.0,-1.0000000000000002,-1.0,0.0,0.0,1.0,0.0,0.0,0.0,0.0,0.0,0.0,0.0,0.0,0.0,0.0,0.0,0.0,0.0,0.0,0.0,0.0,0.0,0.0,0.0,0.0,0.0,0.0,0.0,0.0,0.0,0.0,0.0,0.0,0.0,0.0,0.0,0.0,0.0,0.0
BA,Bear Call Spread,-203.16,-215.00000000000023,215.00000000000023,284.9999999999998,14.92,83.48,-0.7128421052631585,-6.999999999999995,0.0,-5.000000000000002,2.0000000000000004,0.0,0.0,-1.0,0.0,1.0,0.0,0.0,0.0,0.0,0.0,0.0,0.0,0.0,0.0,0.0,0.0,0.0,0.0,0.0,0.0,0.0,0.0,0.0,0.0,0.0,0.0,0.0,0.0,0.0,0.0,0.0,0.0,0.0,0.0,0.0,0.0,0.0,0.0,0.0
BA,Bear Call Spread,-217.64,-215.0,215.0,285.0,12.1,86.31,-0.7636491228070175,-6.999999999999995,0.0,-6.0,1.9999999999999991,-1.0000000000000002,-1.0,0.0,1.0,0.0,0.0,0.0,0.0,0.0,0.0,0.0,0.0,0.0,0.0,0.0,0.0,0.0,0.0,0.0,0.0,0.0,0.0,0.0,0.0,0.0,0.0,0.0,0.0,0.0,0.0,0.0,0.0,0.0,0.0,0.0,0.0,0.0,0.0,0.0
BA,Bear Call Spread,-159.17,-45.000000000000455,45.000000000000455,204.99999999999955,15.92,82.48,-0.7764390243902456,-3.0000000000000027,0.0,-3.0000000000000027,1.0000000000000009,0.0,0.0,0.0,-1.0,1.0,0.0,0.0,0.0,0.0,0.0,0.0,0.0,0.0,0.0,0.0,0.0,0.0,0.0,0.0,0.0,0.0,0.0,0.0,0.0,0.0,0.0,0.0,0.0,0.0,0.0,0.0,0.0,0.0,0.0,0.0,0.0,0.0,0.0,0.0
BA,Bear Call Spread,-186.67,-25.0,25.0,225.0,12.73,85.67,-0.8296444444444444,-3.9999999999999925,0.0,-1.9999999999999991,0.9999999999999996,0.0,0.0,-1.0,1.0,0.0,0.0,0.0,0.0,0.0,0.0,0.0,0.0,0.0,0.0,0.0,0.0,0.0,0.0,0.0,0.0,0.0,0.0,0.0,0.0,0.0,0.0,0.0,0.0,0.0,0.0,0.0,0.0,0.0,0.0,0.0,0.0,0.0,0.0,0.0
BA,Bear Put Spread,-173.69,680.0,70.0,680.0,61.35,37.06,-0.2554264705882353,-9.999999999999998,-1.0,2.9999999999999973,-2.0000000000000004,0.0,0.0,0.0,0.0,0.0,0.0,0.0,0.0,0.0,0.0,0.0,0.0,0.0,0.0,0.0,0.0,0.0,0.0,0.0,0.0,0.0,0.0,0.0,0.0,0.0,0.0,0.0,0.0,0.0,0.0,0.0,0.0,-1.0,0.0,0.0,1.0,0.0,0.0,0.0
BA,Bear Put Spread,-169.22,655.0,845.0,655.0,33.09,65.31,-0.2583511450381679,-25.0,1.0,-6.999999999999995,3.0,-0.9999999999999999,0.0,0.0,0.0,0.0,0.0,0.0,0.0,0.0,0.0,0.0,0.0,0.0,0.0,0.0,0.0,0.0,0.0,0.0,0.0,0.0,0.0,0.0,-1.0,0.0,0.0,0.0,0.0,0.0,1.0,0.0,0.0,0.0,0.0,0.0,0.0,0.0,0.0,0.0
BA,Bear Put Spread,-145.26,520.0000000000001,729.9999999999999,520.0000000000001,31.01,67.39,-0.27934615384615374,-21.000000000000004,1.0,-6.999999999999995,3.0,-0.9999999999999999,0.0,0.0,0.0,0.0,0.0,0.0,0.0,0.0,0.0,0.0,0.0,0.0,0.0,0.0,0.0,0.0,0.0,0.0,0.0,0.0,0.0,0.0,-1.0,0.0,0.0,0.0,0.0,1.0,0.0,0.0,0.0,0.0,0.0,0.0,0.0,0.0,0.0,0.0
BA,Bear Put Spread,-207.36,737.0,1013.0,737.0,31.57,66.83,-0.2813568521031208,-28.000000000000004,1.0,-9.999999999999998,4.000000000000001,-1.9999999999999998,0.0,0.0,0.0,0.0,0.0,0.0,0.0,0.0,0.0,0.0,0.0,0.0,0.0,0.0,0.0,0.0,0.0,0.0,0.0,0.0,0.0,-1.0,0.0,0.0,0.0,0.0,0.0,0.0,1.0,0.0,0.0,0.0,0.0,0.0,0.0,0.0,0.0,0.0
BA,Bear Put Spread,-193.62,669.9999999999998,80.00000000000023,669.9999999999998,57.15,41.25,-0.2889850746268658,-11.00000000000001,-1.0,2.9999999999999973,-1.0000000000000009,0.0,0.0,0.0,0.0,0.0,0.0,0.0,0.0,0.0,0.0,0.0,0.0,0.0,0.0,0.0,0.0,0.0,0.0,0.0,0.0,0.0,0.0,0.0,0.0,0.0,0.0,0.0,0.0,0.0,0.0,0.0,-1.0,0.0,0.0,1.0,0.0,0.0,0.0,0.0
BA,Bear Put Spread,-176.47,610.0,640.0,610.0,34.05,64.35,-0.2892950819672131,-20.999999999999996,1.0,-6.0,2.0000000000000004,-0.9999999999999999,0.0,0.0,0.0,0.0,0.0,0.0,0.0,0.0,0.0,0.0,0.0,0.0,0.0,0.0,0.0,0.0,0.0,0.0,0.0,0.0,0.0,0.0,0.0,-1.0,0.0,0.0,0.0,0.0,1.0,0.0,0.0,0.0,0.0,0.0,0.0,0.0,0.0,0.0
BA,Bear Put Spread,-181.54,625.0000000000002,124.99999999999977,625.0000000000002,53.27,45.13,-0.2904639999999999,-12.0,0.0,1.9999999999999962,-1.0000000000000009,-1.0000000000000002,0.0,0.0,0.0,0.0,0.0,0.0,0.0,0.0,0.0,0.0,0.0,0.0,0.0,0.0,0.0,0.0,0.0,0.0,0.0,0.0,0.0,0.0,0.0,0.0,0.0,0.0,0.0,0.0,0.0,-1.0,0.0,0.0,1.0,0.0,0.0,0.0,0.0,0.0
BA,Bear Put Spread,-198.33,681.0000000000001,1319.0,681.0000000000001,28.07,70.33,-0.2912334801762114,-30.000000000000004,1.0,-13.999999999999998,5.0,-1.9999999999999998,0.0,0.0,0.0,0.0,0.0,0.0,0.0,0.0,0.0,0.0,0.0,0.0,0.0,0.0,0.0,0.0,0.0,0.0,0.0,-1.0,0.0,0.0,0.0,0.0,0.0,0.0,0.0,1.0,0.0,0.0,0.0,0.0,0.0,0.0,0.0,0.0,0.0,0.0
BA,Bear Put Spread,-215.18,735.0,265.0,735.0,46.29,52.11,-0.2927619047619048,-15.999999999999998,0.0,0.0,0.0,-1.0000000000000002,0.0,0.0,0.0,0.0,0.0,0.0,0.0,0.0,0.0,0.0,0.0,0.0,0.0,0.0,0.0,0.0,0.0,0.0,0.0,0.0,0.0,0.0,0.0,0.0,0.0,0.0,0.0,-1.0,0.0,0.0,0.0,1.0,0.0,0.0,0.0,0.0,0.0,0.0
BA,Bear Put Spread,-154.41,525.0,475.0,525.0,35.6,62.8,-0.2941142857142857,-17.0,0.0,-3.9999999999999982,1.0000000000000009,-0.9999999999999999,0.0,0.0,0.0,0.0,0.0,0.0,0.0,0.0,0.0,0.0,0.0,0.0,0.0,0.0,0.0,0.0,0.0,0.0,0.0,0.0,0.0,0.0,0.0,0.0,-1.0,0.0,0.0,0.0,1.0,0.0,0.0,0.0,0.0,0.0,0.0,0.0,0.0,0.0
BA,Bear Put Spread,-190.0,644.0000000000001,1106.0,644.0000000000001,28.61,69.79,-0.29503105590062106,-28.000000000000004,1.0,-11.999999999999996,5.0,-1.9999999999999998,0.0,0.0,0.0,0.0,0.0,0.0,0.0,0.0,0.0,0.0,0.0,0.0,0.0,0.0,0.0,0.0,0.0,0.0,0.0,0.0,-1.0,0.0,0.0,0.0,0.0,0.0,0.0,1.0,0.0,0.0,0.0,0.0,0.0,0.0,0.0,0.0,0.0,0.0
BA,Bear Put Spread,-183.4,602.0000000000001,897.9999999999999,602.0000000000001,29.53,68.88,-0.30465116279069765,-24.000000000000004,1.0,-9.999999999999998,4.000000000000001,-1.9999999999999998,0.0,0.0,0.0,0.0,0.0,0.0,0.0,0.0,0.0,0.0,0.0,0.0,0.0,0.0,0.0,0.0,0.0,0.0,0.0,0.0,0.0,-1.0,0.0,0.0,0.0,0.0,0.0,1.0,0.0,0.0,0.0,0.0,0.0,0.0,0.0,0.0,0.0,0.0
BA,Bear Put Spread,-209.31,680.0,320.0,680.0,42.52,55.88,-0.30780882352941175,-16.999999999999993,0.0,-1.0000000000000009,0.0,-1.0000000000000002,0.0,0.0,0.0,0.0,0.0,0.0,0.0,0.0,0.0,0.0,0.0,0.0,0.0,0.0,0.0,0.0,0.0,0.0,0.0,0.0,0.0,0.0,0.0,0.0,0.0,0.0,-1.0,0.0,0.0,0.0,1.0,0.0,0.0,0.0,0.0,0.0,0.0,0.0
BA,Bear Put Spread,-220.15,715.0,535.0,715.0,36.78,61.63,-0.30790209790209794,-21.000000000000004,0.0,-4.999999999999999,1.0000000000000009,-0.9999999999999999,0.0,0.0,0.0,0.0,0.0,0.0,0.0,0.0,0.0,0.0,0.0,0.0,0.0,0.0,0.0,0.0,0.0,0.0,0.0,0.0,0.0,0.0,0.0,0.0,-1.0,0.0,0.0,0.0,0.0,1.0,0.0,0.0,0.0,0.0,0.0,0.0,0.0,0.0
BA,Bear Put Spread,-133.49,430.0,320.0,430.0,37.56,60.84,-0.3104418604651163,-13.0,0.0,-1.9999999999999962,1.0000000000000009,-0.9999999999999999,0.0,0.0,0.0,0.0,0.0,0.0,0.0,0.0,0.0,0.0,0.0,0.0,0.0,0.0,0.0,0.0,0.0,0.0,0.0,0.0,0.0,0.0,0.0,0.0,0.0,-1.0,0.0,0.0,1.0,0.0,0.0,0.0,0.0,0.0,0.0,0.0,0.0,0.0
BA,Bear Put Spread,-191.22,600.0000000000001,149.9999999999999,600.0000000000001,49.04,49.36,-0.31869999999999993,-12.0,0.0,0.0,0.0,-1.0000000000000002,0.0,0.0,0.0,0.0,0.0,0.0,0.0,0.0,0.0,0.0,0.0,0.0,0.0,0.0,0.0,0.0,0.0,0.0,0.0,0.0,0.0,0.0,0.0,0.0,0.0,0.0,0.0,0.0,-1.0,0.0,0.0,1.0,0.0,0.0,0.0,0.0,0.0,0.0
BA,Bear Put Spread,-152.51,475.0000000000001,524.9999999999999,475.0000000000001,31.76,66.64,-0.32107368421052623,-17.0,1.0,-6.0,2.0000000000000004,-0.9999999999999999,0.0,0.0,0.0,0.0,0.0,0.0,0.0,0.0,0.0,0.0,0.0,0.0,0.0,0.0,0.0,0.0,0.0,0.0,0.0,0.0,0.0,0.0,0.0,-1.0,0.0,0.0,0.0,1.0,0.0,0.0,0.0,0.0,0.0,0.0,0.0,0.0,0.0,0.0
BA,Bear Put Spread,-199.23,620.0,380.0,620.0,38.75,59.66,-0.32133870967741934,-17.000000000000004,0.0,-2.9999999999999973,1.0000000000000009,-0.9999999999999999,0.0,0.0,0.0,0.0,0.0,0.0,0.0,0.0,0.0,0.0,0.0,0.0,0.0,0.0,0.0,0.0,0.0,0.0,0.0,0.0,0.0,0.0,0.0,0.0,0.0,-1.0,0.0,0.0,0.0,1.0,0.0,0.0,0.0,0.0,0.0,0.0,0.0,0.0
BA,Bear Put Spread,-191.48,576.0,1174.0,576.0,25.43,72.97,-0.33243055555555556,-25.0,1.0,-13.999999999999998,5.0,-1.9999999999999998,0.0,0.0,0.0,0.0,0.0,0.0,0.0,0.0,0.0,0.0,0.0,0.0,0.0,0.0,0.0,0.0,0.0,0.0,0.0,-1.0,0.0,0.0,0.0,0.0,0.0,0.0,1.0,0.0,0.0,0.0,0.0,0.0,0.0,0.0,0.0,0.0,0.0,0.0
BA,Bear Put Spread,-138.42,415.0,585.0,415.0,28.25,70.15,-0.33354216867469877,-16.000000000000004,1.0,-6.999999999999995,3.0,-0.9999999999999999,0.0,0.0,0.0,0.0,0.0,0.0,0.0,0.0,0.0,0.0,0.0,0.0,0.0,0.0,0.0,0.0,0.0,0.0,0.0,0.0,0.0,0.0,-1.0,0.0,0.0,0.0,1.0,0.0,0.0,0.0,0.0,0.0,0.0,0.0,0.0,0.0,0.0,0.0
BA,Bear Put Spread,-130.45,390.00000000000006,359.99999999999994,390.00000000000006,33.47,64.93,-0.33448717948717943,-13.0,0.0,-3.9999999999999982,1.0000000000000009,-0.9999999999999999,0.0,0.0,0.0,0.0,0.0,0.0,0.0,0.0,0.0,0.0,0.0,0.0,0.0,0.0,0.0,0.0,0.0,0.0,0.0,0.0,0.0,0.0,0.0,0.0,-1.0,0.0,0.0,1.0,0.0,0.0,0.0,0.0,0.0,0.0,0.0,0.0,0.0,0.0
BA,Bear Put Spread,-157.34,465.0000000000002,34.99999999999977,465.0000000000002,56.24,42.16,-0.33836559139784933,-8.000000000000007,0.0,1.9999999999999962,-1.0000000000000009,0.0,0.0,0.0,0.0,0.0,0.0,0.0,0.0,0.0,0.0,0.0,0.0,0.0,0.0,0.0,0.0,0.0,0.0,0.0,0.0,0.0,0.0,0.0,0.0,0.0,0.0,0.0,0.0,0.0,0.0,0.0,-1.0,0.0,1.0,0.0,0.0,0.0,0.0,0.0
BA,Bear Put Spread,-183.15,539.0,961.0,539.0,26.13,72.28,-0.33979591836734696,-23.0,1.0,-11.999999999999996,5.0,-1.9999999999999998,0.0,0.0,0.0,0.0,0.0,0.0,0.0,0.0,0.0,0.0,0.0,0.0,0.0,0.0,0.0,0.0,0.0,0.0,0.0,0.0,-1.0,0.0,0.0,0.0,0.0,0.0,1.0,0.0,0.0,0.0,0.0,0.0,0.0,0.0,0.0,0.0,0.0,0.0
BA,Bear Put Spread,-192.62,565.0,185.0,565.0,44.71,53.7,-0.3409203539823009,-11.999999999999995,0.0,-1.0000000000000009,0.0,-1.0000000000000002,0.0,0.0,0.0,0.0,0.0,0.0,0.0,0.0,0.0,0.0,0.0,0.0,0.0,0.0,0.0,0.0,0.0,0.0,0.0,0.0,0.0,0.0,0.0,0.0,0.0,0.0,0.0,-1.0,0.0,0.0,1.0,0.0,0.0,0.0,0.0,0.0,0.0,0.0
BA,Bear Put Spread,-109.53,320.0,180.0,320.0,39.74,58.67,-0.34228125,-8.999999999999996,0.0,0.0,0.0,0.0,0.0,0.0,0.0,0.0,0.0,0.0,0.0,0.0,0.0,0.0,0.0,0.0,0.0,0.0,0.0,0.0,0.0,0.0,0.0,0.0,0.0,0.0,0.0,0.0,0.0,0.0,-1.0,0.0,1.0,0.0,0.0,0.0,0.0,0.0,0.0,0.0,0.0,0.0
BA,Bear Put Spread,-117.08,341.0,909.0,341.0,21.18,77.23,-0.3433431085043988,-17.0,1.0,-10.0,3.9999999999999996,-1.0,0.0,0.0,0.0,0.0,0.0,0.0,0.0,0.0,0.0,0.0,0.0,0.0,0.0,0.0,0.0,0.0,0.0,0.0,0.0,-1.0,0.0,0.0,0.0,0.0,1.0,0.0,0.0,0.0,0.0,0.0,0.0,0.0,0.0,0.0,0.0,0.0,0.0,0.0
BA,Bear Put Spread,-175.27,510.0,240.0,510.0,40.93,57.48,-0.3436666666666667,-13.0,0.0,-1.0000000000000009,0.0,0.0,0.0,0.0,0.0,0.0,0.0,0.0,0.0,0.0,0.0,0.0,0.0,0.0,0.0,0.0,0.0,0.0,0.0,0.0,0.0,0.0,0.0,0.0,0.0,0.0,0.0,0.0,-1.0,0.0,0.0,1.0,0.0,0.0,0.0,0.0,0.0,0.0,0.0,0.0
BA,Bear Put Spread,-176.55,497.0,753.0,497.0,26.83,71.58,-0.3552313883299799,-19.000000000000004,1.0,-9.999999999999998,4.000000000000001,-1.9999999999999998,0.0,0.0,0.0,0.0,0.0,0.0,0.0,0.0,0.0,0.0,0.0,0.0,0.0,0.0,0.0,0.0,0.0,0.0,0.0,0.0,0.0,-1.0,0.0,0.0,0.0,0.0,1.0,0.0,0.0,0.0,0.0,0.0,0.0,0.0,0.0,0.0,0.0,0.0
BA,Bear Put Spread,-64.02,180.0,320.0,180.0,23.75,74.66,-0.35566666666666663,-8.000000000000002,1.0,-2.9999999999999973,1.9999999999999991,0.0,0.0,0.0,0.0,0.0,0.0,0.0,0.0,0.0,0.0,0.0,0.0,0.0,0.0,0.0,0.0,0.0,0.0,0.0,0.0,0.0,0.0,0.0,-1.0,0.0,1.0,0.0,0.0,0.0,0.0,0.0,0.0,0.0,0.0,0.0,0.0,0.0,0.0,0.0
BA,Bear Put Spread,-108.75,304.0,696.0,304.0,21.65,76.76,-0.35773026315789475,-15.0,1.0,-7.999999999999999,3.9999999999999996,-1.0,0.0,0.0,0.0,0.0,0.0,0.0,0.0,0.0,0.0,0.0,0.0,0.0,0.0,0.0,0.0,0.0,0.0,0.0,0.0,0.0,-1.0,0.0,0.0,0.0,1.0,0.0,0.0,0.0,0.0,0.0,0.0,0.0,0.0,0.0,0.0,0.0,0.0,0.0
BA,Bear Put Spread,-167.52,466.0,1034.0,466.0,23.09,75.31,-0.35948497854077255,-21.0,1.0,-12.000000000000002,3.9999999999999996,-1.0,0.0,0.0,0.0,0.0,0.0,0.0,0.0,0.0,0.0,0.0,0.0,0.0,0.0,0.0,0.0,0.0,0.0,0.0,0.0,-1.0,0.0,0.0,0.0,0.0,0.0,1.0,0.0,0.0,0.0,0.0,0.0,0.0,0.0,0.0,0.0,0.0,0.0,0.0
BA,Bear Put Spread,-159.19,429.0,821.0,429.0,23.75,74.66,-0.37107226107226104,-18.999999999999996,1.0,-10.0,3.9999999999999996,-1.0,0.0,0.0,0.0,0.0,0.0,0.0,0.0,0.0,0.0,0.0,0.0,0.0,0.0,0.0,0.0,0.0,0.0,0.0,0.0,0.0,-1.0,0.0,0.0,0.0,0.0,1.0,0.0,0.0,0.0,0.0,0.0,0.0,0.0,0.0,0.0,0.0,0.0,0.0
BA,Bear Put Spread,-109.53,295.0000000000001,204.9999999999999,295.0000000000001,35.21,63.19,-0.3712881355932202,-9.000000000000002,0.0,-1.9999999999999962,1.0000000000000009,-0.9999999999999999,0.0,0.0,0.0,0.0,0.0,0.0,0.0,0.0,0.0,0.0,0.0,0.0,0.0,0.0,0.0,0.0,0.0,0.0,0.0,0.0,0.0,0.0,0.0,0.0,0.0,-1.0,0.0,1.0,0.0,0.0,0.0,0.0,0.0,0.0,0.0,0.0,0.0,0.0
BA,Bear Put Spread,-114.46,305.0,445.0,305.0,25.78,72.62,-0.3752786885245901,-12.0,1.0,-4.999999999999999,1.9999999999999991,0.0,0.0,0.0,0.0,0.0,0.0,0.0,0.0,0.0,0.0,0.0,0.0,0.0,0.0,0.0,0.0,0.0,0.0,0.0,0.0,0.0,0.0,0.0,-1.0,0.0,0.0,1.0,0.0,0.0,0.0,0.0,0.0,0.0,0.0,0.0,0.0,0.0,0.0,0.0
BA,Bear Put Spread,-174.68,460.0,40.0,460.0,51.75,46.65,-0.37973913043478263,-7.9999999999999964,0.0,1.0000000000000009,0.0,-1.0000000000000002,0.0,0.0,0.0,0.0,0.0,0.0,0.0,0.0,0.0,0.0,0.0,0.0,0.0,0.0,0.0,0.0,0.0,0.0,0.0,0.0,0.0,0.0,0.0,0.0,0.0,0.0,0.0,0.0,0.0,-1.0,0.0,1.0,0.0,0.0,0.0,0.0,0.0,0.0
BA,Bear Put Spread,-99.94,260.99999999999994,739.0,260.99999999999994,18.64,79.76,-0.3829118773946361,-13.000000000000004,0.0,-7.999999999999999,3.0,-1.0,0.0,0.0,0.0,0.0,0.0,0.0,0.0,0.0,0.0,0.0,0.0,0.0,0.0,0.0,0.0,0.0,0.0,0.0,0.0,-1.0,0.0,0.0,0.0,1.0,0.0,0.0,0.0,0.0,0.0,0.0,0.0,0.0,0.0,0.0,0.0,0.0,0.0,0.0
BA,Bear Put Spread,-102.15,262.0,488.0,262.0,22.44,75.96,-0.3898854961832061,-11.000000000000002,1.0,-6.0,3.0,-1.0,0.0,0.0,0.0,0.0,0.0,0.0,0.0,0.0,0.0,0.0,0.0,0.0,0.0,0.0,0.0,0.0,0.0,0.0,0.0,0.0,0.0,-1.0,0.0,0.0,1.0,0.0,0.0,0.0,0.0,0.0,0.0,0.0,0.0,0.0,0.0,0.0,0.0,0.0
BA,Bear Put Spread,-168.66,430.0000000000001,69.99999999999989,430.0000000000001,47.48,50.93,-0.3922325581395348,-7.9999999999999964,0.0,-1.0000000000000009,0.0,-1.0000000000000002,0.0,0.0,0.0,0.0,0.0,0.0,0.0,0.0,0.0,0.0,0.0,0.0,0.0,0.0,0.0,0.0,0.0,0.0,0.0,0.0,0.0,0.0,0.0,0.0,0.0,0.0,0.0,0.0,-1.0,0.0,1.0,0.0,0.0,0.0,0.0,0.0,0.0,0.0
BA,Bear Put Spread,-145.66,370.0,380.0,370.0,29.16,69.24,-0.3936756756756757,-12.0,1.0,-6.0,2.0000000000000004,-0.9999999999999999,0.0,0.0,0.0,0.0,0.0,0.0,0.0,0.0,0.0,0.0,0.0,0.0,0.0,0.0,0.0,0.0,0.0,0.0,0.0,0.0,0.0,0.0,0.0,-1.0,0.0,0.0,1.0,0.0,0.0,0.0,0.0,0.0,0.0,0.0,0.0,0.0,0.0,0.0
BA,Bear Put Spread,-152.59,387.0,613.0,387.0,24.41,73.99,-0.3942894056847545,-15.0,1.0,-8.000000000000002,3.0,-1.0,0.0,0.0,0.0,0.0,0.0,0.0,0.0,0.0,0.0,0.0,0.0,0.0,0.0,0.0,0.0,0.0,0.0,0.0,0.0,0.0,0.0,-1.0,0.0,0.0,0.0,1.0,0.0,0.0,0.0,0.0,0.0,0.0,0.0,0.0,0.0,0.0,0.0,0.0
BA,Bear Put Spread,-158.58,395.0,105.0,395.0,43.12,55.29,-0.40146835443037976,-8.000000000000002,0.0,-1.0000000000000009,0.0,0.0,0.0,0.0,0.0,0.0,0.0,0.0,0.0,0.0,0.0,0.0,0.0,0.0,0.0,0.0,0.0,0.0,0.0,0.0,0.0,0.0,0.0,0.0,0.0,0.0,0.0,0.0,0.0,-1.0,0.0,1.0,0.0,0.0,0.0,0.0,0.0,0.0,0.0,0.0
BA,Bear Put Spread,-91.61,223.99999999999994,526.0,223.99999999999994,19.07,79.33,-0.40897321428571437,-11.000000000000002,0.0,-5.999999999999997,3.0,-1.0,0.0,0.0,0.0,0.0,0.0,0.0,0.0,0.0,0.0,0.0,0.0,0.0,0.0,0.0,0.0,0.0,0.0,0.0,0.0,0.0,-1.0,0.0,0.0,1.0,0.0,0.0,0.0,0.0,0.0,0.0,0.0,0.0,0.0,0.0,0.0,0.0,0.0,0.0
BA,Bear Put Spread,-77.67,186.0,564.0,186.0,16.18,82.22,-0.41758064516129034,-9.0,0.0,-7.0000000000000036,2.0000000000000004,-1.0,0.0,0.0,0.0,0.0,0.0,0.0,0.0,0.0,0.0,0.0,0.0,0.0,0.0,0.0,0.0,0.0,0.0,0.0,0.0,-1.0,0.0,0.0,1.0,0.0,0.0,0.0,0.0,0.0,0.0,0.0,0.0,0.0,0.0,0.0,0.0,0.0,0.0,0.0
BA,Bear Put Spread,-123.6,284.99999999999994,215.00000000000006,284.99999999999994,30.64,67.77,-0.43368421052631584,-8.000000000000002,0.0,-3.9999999999999982,1.0000000000000009,-0.9999999999999999,0.0,0.0,0.0,0.0,0.0,0.0,0.0,0.0,0.0,0.0,0.0,0.0,0.0,0.0,0.0,0.0,0.0,0.0,0.0,0.0,0.0,0.0,0.0,0.0,-1.0,0.0,1.0,0.0,0.0,0.0,0.0,0.0,0.0,0.0,0.0,0.0,0.0,0.0
BA,Bear Put Spread,-92.84,205.0,45.0,205.0,41.92,56.48,-0.4528780487804878,-3.9999999999999982,0.0,0.0,0.0,0.0,0.0,0.0,0.0,0.0,0.0,0.0,0.0,0.0,0.0,0.0,0.0,0.0,0.0,0.0,0.0,0.0,0.0,0.0,0.0,0.0,0.0,0.0,0.0,0.0,0.0,0.0,0.0,-1.0,1.0,0.0,0.0,0.0,0.0,0.0,0.0,0.0,0.0,0.0
BA,Bear Put Spread,-85.57,185.0000000000001,64.99999999999989,185.0000000000001,37.36,61.04,-0.4625405405405402,-4.999999999999999,0.0,0.0,0.0,0.0,0.0,0.0,0.0,0.0,0.0,0.0,0.0,0.0,0.0,0.0,0.0,0.0,0.0,0.0,0.0,0.0,0.0,0.0,0.0,0.0,0.0,0.0,0.0,0.0,0.0,0.0,-1.0,1.0,0.0,0.0,0.0,0.0,0.0,0.0,0.0,0.0,0.0,0.0
BA,Bear Put Spread,-69.33,149.0,351.0,149.0,16.71,81.7,-0.4653020134228188,-6.999999999999998,0.0,-5.000000000000002,2.0000000000000004,-1.0,0.0,0.0,0.0,0.0,0.0,0.0,0.0,0.0,0.0,0.0,0.0,0.0,0.0,0.0,0.0,0.0,0.0,0.0,0.0,0.0,-1.0,0.0,1.0,0.0,0.0,0.0,0.0,0.0,0.0,0.0,0.0,0.0,0.0,0.0,0.0,0.0,0.0,0.0
BA,Bear Put Spread,-85.01,181.99999999999997,318.0,181.99999999999997,19.81,78.59,-0.46708791208791217,-7.0000000000000036,0.0,-3.9999999999999982,2.0000000000000004,-1.0,0.0,0.0,0.0,0.0,0.0,0.0,0.0,0.0,0.0,0.0,0.0,0.0,0.0,0.0,0.0,0.0,0.0,0.0,0.0,0.0,0.0,-1.0,0.0,1.0,0.0,0.0,0.0,0.0,0.0,0.0,0.0,0.0,0.0,0.0,0.0,0.0,0.0,0.0
BA,Bear Put Spread,-121.7,260.0,240.0,260.0,26.65,71.75,-0.4680769230769231,-7.9999999999999964,1.0,-4.0000000000000036,0.9999999999999996,0.0,0.0,0.0,0.0,0.0,0.0,0.0,0.0,0.0,0.0,0.0,0.0,0.0,0.0,0.0,0.0,0.0,0.0,0.0,0.0,0.0,0.0,0.0,0.0,-1.0,0.0,1.0,0.0,0.0,0.0,0.0,0.0,0.0,0.0,0.0,0.0,0.0,0.0,0.0
BA,Bear Put Spread,-46.87,99.99999999999994,150.00000000000006,99.99999999999994,21.02,77.38,-0.4687000000000002,-4.0000000000000036,0.0,-0.9999999999999953,0.9999999999999996,0.0,0.0,0.0,0.0,0.0,0.0,0.0,0.0,0.0,0.0,0.0,0.0,0.0,0.0,0.0,0.0,0.0,0.0,0.0,0.0,0.0,0.0,0.0,-1.0,1.0,0.0,0.0,0.0,0.0,0.0,0.0,0.0,0.0,0.0,0.0,0.0,0.0,0.0,0.0
BA,Bear Put Spread,-71.02,136.0,364.0,136.0,13.74,84.67,-0.5222058823529412,-6.0,0.0,-4.000000000000001,0.9999999999999996,0.0,0.0,0.0,0.0,0.0,0.0,0.0,0.0,0.0,0.0,0.0,0.0,0.0,0.0,0.0,0.0,0.0,0.0,0.0,0.0,-1.0,0.0,1.0,0.0,0.0,0.0,0.0,0.0,0.0,0.0,0.0,0.0,0.0,0.0,0.0,0.0,0.0,0.0,0.0
BA,Bear Put Spread,-71.26,135.0,115.0,135.0,24.41,73.99,-0.5278518518518519,-3.9999999999999982,1.0,-2.0000000000000018,0.9999999999999996,0.0,0.0,0.0,0.0,0.0,0.0,0.0,0.0,0.0,0.0,0.0,0.0,0.0,0.0,0.0,0.0,0.0,0.0,0.0,0.0,0.0,0.0,0.0,0.0,-1.0,1.0,0.0,0.0,0.0,0.0,0.0,0.0,0.0,0.0,0.0,0.0,0.0,0.0,0.0
BA,Bear Put Spread,-102.69,190.0,60.0,190.0,32.52,65.88,-0.5404736842105263,-4.0000000000000036,0.0,-1.9999999999999962,1.0000000000000009,-0.9999999999999999,0.0,0.0,0.0,0.0,0.0,0.0,0.0,0.0,0.0,0.0,0.0,0.0,0.0,0.0,0.0,0.0,0.0,0.0,0.0,0.0,0.0,0.0,0.0,0.0,0.0,-1.0,1.0,0.0,0.0,0.0,0.0,0.0,0.0,0.0,0.0,0.0,0.0,0.0
BA,Bear Put Spread,-37.86,67.0,183.0,67.0,11.79,86.62,-0.5650746268656717,-2.0000000000000018,0.0,-2.0000000000000018,0.0,0.0,0.0,0.0,0.0,0.0,0.0,0.0,0.0,0.0,0.0,0.0,0.0,0.0,0.0,0.0,0.0,0.0,0.0,0.0,0.0,-1.0,1.0,0.0,0.0,0.0,0.0,0.0,0.0,0.0,0.0,0.0,0.0,0.0,0.0,0.0,0.0,0.0,0.0,0.0
BA,Bear Put Spread,-99.64,174.99999999999994,75.00000000000006,174.99999999999994,28.07,70.33,-0.5693714285714288,-3.9999999999999982,0.0,-2.0000000000000018,0.0,0.0,0.0,0.0,0.0,0.0,0.0,0.0,0.0,0.0,0.0,0.0,0.0,0.0,0.0,0.0,0.0,0.0,0.0,0.0,0.0,0.0,0.0,0.0,0.0,0.0,-1.0,1.0,0.0,0.0,0.0,0.0,0.0,0.0,0.0,0.0,0.0,0.0,0.0,0.0
BA,Bear Put Spread,-62.74,107.00000000000003,142.99999999999997,107.00000000000003,17.25,81.16,-0.5863551401869157,-3.0,0.0,-3.0000000000000027,1.0000000000000009,-1.0,0.0,0.0,0.0,0.0,0.0,0.0,0.0,0.0,0.0,0.0,0.0,0.0,0.0,0.0,0.0,0.0,0.0,0.0,0.0,0.0,0.0,-1.0,1.0,0.0,0.0,0.0,0.0,0.0,0.0,0.0,0.0,0.0,0.0,0.0,0.0,0.0,0.0,0.0
BA,Bear Put Spread,-62.69,99.0,151.0,99.0,14.2,84.2,-0.6332323232323233,-3.9999999999999982,0.0,-1.9999999999999991,0.9999999999999996,0.0,0.0,0.0,0.0,0.0,0.0,0.0,0.0,0.0,0.0,0.0,0.0,0.0,0.0,0.0,0.0,0.0,0.0,0.0,0.0,0.0,-1.0,1.0,0.0,0.0,0.0,0.0,0.0,0.0,0.0,0.0,0.0,0.0,0.0,0.0,0.0,0.0,0.0,0.0
