Underlying,Name,Expected PnL,Cost of Strategy,Max_Profit,Max_Loss,Prob of Profit,Prob of Loss,Exp_Pnl/Max_Loss,Strategy_Delta,Strategy_Gamma,Strategy_Theta,Strategy_Vega,Strategy_Rho,C_59.5,C_60.0,C_60.5,C_61.0,C_61.5,C_62.0,C_62.5,C_63.0,C_63.5,C_64.0,C_64.5,C_65.0,C_65.5,C_66.0,C_66.5,C_67.0,P_59.5,P_60.0,P_60.5,P_61.0,P_61.5,P_62.0,P_62.5,P_63.0,P_63.5,P_64.0,P_64.5,P_65.0,P_65.5,P_66.0,P_66.5,P_67.0
CVS,Bear Call Spread,-64.68,-280.0,280.0,370.0,42.08,57.92,-0.17481081081081082,-54.0,0.0,1.9999999999999998,-1.0000000000000002,-1.0,0.0,0.0,-1.0,0.0,0.0,0.0,0.0,0.0,0.0,0.0,0.0,0.0,0.0,0.0,0.0,1.0,0.0,0.0,0.0,0.0,0.0,0.0,0.0,0.0,0.0,0.0,0.0,0.0,0.0,0.0,0.0,0.0
CVS,Bear Call Spread,-69.74,-315.0,315.0,385.0,40.35,59.65,-0.18114285714285713,-58.00000000000001,1.0000000000000009,1.0000000000000002,-1.0000000000000002,-1.0,0.0,-1.0,0.0,0.0,0.0,0.0,0.0,0.0,0.0,0.0,0.0,0.0,0.0,0.0,0.0,1.0,0.0,0.0,0.0,0.0,0.0,0.0,0.0,0.0,0.0,0.0,0.0,0.0,0.0,0.0,0.0,0.0
CVS,Bear Call Spread,-58.96,-175.0,175.0,325.0,45.64,54.36,-0.18141538461538462,-44.0,-0.9999999999999996,1.9999999999999998,-2.0000000000000004,-1.0,0.0,0.0,0.0,0.0,0.0,-1.0,0.0,0.0,0.0,0.0,0.0,0.0,0.0,0.0,0.0,1.0,0.0,0.0,0.0,0.0,0.0,0.0,0.0,0.0,0.0,0.0,0.0,0.0,0.0,0.0,0.0,0.0
CVS,Bear Call Spread,-66.12,-240.0,240.0,360.0,42.96,57.04,-0.18366666666666667,-51.0,0.0,1.9999999999999998,-1.0000000000000002,-1.0,0.0,0.0,0.0,-1.0,0.0,0.0,0.0,0.0,0.0,0.0,0.0,0.0,0.0,0.0,0.0,1.0,0.0,0.0,0.0,0.0,0.0,0.0,0.0,0.0,0.0,0.0,0.0,0.0,0.0,0.0,0.0,0.0
CVS,Bear Call Spread,-60.63,-271.0,271.0,329.0,41.21,58.79,-0.1842857142857143,-49.0,0.0,0.9999999999999996,0.0,0.0,0.0,0.0,-1.0,0.0,0.0,0.0,0.0,0.0,0.0,0.0,0.0,0.0,0.0,0.0,1.0,0.0,0.0,0.0,0.0,0.0,0.0,0.0,0.0,0.0,0.0,0.0,0.0,0.0,0.0,0.0,0.0,0.0
CVS,Bear Call Spread,-54.37,-262.0,262.0,288.0,40.35,59.65,-0.1887847222222222,-47.0,0.9999999999999996,0.9999999999999996,0.0,0.0,0.0,0.0,-1.0,0.0,0.0,0.0,0.0,0.0,0.0,0.0,0.0,0.0,0.0,1.0,0.0,0.0,0.0,0.0,0.0,0.0,0.0,0.0,0.0,0.0,0.0,0.0,0.0,0.0,0.0,0.0,0.0,0.0
CVS,Bear Call Spread,-48.98,-91.0,91.0,259.0,52.14,47.86,-0.1891119691119691,-30.0,-1.9999999999999991,3.0000000000000004,-2.0000000000000004,-1.0,0.0,0.0,0.0,0.0,0.0,0.0,0.0,0.0,-1.0,0.0,0.0,0.0,0.0,0.0,0.0,1.0,0.0,0.0,0.0,0.0,0.0,0.0,0.0,0.0,0.0,0.0,0.0,0.0,0.0,0.0,0.0,0.0
CVS,Bear Call Spread,-43.94,-69.0,69.0,231.0,55.0,45.0,-0.1902164502164502,-26.0,-1.9999999999999991,3.0000000000000004,-2.0000000000000004,-1.0,0.0,0.0,0.0,0.0,0.0,0.0,0.0,0.0,0.0,-1.0,0.0,0.0,0.0,0.0,0.0,1.0,0.0,0.0,0.0,0.0,0.0,0.0,0.0,0.0,0.0,0.0,0.0,0.0,0.0,0.0,0.0,0.0
CVS,Bear Call Spread,-58.6,-142.0,142.0,308.0,47.47,52.53,-0.19025974025974027,-38.99999999999999,-1.9999999999999991,3.0000000000000004,-2.0000000000000004,-1.0,0.0,0.0,0.0,0.0,0.0,0.0,-1.0,0.0,0.0,0.0,0.0,0.0,0.0,0.0,0.0,1.0,0.0,0.0,0.0,0.0,0.0,0.0,0.0,0.0,0.0,0.0,0.0,0.0,0.0,0.0,0.0,0.0
CVS,Bear Call Spread,-65.68,-306.0,306.0,344.0,39.5,60.5,-0.19093023255813957,-53.0,1.0000000000000009,0.0,0.0,0.0,0.0,-1.0,0.0,0.0,0.0,0.0,0.0,0.0,0.0,0.0,0.0,0.0,0.0,0.0,1.0,0.0,0.0,0.0,0.0,0.0,0.0,0.0,0.0,0.0,0.0,0.0,0.0,0.0,0.0,0.0,0.0,0.0
CVS,Bear Call Spread,-54.9,-166.0,166.0,284.0,44.74,55.26,-0.19330985915492957,-39.0,-0.9999999999999996,0.9999999999999996,-1.0000000000000002,0.0,0.0,0.0,0.0,0.0,0.0,-1.0,0.0,0.0,0.0,0.0,0.0,0.0,0.0,0.0,1.0,0.0,0.0,0.0,0.0,0.0,0.0,0.0,0.0,0.0,0.0,0.0,0.0,0.0,0.0,0.0,0.0,0.0
CVS,Bear Call Spread,-62.07,-231.0,231.0,319.0,42.08,57.92,-0.194576802507837,-46.0,0.0,0.9999999999999996,0.0,0.0,0.0,0.0,0.0,-1.0,0.0,0.0,0.0,0.0,0.0,0.0,0.0,0.0,0.0,0.0,1.0,0.0,0.0,0.0,0.0,0.0,0.0,0.0,0.0,0.0,0.0,0.0,0.0,0.0,0.0,0.0,0.0,0.0
CVS,Bear Call Spread,-59.42,-297.0,297.0,303.0,38.66,61.34,-0.1961056105610561,-51.0,2.0000000000000004,0.0,0.0,0.0,0.0,-1.0,0.0,0.0,0.0,0.0,0.0,0.0,0.0,0.0,0.0,0.0,0.0,1.0,0.0,0.0,0.0,0.0,0.0,0.0,0.0,0.0,0.0,0.0,0.0,0.0,0.0,0.0,0.0,0.0,0.0,0.0
CVS,Bear Call Spread,-57.23,-112.0,112.0,288.0,49.32,50.68,-0.19871527777777775,-35.0,-1.9999999999999991,3.0000000000000004,-2.0000000000000004,-1.0,0.0,0.0,0.0,0.0,0.0,0.0,0.0,-1.0,0.0,0.0,0.0,0.0,0.0,0.0,0.0,1.0,0.0,0.0,0.0,0.0,0.0,0.0,0.0,0.0,0.0,0.0,0.0,0.0,0.0,0.0,0.0,0.0
CVS,Bear Call Spread,-48.64,-157.0,157.0,243.0,43.85,56.15,-0.20016460905349795,-37.0,0.0,0.9999999999999996,-1.0000000000000002,0.0,0.0,0.0,0.0,0.0,0.0,-1.0,0.0,0.0,0.0,0.0,0.0,0.0,0.0,1.0,0.0,0.0,0.0,0.0,0.0,0.0,0.0,0.0,0.0,0.0,0.0,0.0,0.0,0.0,0.0,0.0,0.0,0.0
CVS,Bear Call Spread,-55.81,-222.0,222.0,278.0,41.21,58.79,-0.20075539568345324,-43.99999999999999,0.9999999999999996,0.9999999999999996,0.0,0.0,0.0,0.0,0.0,-1.0,0.0,0.0,0.0,0.0,0.0,0.0,0.0,0.0,0.0,1.0,0.0,0.0,0.0,0.0,0.0,0.0,0.0,0.0,0.0,0.0,0.0,0.0,0.0,0.0,0.0,0.0,0.0,0.0
CVS,Bear Call Spread,-54.55,-133.0,133.0,267.0,46.55,53.45,-0.2043071161048689,-34.0,-1.9999999999999991,2.0000000000000004,-1.0000000000000002,0.0,0.0,0.0,0.0,0.0,0.0,0.0,-1.0,0.0,0.0,0.0,0.0,0.0,0.0,0.0,1.0,0.0,0.0,0.0,0.0,0.0,0.0,0.0,0.0,0.0,0.0,0.0,0.0,0.0,0.0,0.0,0.0,0.0
CVS,Bear Call Spread,-44.92,-82.0,82.0,218.0,51.2,48.8,-0.20605504587155965,-25.0,-1.9999999999999991,2.0000000000000004,-1.0000000000000002,0.0,0.0,0.0,0.0,0.0,0.0,0.0,0.0,0.0,-1.0,0.0,0.0,0.0,0.0,0.0,1.0,0.0,0.0,0.0,0.0,0.0,0.0,0.0,0.0,0.0,0.0,0.0,0.0,0.0,0.0,0.0,0.0,0.0
CVS,Bear Call Spread,-39.88,-60.0,60.0,190.0,54.05,45.95,-0.20989473684210527,-21.000000000000004,-1.9999999999999991,2.0000000000000004,-1.0000000000000002,0.0,0.0,0.0,0.0,0.0,0.0,0.0,0.0,0.0,0.0,-1.0,0.0,0.0,0.0,0.0,1.0,0.0,0.0,0.0,0.0,0.0,0.0,0.0,0.0,0.0,0.0,0.0,0.0,0.0,0.0,0.0,0.0,0.0
CVS,Bear Call Spread,-86.17,-340.0,340.0,410.0,38.66,61.34,-0.21017073170731707,-62.000000000000014,1.0000000000000009,1.0000000000000002,0.0,-1.0,-1.0,0.0,0.0,0.0,0.0,0.0,0.0,0.0,0.0,0.0,0.0,0.0,0.0,0.0,0.0,1.0,0.0,0.0,0.0,0.0,0.0,0.0,0.0,0.0,0.0,0.0,0.0,0.0,0.0,0.0,0.0,0.0
CVS,Bear Call Spread,-43.21,-45.0,45.0,205.0,56.92,43.08,-0.21078048780487804,-21.000000000000004,-1.9999999999999991,1.9999999999999998,-2.0000000000000004,-1.0,0.0,0.0,0.0,0.0,0.0,0.0,0.0,0.0,0.0,0.0,-1.0,0.0,0.0,0.0,0.0,1.0,0.0,0.0,0.0,0.0,0.0,0.0,0.0,0.0,0.0,0.0,0.0,0.0,0.0,0.0,0.0,0.0
CVS,Bear Call Spread,-35.86,-30.0,30.0,170.0,60.75,39.25,-0.21094117647058824,-17.0,-1.9999999999999991,1.9999999999999998,-1.0000000000000002,-1.0,0.0,0.0,0.0,0.0,0.0,0.0,0.0,0.0,0.0,0.0,0.0,-1.0,0.0,0.0,0.0,1.0,0.0,0.0,0.0,0.0,0.0,0.0,0.0,0.0,0.0,0.0,0.0,0.0,0.0,0.0,0.0,0.0
CVS,Bear Call Spread,-48.28,-124.0,124.0,226.0,45.64,54.36,-0.2136283185840708,-31.999999999999996,-0.9999999999999996,2.0000000000000004,-1.0000000000000002,0.0,0.0,0.0,0.0,0.0,0.0,0.0,-1.0,0.0,0.0,0.0,0.0,0.0,0.0,1.0,0.0,0.0,0.0,0.0,0.0,0.0,0.0,0.0,0.0,0.0,0.0,0.0,0.0,0.0,0.0,0.0,0.0,0.0
CVS,Bear Call Spread,-53.18,-103.0,103.0,247.0,48.39,51.61,-0.21530364372469635,-30.000000000000004,-1.9999999999999991,2.0000000000000004,-1.0000000000000002,0.0,0.0,0.0,0.0,0.0,0.0,0.0,0.0,-1.0,0.0,0.0,0.0,0.0,0.0,0.0,1.0,0.0,0.0,0.0,0.0,0.0,0.0,0.0,0.0,0.0,0.0,0.0,0.0,0.0,0.0,0.0,0.0,0.0
CVS,Bear Call Spread,-38.66,-73.0,73.0,177.0,50.26,49.74,-0.2184180790960452,-23.0,-0.9999999999999996,2.0000000000000004,-1.0000000000000002,0.0,0.0,0.0,0.0,0.0,0.0,0.0,0.0,0.0,-1.0,0.0,0.0,0.0,0.0,1.0,0.0,0.0,0.0,0.0,0.0,0.0,0.0,0.0,0.0,0.0,0.0,0.0,0.0,0.0,0.0,0.0,0.0,0.0
CVS,Bear Call Spread,-79.17,-190.0,190.0,360.0,42.96,57.04,-0.21991666666666668,-48.00000000000001,-0.9999999999999996,1.9999999999999998,-1.0000000000000002,-1.0,0.0,0.0,0.0,0.0,-1.0,0.0,0.0,0.0,0.0,0.0,0.0,0.0,0.0,0.0,0.0,1.0,0.0,0.0,0.0,0.0,0.0,0.0,0.0,0.0,0.0,0.0,0.0,0.0,0.0,0.0,0.0,0.0
CVS,Bear Call Spread,-82.11,-331.0,331.0,369.0,37.83,62.17,-0.22252032520325202,-57.00000000000001,1.0000000000000009,0.0,1.0000000000000002,0.0,-1.0,0.0,0.0,0.0,0.0,0.0,0.0,0.0,0.0,0.0,0.0,0.0,0.0,0.0,1.0,0.0,0.0,0.0,0.0,0.0,0.0,0.0,0.0,0.0,0.0,0.0,0.0,0.0,0.0,0.0,0.0,0.0
CVS,Bear Call Spread,-57.79,-241.0,241.0,259.0,38.66,61.34,-0.22312741312741313,-41.0,0.9999999999999996,0.0,0.0,0.0,0.0,0.0,-1.0,0.0,0.0,0.0,0.0,0.0,0.0,0.0,0.0,0.0,1.0,0.0,0.0,0.0,0.0,0.0,0.0,0.0,0.0,0.0,0.0,0.0,0.0,0.0,0.0,0.0,0.0,0.0,0.0,0.0
CVS,Bear Call Spread,-49.83,-229.0,229.0,221.0,37.83,62.17,-0.22547511312217194,-37.0,1.9999999999999991,0.0,0.0,0.0,0.0,0.0,-1.0,0.0,0.0,0.0,0.0,0.0,0.0,0.0,0.0,1.0,0.0,0.0,0.0,0.0,0.0,0.0,0.0,0.0,0.0,0.0,0.0,0.0,0.0,0.0,0.0,0.0,0.0,0.0,0.0,0.0
CVS,Bear Call Spread,-33.62,-51.0,51.0,149.0,53.09,46.91,-0.22563758389261743,-19.0,-0.9999999999999996,2.0000000000000004,-1.0000000000000002,0.0,0.0,0.0,0.0,0.0,0.0,0.0,0.0,0.0,0.0,-1.0,0.0,0.0,0.0,1.0,0.0,0.0,0.0,0.0,0.0,0.0,0.0,0.0,0.0,0.0,0.0,0.0,0.0,0.0,0.0,0.0,0.0,0.0
CVS,Bear Call Spread,-46.92,-94.0,94.0,206.0,47.47,52.53,-0.22776699029126216,-28.000000000000004,-0.9999999999999996,2.0000000000000004,-1.0000000000000002,0.0,0.0,0.0,0.0,0.0,0.0,0.0,0.0,-1.0,0.0,0.0,0.0,0.0,0.0,1.0,0.0,0.0,0.0,0.0,0.0,0.0,0.0,0.0,0.0,0.0,0.0,0.0,0.0,0.0,0.0,0.0,0.0,0.0
CVS,Bear Call Spread,-62.84,-276.0,276.0,274.0,37.01,62.99,-0.22934306569343066,-45.0,2.0000000000000004,-0.9999999999999996,0.0,0.0,0.0,-1.0,0.0,0.0,0.0,0.0,0.0,0.0,0.0,0.0,0.0,0.0,1.0,0.0,0.0,0.0,0.0,0.0,0.0,0.0,0.0,0.0,0.0,0.0,0.0,0.0,0.0,0.0,0.0,0.0,0.0,0.0
CVS,Bear Call Spread,-75.85,-322.0,322.0,328.0,37.01,62.99,-0.23124999999999998,-55.00000000000001,2.0000000000000004,0.0,1.0000000000000002,0.0,-1.0,0.0,0.0,0.0,0.0,0.0,0.0,0.0,0.0,0.0,0.0,0.0,0.0,1.0,0.0,0.0,0.0,0.0,0.0,0.0,0.0,0.0,0.0,0.0,0.0,0.0,0.0,0.0,0.0,0.0,0.0,0.0
CVS,Bear Call Spread,-54.88,-264.0,264.0,236.0,36.2,63.8,-0.23254237288135593,-41.0,3.0,-0.9999999999999996,0.0,0.0,0.0,-1.0,0.0,0.0,0.0,0.0,0.0,0.0,0.0,0.0,0.0,1.0,0.0,0.0,0.0,0.0,0.0,0.0,0.0,0.0,0.0,0.0,0.0,0.0,0.0,0.0,0.0,0.0,0.0,0.0,0.0,0.0
CVS,Bear Call Spread,-75.12,-181.0,181.0,319.0,42.08,57.92,-0.2354858934169279,-43.00000000000001,-0.9999999999999996,0.9999999999999996,0.0,0.0,0.0,0.0,0.0,0.0,-1.0,0.0,0.0,0.0,0.0,0.0,0.0,0.0,0.0,0.0,1.0,0.0,0.0,0.0,0.0,0.0,0.0,0.0,0.0,0.0,0.0,0.0,0.0,0.0,0.0,0.0,0.0,0.0
CVS,Bear Call Spread,-59.23,-201.0,201.0,249.0,39.5,60.5,-0.23787148594377508,-37.99999999999999,0.9999999999999996,0.0,0.0,0.0,0.0,0.0,0.0,-1.0,0.0,0.0,0.0,0.0,0.0,0.0,0.0,0.0,1.0,0.0,0.0,0.0,0.0,0.0,0.0,0.0,0.0,0.0,0.0,0.0,0.0,0.0,0.0,0.0,0.0,0.0,0.0,0.0
CVS,Bear Call Spread,-39.16,-36.0,36.0,164.0,55.96,44.04,-0.23878048780487804,-16.000000000000004,-1.9999999999999991,0.9999999999999996,-1.0000000000000002,0.0,0.0,0.0,0.0,0.0,0.0,0.0,0.0,0.0,0.0,0.0,-1.0,0.0,0.0,0.0,1.0,0.0,0.0,0.0,0.0,0.0,0.0,0.0,0.0,0.0,0.0,0.0,0.0,0.0,0.0,0.0,0.0,0.0
CVS,Bear Call Spread,-51.27,-189.0,189.0,211.0,38.66,61.34,-0.24298578199052134,-34.0,1.9999999999999991,0.0,0.0,0.0,0.0,0.0,0.0,-1.0,0.0,0.0,0.0,0.0,0.0,0.0,0.0,1.0,0.0,0.0,0.0,0.0,0.0,0.0,0.0,0.0,0.0,0.0,0.0,0.0,0.0,0.0,0.0,0.0,0.0,0.0,0.0,0.0
CVS,Bear Call Spread,-52.06,-136.0,136.0,214.0,42.08,57.92,-0.24327102803738318,-31.0,0.0,0.0,-1.0000000000000002,0.0,0.0,0.0,0.0,0.0,0.0,-1.0,0.0,0.0,0.0,0.0,0.0,0.0,1.0,0.0,0.0,0.0,0.0,0.0,0.0,0.0,0.0,0.0,0.0,0.0,0.0,0.0,0.0,0.0,0.0,0.0,0.0,0.0
CVS,Bear Call Spread,-31.8,-21.0,21.0,129.0,59.8,40.2,-0.24651162790697675,-12.0,-1.9999999999999991,0.9999999999999996,0.0,0.0,0.0,0.0,0.0,0.0,0.0,0.0,0.0,0.0,0.0,0.0,0.0,-1.0,0.0,0.0,1.0,0.0,0.0,0.0,0.0,0.0,0.0,0.0,0.0,0.0,0.0,0.0,0.0,0.0,0.0,0.0,0.0,0.0
CVS,Bear Call Spread,-68.86,-172.0,172.0,278.0,41.21,58.79,-0.2476978417266187,-41.0,0.0,0.9999999999999996,0.0,0.0,0.0,0.0,0.0,0.0,-1.0,0.0,0.0,0.0,0.0,0.0,0.0,0.0,0.0,1.0,0.0,0.0,0.0,0.0,0.0,0.0,0.0,0.0,0.0,0.0,0.0,0.0,0.0,0.0,0.0,0.0,0.0,0.0
CVS,Bear Call Spread,-47.47,-209.0,209.0,191.0,36.2,63.8,-0.24853403141361255,-32.99999999999999,1.9999999999999991,0.0,1.0000000000000002,0.0,0.0,0.0,-1.0,0.0,0.0,0.0,0.0,0.0,0.0,0.0,1.0,0.0,0.0,0.0,0.0,0.0,0.0,0.0,0.0,0.0,0.0,0.0,0.0,0.0,0.0,0.0,0.0,0.0,0.0,0.0,0.0,0.0
CVS,Bear Call Spread,-44.1,-123.99999999999999,123.99999999999999,176.0,41.21,58.79,-0.2505681818181818,-27.0,0.9999999999999996,0.0,-1.0000000000000002,0.0,0.0,0.0,0.0,0.0,0.0,-1.0,0.0,0.0,0.0,0.0,0.0,1.0,0.0,0.0,0.0,0.0,0.0,0.0,0.0,0.0,0.0,0.0,0.0,0.0,0.0,0.0,0.0,0.0,0.0,0.0,0.0,0.0
CVS,Bear Call Spread,-34.9,-11.0,11.0,139.0,63.62,36.38,-0.25107913669064746,-13.0,-0.9999999999999996,1.9999999999999998,-1.0000000000000002,-1.0,0.0,0.0,0.0,0.0,0.0,0.0,0.0,0.0,0.0,0.0,0.0,0.0,-1.0,0.0,0.0,1.0,0.0,0.0,0.0,0.0,0.0,0.0,0.0,0.0,0.0,0.0,0.0,0.0,0.0,0.0,0.0,0.0
CVS,Bear Call Spread,-52.53,-244.0,244.0,206.0,34.6,65.4,-0.255,-37.0,3.0,-0.9999999999999996,1.0000000000000002,0.0,0.0,-1.0,0.0,0.0,0.0,0.0,0.0,0.0,0.0,0.0,1.0,0.0,0.0,0.0,0.0,0.0,0.0,0.0,0.0,0.0,0.0,0.0,0.0,0.0,0.0,0.0,0.0,0.0,0.0,0.0,0.0,0.0
CVS,Bear Call Spread,-51.7,-103.0,103.0,197.0,43.85,56.15,-0.2624365482233503,-25.999999999999996,-0.9999999999999996,1.0000000000000009,-1.0000000000000002,0.0,0.0,0.0,0.0,0.0,0.0,0.0,-1.0,0.0,0.0,0.0,0.0,0.0,1.0,0.0,0.0,0.0,0.0,0.0,0.0,0.0,0.0,0.0,0.0,0.0,0.0,0.0,0.0,0.0,0.0,0.0,0.0,0.0
CVS,Bear Call Spread,-79.27,-301.0,301.0,299.0,35.39,64.61,-0.2651170568561873,-49.00000000000001,2.0000000000000004,-0.9999999999999996,1.0000000000000002,0.0,-1.0,0.0,0.0,0.0,0.0,0.0,0.0,0.0,0.0,0.0,0.0,0.0,1.0,0.0,0.0,0.0,0.0,0.0,0.0,0.0,0.0,0.0,0.0,0.0,0.0,0.0,0.0,0.0,0.0,0.0,0.0,0.0
CVS,Bear Call Spread,-32.89,-27.0,27.0,123.0,55.0,45.0,-0.26739837398373983,-14.000000000000002,-0.9999999999999996,0.9999999999999996,-1.0000000000000002,0.0,0.0,0.0,0.0,0.0,0.0,0.0,0.0,0.0,0.0,0.0,-1.0,0.0,0.0,1.0,0.0,0.0,0.0,0.0,0.0,0.0,0.0,0.0,0.0,0.0,0.0,0.0,0.0,0.0,0.0,0.0,0.0,0.0
CVS,Bear Call Spread,-48.91,-169.0,169.0,181.0,37.01,62.99,-0.2702209944751381,-29.999999999999993,1.9999999999999991,0.0,1.0000000000000002,0.0,0.0,0.0,0.0,-1.0,0.0,0.0,0.0,0.0,0.0,0.0,1.0,0.0,0.0,0.0,0.0,0.0,0.0,0.0,0.0,0.0,0.0,0.0,0.0,0.0,0.0,0.0,0.0,0.0,0.0,0.0,0.0,0.0
CVS,Bear Call Spread,-71.31,-289.0,289.0,261.0,34.6,65.4,-0.2732183908045977,-45.00000000000001,3.0,-0.9999999999999996,1.0000000000000002,0.0,-1.0,0.0,0.0,0.0,0.0,0.0,0.0,0.0,0.0,0.0,0.0,1.0,0.0,0.0,0.0,0.0,0.0,0.0,0.0,0.0,0.0,0.0,0.0,0.0,0.0,0.0,0.0,0.0,0.0,0.0,0.0,0.0
CVS,Bear Call Spread,-43.75,-90.99999999999999,90.99999999999999,159.0,42.96,57.04,-0.2751572327044025,-21.999999999999996,0.0,1.0000000000000009,-1.0000000000000002,0.0,0.0,0.0,0.0,0.0,0.0,0.0,-1.0,0.0,0.0,0.0,0.0,1.0,0.0,0.0,0.0,0.0,0.0,0.0,0.0,0.0,0.0,0.0,0.0,0.0,0.0,0.0,0.0,0.0,0.0,0.0,0.0,0.0
CVS,Bear Call Spread,-46.75,-185.0,185.0,165.0,33.82,66.18,-0.2833333333333333,-27.999999999999996,1.9999999999999991,-1.0000000000000009,1.0000000000000002,0.0,0.0,0.0,-1.0,0.0,0.0,0.0,0.0,0.0,0.0,1.0,0.0,0.0,0.0,0.0,0.0,0.0,0.0,0.0,0.0,0.0,0.0,0.0,0.0,0.0,0.0,0.0,0.0,0.0,0.0,0.0,0.0,0.0
CVS,Bear Call Spread,-42.08,-52.0,52.0,148.0,48.39,51.61,-0.2843243243243243,-17.0,-0.9999999999999996,1.0000000000000009,-1.0000000000000002,0.0,0.0,0.0,0.0,0.0,0.0,0.0,0.0,0.0,-1.0,0.0,0.0,0.0,1.0,0.0,0.0,0.0,0.0,0.0,0.0,0.0,0.0,0.0,0.0,0.0,0.0,0.0,0.0,0.0,0.0,0.0,0.0,0.0
CVS,Bear Call Spread,-50.34,-73.0,73.0,177.0,45.64,54.36,-0.28440677966101696,-22.000000000000004,-0.9999999999999996,1.0000000000000009,-1.0000000000000002,0.0,0.0,0.0,0.0,0.0,0.0,0.0,0.0,-1.0,0.0,0.0,0.0,0.0,1.0,0.0,0.0,0.0,0.0,0.0,0.0,0.0,0.0,0.0,0.0,0.0,0.0,0.0,0.0,0.0,0.0,0.0,0.0,0.0
CVS,Bear Call Spread,-41.75,-104.0,104.0,146.0,39.5,60.5,-0.285958904109589,-23.0,0.9999999999999996,0.0,0.0,0.0,0.0,0.0,0.0,0.0,0.0,-1.0,0.0,0.0,0.0,0.0,1.0,0.0,0.0,0.0,0.0,0.0,0.0,0.0,0.0,0.0,0.0,0.0,0.0,0.0,0.0,0.0,0.0,0.0,0.0,0.0,0.0,0.0
CVS,Bear Call Spread,-51.8,-220.0,220.0,180.0,33.05,66.95,-0.28777777777777774,-32.0,3.0,-2.0000000000000004,1.0000000000000002,0.0,0.0,-1.0,0.0,0.0,0.0,0.0,0.0,0.0,0.0,1.0,0.0,0.0,0.0,0.0,0.0,0.0,0.0,0.0,0.0,0.0,0.0,0.0,0.0,0.0,0.0,0.0,0.0,0.0,0.0,0.0,0.0,0.0
CVS,Bear Call Spread,-25.54,-12.0,12.0,88.0,58.84,41.16,-0.2902272727272727,-9.999999999999998,-0.9999999999999996,0.9999999999999996,0.0,0.0,0.0,0.0,0.0,0.0,0.0,0.0,0.0,0.0,0.0,0.0,0.0,-1.0,0.0,1.0,0.0,0.0,0.0,0.0,0.0,0.0,0.0,0.0,0.0,0.0,0.0,0.0,0.0,0.0,0.0,0.0,0.0,0.0
CVS,Bear Call Spread,-72.28,-151.0,151.0,249.0,39.5,60.5,-0.290281124497992,-35.0,0.0,0.0,0.0,0.0,0.0,0.0,0.0,0.0,-1.0,0.0,0.0,0.0,0.0,0.0,0.0,0.0,1.0,0.0,0.0,0.0,0.0,0.0,0.0,0.0,0.0,0.0,0.0,0.0,0.0,0.0,0.0,0.0,0.0,0.0,0.0,0.0
CVS,Bear Call Spread,-68.96,-269.0,269.0,231.0,33.05,66.95,-0.2985281385281385,-41.0,3.0,-0.9999999999999996,2.0000000000000004,0.0,-1.0,0.0,0.0,0.0,0.0,0.0,0.0,0.0,0.0,0.0,1.0,0.0,0.0,0.0,0.0,0.0,0.0,0.0,0.0,0.0,0.0,0.0,0.0,0.0,0.0,0.0,0.0,0.0,0.0,0.0,0.0,0.0
CVS,Bear Call Spread,-64.32,-139.0,139.0,211.0,38.66,61.34,-0.3048341232227488,-31.000000000000007,0.9999999999999996,0.0,0.0,0.0,0.0,0.0,0.0,0.0,-1.0,0.0,0.0,0.0,0.0,0.0,0.0,1.0,0.0,0.0,0.0,0.0,0.0,0.0,0.0,0.0,0.0,0.0,0.0,0.0,0.0,0.0,0.0,0.0,0.0,0.0,0.0,0.0
CVS,Bear Call Spread,-42.38,-60.999999999999986,60.999999999999986,139.0,44.74,55.26,-0.3048920863309353,-18.000000000000004,0.0,1.0000000000000009,-1.0000000000000002,0.0,0.0,0.0,0.0,0.0,0.0,0.0,0.0,-1.0,0.0,0.0,0.0,1.0,0.0,0.0,0.0,0.0,0.0,0.0,0.0,0.0,0.0,0.0,0.0,0.0,0.0,0.0,0.0,0.0,0.0,0.0,0.0,0.0
CVS,Bear Call Spread,-37.04,-30.0,30.0,120.0,51.2,48.8,-0.30866666666666664,-13.0,-0.9999999999999996,1.0000000000000009,-1.0000000000000002,0.0,0.0,0.0,0.0,0.0,0.0,0.0,0.0,0.0,0.0,-1.0,0.0,0.0,1.0,0.0,0.0,0.0,0.0,0.0,0.0,0.0,0.0,0.0,0.0,0.0,0.0,0.0,0.0,0.0,0.0,0.0,0.0,0.0
CVS,Bear Call Spread,-34.12,-39.999999999999986,39.999999999999986,110.00000000000001,47.47,52.53,-0.3101818181818181,-13.0,0.0,1.0000000000000009,-1.0000000000000002,0.0,0.0,0.0,0.0,0.0,0.0,0.0,0.0,0.0,-1.0,0.0,0.0,1.0,0.0,0.0,0.0,0.0,0.0,0.0,0.0,0.0,0.0,0.0,0.0,0.0,0.0,0.0,0.0,0.0,0.0,0.0,0.0,0.0
CVS,Bear Call Spread,-48.19,-145.0,145.0,155.0,34.6,65.4,-0.3109032258064516,-24.999999999999993,1.9999999999999991,-1.0000000000000009,1.0000000000000002,0.0,0.0,0.0,0.0,-1.0,0.0,0.0,0.0,0.0,0.0,1.0,0.0,0.0,0.0,0.0,0.0,0.0,0.0,0.0,0.0,0.0,0.0,0.0,0.0,0.0,0.0,0.0,0.0,0.0,0.0,0.0,0.0,0.0
CVS,Bear Call Spread,-30.84,-2.0,2.0,98.0,62.67,37.33,-0.3146938775510204,-8.000000000000002,-0.9999999999999996,0.9999999999999996,0.0,0.0,0.0,0.0,0.0,0.0,0.0,0.0,0.0,0.0,0.0,0.0,0.0,0.0,-1.0,0.0,1.0,0.0,0.0,0.0,0.0,0.0,0.0,0.0,0.0,0.0,0.0,0.0,0.0,0.0,0.0,0.0,0.0,0.0
CVS,Bear Call Spread,-41.39,-71.0,71.0,129.0,41.21,58.79,-0.32085271317829456,-17.999999999999993,0.0,1.0000000000000009,0.0,0.0,0.0,0.0,0.0,0.0,0.0,0.0,-1.0,0.0,0.0,0.0,1.0,0.0,0.0,0.0,0.0,0.0,0.0,0.0,0.0,0.0,0.0,0.0,0.0,0.0,0.0,0.0,0.0,0.0,0.0,0.0,0.0,0.0
CVS,Bear Call Spread,-68.23,-245.0,245.0,205.0,30.79,69.21,-0.33282926829268294,-36.00000000000001,3.0,-2.0000000000000004,2.0000000000000004,0.0,-1.0,0.0,0.0,0.0,0.0,0.0,0.0,0.0,0.0,1.0,0.0,0.0,0.0,0.0,0.0,0.0,0.0,0.0,0.0,0.0,0.0,0.0,0.0,0.0,0.0,0.0,0.0,0.0,0.0,0.0,0.0,0.0
CVS,Bear Call Spread,-41.02,-80.0,80.0,120.0,37.83,62.17,-0.3418333333333334,-18.0,0.9999999999999996,-1.0000000000000009,0.0,0.0,0.0,0.0,0.0,0.0,0.0,-1.0,0.0,0.0,0.0,1.0,0.0,0.0,0.0,0.0,0.0,0.0,0.0,0.0,0.0,0.0,0.0,0.0,0.0,0.0,0.0,0.0,0.0,0.0,0.0,0.0,0.0,0.0
CVS,Bear Call Spread,-61.96,-119.0,119.0,181.0,37.01,62.99,-0.3423204419889503,-27.0,0.9999999999999996,0.0,1.0000000000000002,0.0,0.0,0.0,0.0,0.0,-1.0,0.0,0.0,0.0,0.0,0.0,1.0,0.0,0.0,0.0,0.0,0.0,0.0,0.0,0.0,0.0,0.0,0.0,0.0,0.0,0.0,0.0,0.0,0.0,0.0,0.0,0.0,0.0
CVS,Bear Call Spread,-55.76,-189.0,189.0,161.0,30.79,69.21,-0.34633540372670807,-28.000000000000004,3.0,-2.0000000000000004,1.0000000000000002,0.0,0.0,-1.0,0.0,0.0,0.0,0.0,0.0,0.0,1.0,0.0,0.0,0.0,0.0,0.0,0.0,0.0,0.0,0.0,0.0,0.0,0.0,0.0,0.0,0.0,0.0,0.0,0.0,0.0,0.0,0.0,0.0,0.0
CVS,Bear Call Spread,-50.71,-154.0,154.0,146.0,31.53,68.47,-0.3473287671232877,-24.0,1.9999999999999991,-1.0000000000000009,1.0000000000000002,0.0,0.0,0.0,-1.0,0.0,0.0,0.0,0.0,0.0,1.0,0.0,0.0,0.0,0.0,0.0,0.0,0.0,0.0,0.0,0.0,0.0,0.0,0.0,0.0,0.0,0.0,0.0,0.0,0.0,0.0,0.0,0.0,0.0
CVS,Bear Call Spread,-45.5,-170.00000000000003,170.00000000000003,129.99999999999997,29.34,70.66,-0.3500000000000001,-23.0,3.0,-2.0000000000000004,1.0000000000000002,0.0,0.0,-1.0,0.0,0.0,0.0,0.0,0.0,1.0,0.0,0.0,0.0,0.0,0.0,0.0,0.0,0.0,0.0,0.0,0.0,0.0,0.0,0.0,0.0,0.0,0.0,0.0,0.0,0.0,0.0,0.0,0.0,0.0
CVS,Bear Call Spread,-40.45,-135.00000000000003,135.00000000000003,114.99999999999997,30.06,69.94,-0.3517391304347827,-18.999999999999993,1.9999999999999991,-1.0000000000000009,1.0000000000000002,0.0,0.0,0.0,-1.0,0.0,0.0,0.0,0.0,1.0,0.0,0.0,0.0,0.0,0.0,0.0,0.0,0.0,0.0,0.0,0.0,0.0,0.0,0.0,0.0,0.0,0.0,0.0,0.0,0.0,0.0,0.0,0.0,0.0
CVS,Bear Call Spread,-29.08,-17.999999999999986,17.999999999999986,82.00000000000001,50.26,49.74,-0.35463414634146334,-9.000000000000002,0.0,1.0000000000000009,-1.0000000000000002,0.0,0.0,0.0,0.0,0.0,0.0,0.0,0.0,0.0,0.0,-1.0,0.0,1.0,0.0,0.0,0.0,0.0,0.0,0.0,0.0,0.0,0.0,0.0,0.0,0.0,0.0,0.0,0.0,0.0,0.0,0.0,0.0,0.0
CVS,Bear Call Spread,-40.02,-41.0,41.0,109.0,42.96,57.04,-0.3671559633027523,-14.000000000000002,0.0,1.0000000000000009,0.0,0.0,0.0,0.0,0.0,0.0,0.0,0.0,0.0,-1.0,0.0,0.0,1.0,0.0,0.0,0.0,0.0,0.0,0.0,0.0,0.0,0.0,0.0,0.0,0.0,0.0,0.0,0.0,0.0,0.0,0.0,0.0,0.0,0.0
CVS,Bear Call Spread,-52.15,-114.0,114.0,136.0,32.29,67.71,-0.38345588235294115,-20.999999999999996,1.9999999999999991,-1.0000000000000009,1.0000000000000002,0.0,0.0,0.0,0.0,-1.0,0.0,0.0,0.0,0.0,1.0,0.0,0.0,0.0,0.0,0.0,0.0,0.0,0.0,0.0,0.0,0.0,0.0,0.0,0.0,0.0,0.0,0.0,0.0,0.0,0.0,0.0,0.0,0.0
CVS,Bear Call Spread,-36.31,-6.0,6.0,94.0,53.09,46.91,-0.3862765957446809,-8.000000000000002,-0.9999999999999996,0.0,-1.0000000000000002,0.0,0.0,0.0,0.0,0.0,0.0,0.0,0.0,0.0,0.0,0.0,-1.0,0.0,1.0,0.0,0.0,0.0,0.0,0.0,0.0,0.0,0.0,0.0,0.0,0.0,0.0,0.0,0.0,0.0,0.0,0.0,0.0,0.0
CVS,Bear Call Spread,-72.19,-214.0,214.0,186.0,28.63,71.37,-0.3881182795698925,-32.00000000000001,3.0,-2.0000000000000004,2.0000000000000004,0.0,-1.0,0.0,0.0,0.0,0.0,0.0,0.0,0.0,1.0,0.0,0.0,0.0,0.0,0.0,0.0,0.0,0.0,0.0,0.0,0.0,0.0,0.0,0.0,0.0,0.0,0.0,0.0,0.0,0.0,0.0,0.0,0.0
CVS,Bear Call Spread,-40.66,-47.0,47.0,103.0,38.66,61.34,-0.394757281553398,-12.999999999999995,0.0,0.0,0.0,0.0,0.0,0.0,0.0,0.0,0.0,0.0,-1.0,0.0,0.0,1.0,0.0,0.0,0.0,0.0,0.0,0.0,0.0,0.0,0.0,0.0,0.0,0.0,0.0,0.0,0.0,0.0,0.0,0.0,0.0,0.0,0.0,0.0
CVS,Bear Call Spread,-61.24,-95.0,95.0,155.0,34.6,65.4,-0.3950967741935484,-22.000000000000004,0.9999999999999996,-1.0000000000000009,1.0000000000000002,0.0,0.0,0.0,0.0,0.0,-1.0,0.0,0.0,0.0,0.0,1.0,0.0,0.0,0.0,0.0,0.0,0.0,0.0,0.0,0.0,0.0,0.0,0.0,0.0,0.0,0.0,0.0,0.0,0.0,0.0,0.0,0.0,0.0
CVS,Bear Call Spread,-31.76,-20.0,20.0,80.0,45.64,54.36,-0.397,-8.999999999999996,0.0,1.0000000000000009,0.0,0.0,0.0,0.0,0.0,0.0,0.0,0.0,0.0,0.0,-1.0,0.0,1.0,0.0,0.0,0.0,0.0,0.0,0.0,0.0,0.0,0.0,0.0,0.0,0.0,0.0,0.0,0.0,0.0,0.0,0.0,0.0,0.0,0.0
CVS,Bear Call Spread,-41.89,-95.00000000000003,95.00000000000003,104.99999999999997,30.79,69.21,-0.39895238095238106,-15.999999999999993,1.9999999999999991,-1.0000000000000009,1.0000000000000002,0.0,0.0,0.0,0.0,-1.0,0.0,0.0,0.0,1.0,0.0,0.0,0.0,0.0,0.0,0.0,0.0,0.0,0.0,0.0,0.0,0.0,0.0,0.0,0.0,0.0,0.0,0.0,0.0,0.0,0.0,0.0,0.0,0.0
CVS,Bear Call Spread,-61.93,-195.00000000000003,195.00000000000003,154.99999999999997,27.24,72.76,-0.39954838709677426,-27.0,3.0,-2.0000000000000004,2.0000000000000004,0.0,-1.0,0.0,0.0,0.0,0.0,0.0,0.0,1.0,0.0,0.0,0.0,0.0,0.0,0.0,0.0,0.0,0.0,0.0,0.0,0.0,0.0,0.0,0.0,0.0,0.0,0.0,0.0,0.0,0.0,0.0,0.0,0.0
CVS,Bear Call Spread,-48.14,-136.0,136.0,114.0,26.56,73.44,-0.422280701754386,-19.000000000000007,3.0,-2.0000000000000004,1.0000000000000002,0.0,0.0,-1.0,0.0,0.0,0.0,0.0,1.0,0.0,0.0,0.0,0.0,0.0,0.0,0.0,0.0,0.0,0.0,0.0,0.0,0.0,0.0,0.0,0.0,0.0,0.0,0.0,0.0,0.0,0.0,0.0,0.0,0.0
CVS,Bear Call Spread,-43.08,-101.0,101.0,99.0,27.93,72.07,-0.4351515151515151,-15.000000000000002,1.9999999999999991,-1.0000000000000009,1.0000000000000002,0.0,0.0,0.0,-1.0,0.0,0.0,0.0,1.0,0.0,0.0,0.0,0.0,0.0,0.0,0.0,0.0,0.0,0.0,0.0,0.0,0.0,0.0,0.0,0.0,0.0,0.0,0.0,0.0,0.0,0.0,0.0,0.0,0.0
CVS,Bear Call Spread,-44.98,-49.0,49.0,101.0,35.39,64.61,-0.4453465346534653,-14.000000000000002,0.9999999999999996,-1.0000000000000009,0.0,0.0,0.0,0.0,0.0,0.0,0.0,-1.0,0.0,0.0,1.0,0.0,0.0,0.0,0.0,0.0,0.0,0.0,0.0,0.0,0.0,0.0,0.0,0.0,0.0,0.0,0.0,0.0,0.0,0.0,0.0,0.0,0.0,0.0
CVS,Bear Call Spread,-41.78,-109.0,109.0,91.0,25.23,74.77,-0.4591208791208791,-14.000000000000002,2.0000000000000004,-0.9999999999999996,1.0000000000000002,0.0,0.0,-1.0,0.0,0.0,0.0,1.0,0.0,0.0,0.0,0.0,0.0,0.0,0.0,0.0,0.0,0.0,0.0,0.0,0.0,0.0,0.0,0.0,0.0,0.0,0.0,0.0,0.0,0.0,0.0,0.0,0.0,0.0
CVS,Bear Call Spread,-64.56,-161.0,161.0,139.0,25.23,74.77,-0.46446043165467626,-23.00000000000001,3.0,-2.0000000000000004,2.0000000000000004,0.0,-1.0,0.0,0.0,0.0,0.0,0.0,1.0,0.0,0.0,0.0,0.0,0.0,0.0,0.0,0.0,0.0,0.0,0.0,0.0,0.0,0.0,0.0,0.0,0.0,0.0,0.0,0.0,0.0,0.0,0.0,0.0,0.0
CVS,Bear Call Spread,-39.3,-17.0,17.0,83.0,40.35,59.65,-0.4734939759036144,-9.000000000000002,0.0,0.0,0.0,0.0,0.0,0.0,0.0,0.0,0.0,0.0,0.0,-1.0,0.0,1.0,0.0,0.0,0.0,0.0,0.0,0.0,0.0,0.0,0.0,0.0,0.0,0.0,0.0,0.0,0.0,0.0,0.0,0.0,0.0,0.0,0.0,0.0
CVS,Bear Call Spread,-65.2,-64.0,64.0,136.0,32.29,67.71,-0.47941176470588237,-18.000000000000004,0.9999999999999996,-1.0000000000000009,1.0000000000000002,0.0,0.0,0.0,0.0,0.0,-1.0,0.0,0.0,0.0,1.0,0.0,0.0,0.0,0.0,0.0,0.0,0.0,0.0,0.0,0.0,0.0,0.0,0.0,0.0,0.0,0.0,0.0,0.0,0.0,0.0,0.0,0.0,0.0
CVS,Bear Call Spread,-36.73,-74.0,74.0,76.0,25.89,74.11,-0.4832894736842105,-9.999999999999998,0.9999999999999996,0.0,1.0000000000000002,0.0,0.0,0.0,-1.0,0.0,0.0,1.0,0.0,0.0,0.0,0.0,0.0,0.0,0.0,0.0,0.0,0.0,0.0,0.0,0.0,0.0,0.0,0.0,0.0,0.0,0.0,0.0,0.0,0.0,0.0,0.0,0.0,0.0
CVS,Bear Call Spread,-34.72,-30.00000000000003,30.00000000000003,69.99999999999997,33.82,66.18,-0.49600000000000016,-8.999999999999996,0.9999999999999996,-1.0000000000000009,0.0,0.0,0.0,0.0,0.0,0.0,0.0,-1.0,0.0,1.0,0.0,0.0,0.0,0.0,0.0,0.0,0.0,0.0,0.0,0.0,0.0,0.0,0.0,0.0,0.0,0.0,0.0,0.0,0.0,0.0,0.0,0.0,0.0,0.0
CVS,Bear Call Spread,-44.52,-61.0,61.0,89.0,28.63,71.37,-0.5002247191011236,-12.0,1.9999999999999991,-1.0000000000000009,1.0000000000000002,0.0,0.0,0.0,0.0,-1.0,0.0,0.0,1.0,0.0,0.0,0.0,0.0,0.0,0.0,0.0,0.0,0.0,0.0,0.0,0.0,0.0,0.0,0.0,0.0,0.0,0.0,0.0,0.0,0.0,0.0,0.0,0.0,0.0
CVS,Bear Call Spread,-58.21,-134.0,134.0,116.0,23.3,76.7,-0.5018103448275862,-18.000000000000004,2.0000000000000004,-0.9999999999999996,2.0000000000000004,0.0,-1.0,0.0,0.0,0.0,0.0,1.0,0.0,0.0,0.0,0.0,0.0,0.0,0.0,0.0,0.0,0.0,0.0,0.0,0.0,0.0,0.0,0.0,0.0,0.0,0.0,0.0,0.0,0.0,0.0,0.0,0.0,0.0
CVS,Bear Call Spread,-37.56,-78.0,78.0,72.0,23.3,76.7,-0.5216666666666667,-9.999999999999998,2.0000000000000004,-0.9999999999999996,0.0,0.0,0.0,-1.0,0.0,0.0,1.0,0.0,0.0,0.0,0.0,0.0,0.0,0.0,0.0,0.0,0.0,0.0,0.0,0.0,0.0,0.0,0.0,0.0,0.0,0.0,0.0,0.0,0.0,0.0,0.0,0.0,0.0,0.0
CVS,Bear Call Spread,-54.94,-45.00000000000003,45.00000000000003,104.99999999999997,30.79,69.21,-0.5232380952380954,-13.0,0.9999999999999996,-1.0000000000000009,1.0000000000000002,0.0,0.0,0.0,0.0,0.0,-1.0,0.0,0.0,1.0,0.0,0.0,0.0,0.0,0.0,0.0,0.0,0.0,0.0,0.0,0.0,0.0,0.0,0.0,0.0,0.0,0.0,0.0,0.0,0.0,0.0,0.0,0.0,0.0
CVS,Bear Call Spread,-44.63,-16.0,16.0,84.0,36.2,63.8,-0.5313095238095238,-8.999999999999996,0.0,0.0,0.0,0.0,0.0,0.0,0.0,0.0,0.0,0.0,-1.0,0.0,1.0,0.0,0.0,0.0,0.0,0.0,0.0,0.0,0.0,0.0,0.0,0.0,0.0,0.0,0.0,0.0,0.0,0.0,0.0,0.0,0.0,0.0,0.0,0.0
CVS,Bear Call Spread,-53.99,-103.0,103.0,97.0,21.47,78.53,-0.5565979381443299,-14.000000000000002,2.0000000000000004,-0.9999999999999996,1.0000000000000002,0.0,-1.0,0.0,0.0,0.0,1.0,0.0,0.0,0.0,0.0,0.0,0.0,0.0,0.0,0.0,0.0,0.0,0.0,0.0,0.0,0.0,0.0,0.0,0.0,0.0,0.0,0.0,0.0,0.0,0.0,0.0,0.0,0.0
CVS,Bear Call Spread,-32.51,-43.0,43.0,57.0,23.94,76.06,-0.5703508771929824,-5.999999999999995,0.9999999999999996,0.0,0.0,0.0,0.0,0.0,-1.0,0.0,1.0,0.0,0.0,0.0,0.0,0.0,0.0,0.0,0.0,0.0,0.0,0.0,0.0,0.0,0.0,0.0,0.0,0.0,0.0,0.0,0.0,0.0,0.0,0.0,0.0,0.0,0.0,0.0
CVS,Bear Call Spread,-38.17,-34.0,34.0,66.0,26.56,73.44,-0.5783333333333334,-6.999999999999995,0.9999999999999996,0.0,1.0000000000000002,0.0,0.0,0.0,0.0,-1.0,0.0,1.0,0.0,0.0,0.0,0.0,0.0,0.0,0.0,0.0,0.0,0.0,0.0,0.0,0.0,0.0,0.0,0.0,0.0,0.0,0.0,0.0,0.0,0.0,0.0,0.0,0.0,0.0
CVS,Bear Call Spread,-57.57,-11.0,11.0,89.0,28.63,71.37,-0.6468539325842697,-9.000000000000007,0.9999999999999996,-1.0000000000000009,1.0000000000000002,0.0,0.0,0.0,0.0,0.0,-1.0,0.0,1.0,0.0,0.0,0.0,0.0,0.0,0.0,0.0,0.0,0.0,0.0,0.0,0.0,0.0,0.0,0.0,0.0,0.0,0.0,0.0,0.0,0.0,0.0,0.0,0.0,0.0
CVS,Bear Call Spread,-65.04,-55.0,55.0,95.0,18.59,81.41,-0.6846315789473685,-11.00000000000001,1.0000000000000009,-0.9999999999999996,1.0000000000000002,0.0,-1.0,0.0,0.0,1.0,0.0,0.0,0.0,0.0,0.0,0.0,0.0,0.0,0.0,0.0,0.0,0.0,0.0,0.0,0.0,0.0,0.0,0.0,0.0,0.0,0.0,0.0,0.0,0.0,0.0,0.0,0.0,0.0
CVS,Bear Call Spread,-48.61,-30.0,30.0,70.0,20.29,79.71,-0.6944285714285714,-7.000000000000006,1.0000000000000009,-0.9999999999999996,0.0,0.0,0.0,-1.0,0.0,1.0,0.0,0.0,0.0,0.0,0.0,0.0,0.0,0.0,0.0,0.0,0.0,0.0,0.0,0.0,0.0,0.0,0.0,0.0,0.0,0.0,0.0,0.0,0.0,0.0,0.0,0.0,0.0,0.0
CVS,Bear Call Spread,-33.95,-3.0,3.0,47.0,24.58,75.42,-0.7223404255319149,-2.9999999999999916,0.9999999999999996,0.0,0.0,0.0,0.0,0.0,0.0,-1.0,1.0,0.0,0.0,0.0,0.0,0.0,0.0,0.0,0.0,0.0,0.0,0.0,0.0,0.0,0.0,0.0,0.0,0.0,0.0,0.0,0.0,0.0,0.0,0.0,0.0,0.0,0.0,0.0
CVS,Bear Call Spread,-61.48,-20.0,20.0,80.0,16.97,83.03,-0.7685,-8.000000000000007,1.0000000000000009,-0.9999999999999996,1.0000000000000002,0.0,-1.0,0.0,1.0,0.0,0.0,0.0,0.0,0.0,0.0,0.0,0.0,0.0,0.0,0.0,0.0,0.0,0.0,0.0,0.0,0.0,0.0,0.0,0.0,0.0,0.0,0.0,0.0,0.0,0.0,0.0,0.0,0.0
CVS,Bear Put Spread,-74.74,389.99999999999994,310.00000000000006,389.99999999999994,40.35,59.65,-0.19164102564102567,-62.0,1.0000000000000009,1.0000000000000002,-1.0000000000000002,-1.0,0.0,0.0,0.0,0.0,0.0,0.0,0.0,0.0,0.0,0.0,0.0,0.0,0.0,0.0,0.0,0.0,0.0,-1.0,0.0,0.0,0.0,0.0,0.0,0.0,0.0,0.0,0.0,0.0,0.0,0.0,0.0,1.0
CVS,Bear Put Spread,-56.23,286.99999999999994,113.00000000000006,286.99999999999994,49.32,50.68,-0.19592334494773522,-37.99999999999999,-1.9999999999999991,3.0000000000000004,-2.0000000000000004,-1.0,0.0,0.0,0.0,0.0,0.0,0.0,0.0,0.0,0.0,0.0,0.0,0.0,0.0,0.0,0.0,0.0,0.0,0.0,0.0,0.0,0.0,0.0,0.0,-1.0,0.0,0.0,0.0,0.0,0.0,0.0,0.0,1.0
CVS,Bear Put Spread,-81.17,404.99999999999994,345.00000000000006,404.99999999999994,38.66,61.34,-0.2004197530864198,-65.99999999999999,1.0000000000000009,1.0000000000000002,0.0,-2.0,0.0,0.0,0.0,0.0,0.0,0.0,0.0,0.0,0.0,0.0,0.0,0.0,0.0,0.0,0.0,0.0,-1.0,0.0,0.0,0.0,0.0,0.0,0.0,0.0,0.0,0.0,0.0,0.0,0.0,0.0,0.0,1.0
CVS,Bear Put Spread,-66.96,332.99999999999994,167.00000000000006,332.99999999999994,44.74,55.26,-0.2010810810810811,-47.0,-1.9999999999999991,3.0000000000000004,-2.0000000000000004,-1.0,0.0,0.0,0.0,0.0,0.0,0.0,0.0,0.0,0.0,0.0,0.0,0.0,0.0,0.0,0.0,0.0,0.0,0.0,0.0,0.0,0.0,-1.0,0.0,0.0,0.0,0.0,0.0,0.0,0.0,0.0,0.0,1.0
CVS,Bear Put Spread,-61.42,305.0,295.0,305.0,38.66,61.34,-0.20137704918032787,-55.00000000000001,3.0,1.0000000000000002,0.0,-1.0,0.0,0.0,0.0,0.0,0.0,0.0,0.0,0.0,0.0,0.0,0.0,0.0,0.0,0.0,0.0,0.0,0.0,-1.0,0.0,0.0,0.0,0.0,0.0,0.0,0.0,0.0,0.0,0.0,0.0,1.0,0.0,0.0
CVS,Bear Put Spread,-74.12,367.99999999999994,232.00000000000006,367.99999999999994,42.08,57.92,-0.20141304347826092,-55.00000000000001,-0.9999999999999996,1.9999999999999998,-1.0000000000000002,-1.0,0.0,0.0,0.0,0.0,0.0,0.0,0.0,0.0,0.0,0.0,0.0,0.0,0.0,0.0,0.0,0.0,0.0,0.0,0.0,-1.0,0.0,0.0,0.0,0.0,0.0,0.0,0.0,0.0,0.0,0.0,0.0,1.0
CVS,Bear Put Spread,-71.68,350.0,300.0,350.0,39.5,60.5,-0.2048,-55.00000000000001,1.0000000000000009,0.0,0.0,-1.0,0.0,0.0,0.0,0.0,0.0,0.0,0.0,0.0,0.0,0.0,0.0,0.0,0.0,0.0,0.0,0.0,0.0,-1.0,0.0,0.0,0.0,0.0,0.0,0.0,0.0,0.0,0.0,0.0,0.0,0.0,1.0,0.0
CVS,Bear Put Spread,-67.85,320.0,330.0,320.0,37.83,62.17,-0.21203124999999998,-59.00000000000001,3.0,1.0000000000000002,1.0000000000000002,-2.0,0.0,0.0,0.0,0.0,0.0,0.0,0.0,0.0,0.0,0.0,0.0,0.0,0.0,0.0,0.0,0.0,-1.0,0.0,0.0,0.0,0.0,0.0,0.0,0.0,0.0,0.0,0.0,0.0,0.0,1.0,0.0,0.0
CVS,Bear Put Spread,-42.92,202.0,98.0,202.0,48.39,51.61,-0.2124752475247525,-31.0,0.0,3.0000000000000004,-1.0000000000000002,-1.0,0.0,0.0,0.0,0.0,0.0,0.0,0.0,0.0,0.0,0.0,0.0,0.0,0.0,0.0,0.0,0.0,0.0,0.0,0.0,0.0,0.0,0.0,0.0,-1.0,0.0,0.0,0.0,0.0,0.0,1.0,0.0,0.0
CVS,Bear Put Spread,-82.68,387.99999999999994,262.00000000000006,387.99999999999994,40.35,59.65,-0.21309278350515468,-59.0,0.0,1.9999999999999998,-1.0000000000000002,-1.0,0.0,0.0,0.0,0.0,0.0,0.0,0.0,0.0,0.0,0.0,0.0,0.0,0.0,0.0,0.0,0.0,0.0,0.0,-1.0,0.0,0.0,0.0,0.0,0.0,0.0,0.0,0.0,0.0,0.0,0.0,0.0,1.0
CVS,Bear Put Spread,-78.11,365.0,335.0,365.0,37.83,62.17,-0.214,-59.00000000000001,1.0000000000000009,0.0,1.0000000000000002,-2.0,0.0,0.0,0.0,0.0,0.0,0.0,0.0,0.0,0.0,0.0,0.0,0.0,0.0,0.0,0.0,0.0,-1.0,0.0,0.0,0.0,0.0,0.0,0.0,0.0,0.0,0.0,0.0,0.0,0.0,0.0,1.0,0.0
CVS,Bear Put Spread,-60.81,283.0,217.0,283.0,40.35,59.65,-0.21487632508833923,-48.00000000000001,0.9999999999999996,1.9999999999999998,0.0,-1.0,0.0,0.0,0.0,0.0,0.0,0.0,0.0,0.0,0.0,0.0,0.0,0.0,0.0,0.0,0.0,0.0,0.0,0.0,0.0,-1.0,0.0,0.0,0.0,0.0,0.0,0.0,0.0,0.0,0.0,1.0,0.0,0.0
CVS,Bear Put Spread,-53.18,247.0,103.0,247.0,48.39,51.61,-0.21530364372469635,-31.0,-1.9999999999999991,2.0000000000000004,-1.0000000000000002,-1.0,0.0,0.0,0.0,0.0,0.0,0.0,0.0,0.0,0.0,0.0,0.0,0.0,0.0,0.0,0.0,0.0,0.0,0.0,0.0,0.0,0.0,0.0,0.0,-1.0,0.0,0.0,0.0,0.0,0.0,0.0,1.0,0.0
CVS,Bear Put Spread,-53.64,248.0,152.0,248.0,43.85,56.15,-0.21629032258064515,-40.0,0.0,3.0000000000000004,-1.0000000000000002,-1.0,0.0,0.0,0.0,0.0,0.0,0.0,0.0,0.0,0.0,0.0,0.0,0.0,0.0,0.0,0.0,0.0,0.0,0.0,0.0,0.0,0.0,-1.0,0.0,0.0,0.0,0.0,0.0,0.0,0.0,1.0,0.0,0.0
CVS,Bear Put Spread,-71.07,328.0,222.0,328.0,41.21,58.79,-0.21667682926829265,-48.00000000000001,-0.9999999999999996,0.9999999999999996,0.0,-1.0,0.0,0.0,0.0,0.0,0.0,0.0,0.0,0.0,0.0,0.0,0.0,0.0,0.0,0.0,0.0,0.0,0.0,0.0,0.0,-1.0,0.0,0.0,0.0,0.0,0.0,0.0,0.0,0.0,0.0,0.0,1.0,0.0
CVS,Bear Put Spread,-78.17,358.99999999999994,191.00000000000006,358.99999999999994,42.96,57.04,-0.2177437325905293,-51.0,-0.9999999999999996,1.9999999999999998,-1.0000000000000002,-1.0,0.0,0.0,0.0,0.0,0.0,0.0,0.0,0.0,0.0,0.0,0.0,0.0,0.0,0.0,0.0,0.0,0.0,0.0,0.0,0.0,-1.0,0.0,0.0,0.0,0.0,0.0,0.0,0.0,0.0,0.0,0.0,1.0
CVS,Bear Put Spread,-58.84,270.0,280.0,270.0,37.83,62.17,-0.21792592592592594,-47.0,3.0,-0.9999999999999996,0.0,-1.0,0.0,0.0,0.0,0.0,0.0,0.0,0.0,0.0,0.0,0.0,0.0,0.0,0.0,0.0,0.0,0.0,0.0,-1.0,0.0,0.0,0.0,0.0,0.0,0.0,0.0,0.0,0.0,0.0,1.0,0.0,0.0,0.0
CVS,Bear Put Spread,-63.9,293.0,157.0,293.0,43.85,56.15,-0.21808873720136518,-40.0,-1.9999999999999991,2.0000000000000004,-1.0000000000000002,-1.0,0.0,0.0,0.0,0.0,0.0,0.0,0.0,0.0,0.0,0.0,0.0,0.0,0.0,0.0,0.0,0.0,0.0,0.0,0.0,0.0,0.0,-1.0,0.0,0.0,0.0,0.0,0.0,0.0,0.0,0.0,1.0,0.0
CVS,Bear Put Spread,-73.6,322.99999999999994,127.00000000000006,322.99999999999994,45.64,54.36,-0.2278637770897833,-43.0,-1.9999999999999991,3.0000000000000004,-2.0000000000000004,-1.0,0.0,0.0,0.0,0.0,0.0,0.0,0.0,0.0,0.0,0.0,0.0,0.0,0.0,0.0,0.0,0.0,0.0,0.0,0.0,0.0,0.0,0.0,-1.0,0.0,0.0,0.0,0.0,0.0,0.0,0.0,0.0,1.0
CVS,Bear Put Spread,-79.63,348.0,252.0,348.0,39.5,60.5,-0.22882183908045975,-52.0,0.0,0.9999999999999996,0.0,-1.0,0.0,0.0,0.0,0.0,0.0,0.0,0.0,0.0,0.0,0.0,0.0,0.0,0.0,0.0,0.0,0.0,0.0,0.0,-1.0,0.0,0.0,0.0,0.0,0.0,0.0,0.0,0.0,0.0,0.0,0.0,1.0,0.0
CVS,Bear Put Spread,-69.37,303.0,247.0,303.0,38.66,61.34,-0.22894389438943896,-52.0,1.9999999999999991,1.9999999999999998,0.0,-1.0,0.0,0.0,0.0,0.0,0.0,0.0,0.0,0.0,0.0,0.0,0.0,0.0,0.0,0.0,0.0,0.0,0.0,0.0,-1.0,0.0,0.0,0.0,0.0,0.0,0.0,0.0,0.0,0.0,0.0,1.0,0.0,0.0
CVS,Bear Put Spread,-65.27,285.0,315.0,285.0,36.2,63.8,-0.22901754385964912,-51.0,3.0,-0.9999999999999996,1.0000000000000002,-2.0,0.0,0.0,0.0,0.0,0.0,0.0,0.0,0.0,0.0,0.0,0.0,0.0,0.0,0.0,0.0,0.0,-1.0,0.0,0.0,0.0,0.0,0.0,0.0,0.0,0.0,0.0,0.0,0.0,1.0,0.0,0.0,0.0
CVS,Bear Put Spread,-58.23,248.0,202.0,248.0,39.5,60.5,-0.23479838709677417,-40.0,0.9999999999999996,0.0,0.0,-1.0,0.0,0.0,0.0,0.0,0.0,0.0,0.0,0.0,0.0,0.0,0.0,0.0,0.0,0.0,0.0,0.0,0.0,0.0,0.0,-1.0,0.0,0.0,0.0,0.0,0.0,0.0,0.0,0.0,1.0,0.0,0.0,0.0
CVS,Bear Put Spread,-75.12,319.0,181.0,319.0,42.08,57.92,-0.2354858934169279,-44.0,-0.9999999999999996,0.9999999999999996,0.0,-1.0,0.0,0.0,0.0,0.0,0.0,0.0,0.0,0.0,0.0,0.0,0.0,0.0,0.0,0.0,0.0,0.0,0.0,0.0,0.0,0.0,-1.0,0.0,0.0,0.0,0.0,0.0,0.0,0.0,0.0,0.0,1.0,0.0
CVS,Bear Put Spread,-64.86,274.0,176.0,274.0,41.21,58.79,-0.2367153284671533,-44.0,0.9999999999999996,1.9999999999999998,0.0,-1.0,0.0,0.0,0.0,0.0,0.0,0.0,0.0,0.0,0.0,0.0,0.0,0.0,0.0,0.0,0.0,0.0,0.0,0.0,0.0,0.0,-1.0,0.0,0.0,0.0,0.0,0.0,0.0,0.0,0.0,1.0,0.0,0.0
CVS,Bear Put Spread,-65.98,275.99999999999994,74.00000000000006,275.99999999999994,50.26,49.74,-0.2390579710144928,-32.99999999999999,-1.9999999999999991,3.0000000000000004,-2.0000000000000004,-1.0,0.0,0.0,0.0,0.0,0.0,0.0,0.0,0.0,0.0,0.0,0.0,0.0,0.0,0.0,0.0,0.0,0.0,0.0,0.0,0.0,0.0,0.0,0.0,0.0,-1.0,0.0,0.0,0.0,0.0,0.0,0.0,1.0
CVS,Bear Put Spread,-51.06,213.0,137.0,213.0,42.08,57.92,-0.23971830985915493,-31.999999999999996,0.0,1.0000000000000009,-1.0000000000000002,-1.0,0.0,0.0,0.0,0.0,0.0,0.0,0.0,0.0,0.0,0.0,0.0,0.0,0.0,0.0,0.0,0.0,0.0,0.0,0.0,0.0,0.0,-1.0,0.0,0.0,0.0,0.0,0.0,0.0,1.0,0.0,0.0,0.0
CVS,Bear Put Spread,-40.34,167.0,83.0,167.0,46.55,53.45,-0.24155688622754493,-22.999999999999993,0.0,1.0000000000000009,-1.0000000000000002,-1.0,0.0,0.0,0.0,0.0,0.0,0.0,0.0,0.0,0.0,0.0,0.0,0.0,0.0,0.0,0.0,0.0,0.0,0.0,0.0,0.0,0.0,0.0,0.0,-1.0,0.0,0.0,0.0,0.0,1.0,0.0,0.0,0.0
CVS,Bear Put Spread,-66.79,268.0,232.0,268.0,37.83,62.17,-0.2492164179104478,-43.99999999999999,1.9999999999999991,0.0,0.0,-1.0,0.0,0.0,0.0,0.0,0.0,0.0,0.0,0.0,0.0,0.0,0.0,0.0,0.0,0.0,0.0,0.0,0.0,0.0,-1.0,0.0,0.0,0.0,0.0,0.0,0.0,0.0,0.0,0.0,1.0,0.0,0.0,0.0
CVS,Bear Put Spread,-70.55,283.0,117.0,283.0,44.74,55.26,-0.24929328621908126,-36.00000000000001,-1.9999999999999991,2.0000000000000004,-1.0000000000000002,-1.0,0.0,0.0,0.0,0.0,0.0,0.0,0.0,0.0,0.0,0.0,0.0,0.0,0.0,0.0,0.0,0.0,0.0,0.0,0.0,0.0,0.0,0.0,-1.0,0.0,0.0,0.0,0.0,0.0,0.0,0.0,1.0,0.0
CVS,Bear Put Spread,-62.94,249.99999999999994,50.00000000000006,249.99999999999994,53.09,46.91,-0.25176000000000004,-28.999999999999993,-1.9999999999999991,3.0000000000000004,-2.0000000000000004,-1.0,0.0,0.0,0.0,0.0,0.0,0.0,0.0,0.0,0.0,0.0,0.0,0.0,0.0,0.0,0.0,0.0,0.0,0.0,0.0,0.0,0.0,0.0,0.0,0.0,0.0,-1.0,0.0,0.0,0.0,0.0,0.0,1.0
CVS,Bear Put Spread,-60.28,238.0,112.0,238.0,44.74,55.26,-0.2532773109243697,-36.00000000000001,0.0,3.0000000000000004,-1.0000000000000002,-1.0,0.0,0.0,0.0,0.0,0.0,0.0,0.0,0.0,0.0,0.0,0.0,0.0,0.0,0.0,0.0,0.0,0.0,0.0,0.0,0.0,0.0,0.0,-1.0,0.0,0.0,0.0,0.0,0.0,0.0,1.0,0.0,0.0
CVS,Bear Put Spread,-62.28,239.0,161.0,239.0,40.35,59.65,-0.2605857740585774,-35.99999999999999,0.9999999999999996,0.0,0.0,-1.0,0.0,0.0,0.0,0.0,0.0,0.0,0.0,0.0,0.0,0.0,0.0,0.0,0.0,0.0,0.0,0.0,0.0,0.0,0.0,0.0,-1.0,0.0,0.0,0.0,0.0,0.0,0.0,0.0,1.0,0.0,0.0,0.0
CVS,Bear Put Spread,-63.88,245.0,255.0,245.0,35.39,64.61,-0.26073469387755105,-43.00000000000001,3.0,-0.9999999999999996,0.0,-1.0,0.0,0.0,0.0,0.0,0.0,0.0,0.0,0.0,0.0,0.0,0.0,0.0,0.0,0.0,0.0,0.0,0.0,-1.0,0.0,0.0,0.0,0.0,0.0,0.0,0.0,0.0,0.0,1.0,0.0,0.0,0.0,0.0
CVS,Bear Put Spread,-62.92,236.0,64.0,236.0,49.32,50.68,-0.26661016949152544,-26.0,-1.9999999999999991,2.0000000000000004,-1.0000000000000002,-1.0,0.0,0.0,0.0,0.0,0.0,0.0,0.0,0.0,0.0,0.0,0.0,0.0,0.0,0.0,0.0,0.0,0.0,0.0,0.0,0.0,0.0,0.0,0.0,0.0,-1.0,0.0,0.0,0.0,0.0,0.0,1.0,0.0
CVS,Bear Put Spread,-70.31,260.0,290.0,260.0,34.6,65.4,-0.27042307692307693,-47.0,3.0,-0.9999999999999996,1.0000000000000002,-2.0,0.0,0.0,0.0,0.0,0.0,0.0,0.0,0.0,0.0,0.0,0.0,0.0,0.0,0.0,0.0,0.0,-1.0,0.0,0.0,0.0,0.0,0.0,0.0,0.0,0.0,0.0,0.0,1.0,0.0,0.0,0.0,0.0
CVS,Bear Put Spread,-52.66,191.0,59.0,191.0,49.32,50.68,-0.2757068062827225,-26.0,0.0,3.0000000000000004,-1.0000000000000002,-1.0,0.0,0.0,0.0,0.0,0.0,0.0,0.0,0.0,0.0,0.0,0.0,0.0,0.0,0.0,0.0,0.0,0.0,0.0,0.0,0.0,0.0,0.0,0.0,0.0,-1.0,0.0,0.0,0.0,0.0,1.0,0.0,0.0
CVS,Bear Put Spread,-58.53,212.0,238.0,212.0,34.6,65.4,-0.27608490566037736,-39.0,3.0,-0.9999999999999996,1.0000000000000002,0.0,0.0,0.0,0.0,0.0,0.0,0.0,0.0,0.0,0.0,0.0,0.0,0.0,0.0,0.0,0.0,0.0,0.0,-1.0,0.0,0.0,0.0,0.0,0.0,0.0,0.0,0.0,1.0,0.0,0.0,0.0,0.0,0.0
CVS,Bear Put Spread,-63.27,223.0,177.0,223.0,37.01,62.99,-0.2837219730941704,-36.00000000000001,0.9999999999999996,0.0,0.0,-1.0,0.0,0.0,0.0,0.0,0.0,0.0,0.0,0.0,0.0,0.0,0.0,0.0,0.0,0.0,0.0,0.0,0.0,0.0,0.0,-1.0,0.0,0.0,0.0,0.0,0.0,0.0,0.0,1.0,0.0,0.0,0.0,0.0
CVS,Bear Put Spread,-57.7,203.0,97.0,203.0,42.96,57.04,-0.28423645320197044,-27.999999999999996,0.0,1.0000000000000009,-1.0000000000000002,-1.0,0.0,0.0,0.0,0.0,0.0,0.0,0.0,0.0,0.0,0.0,0.0,0.0,0.0,0.0,0.0,0.0,0.0,0.0,0.0,0.0,0.0,0.0,-1.0,0.0,0.0,0.0,0.0,0.0,1.0,0.0,0.0,0.0
CVS,Bear Put Spread,-59.88,210.0,40.0,210.0,52.14,47.86,-0.28514285714285714,-21.999999999999996,-1.9999999999999991,2.0000000000000004,-1.0000000000000002,-1.0,0.0,0.0,0.0,0.0,0.0,0.0,0.0,0.0,0.0,0.0,0.0,0.0,0.0,0.0,0.0,0.0,0.0,0.0,0.0,0.0,0.0,0.0,0.0,0.0,0.0,-1.0,0.0,0.0,0.0,0.0,1.0,0.0
CVS,Bear Put Spread,-64.96,227.0,273.0,227.0,33.05,66.95,-0.28616740088105724,-43.0,3.0,-0.9999999999999996,2.0000000000000004,-1.0,0.0,0.0,0.0,0.0,0.0,0.0,0.0,0.0,0.0,0.0,0.0,0.0,0.0,0.0,0.0,0.0,-1.0,0.0,0.0,0.0,0.0,0.0,0.0,0.0,0.0,0.0,1.0,0.0,0.0,0.0,0.0,0.0
CVS,Bear Put Spread,-53.86,187.99999999999991,12.000000000000085,187.99999999999991,58.84,41.16,-0.2864893617021278,-18.999999999999993,-1.9999999999999991,1.9999999999999998,-1.0000000000000002,0.0,0.0,0.0,0.0,0.0,0.0,0.0,0.0,0.0,0.0,0.0,0.0,0.0,0.0,0.0,0.0,0.0,0.0,0.0,0.0,0.0,0.0,0.0,0.0,0.0,0.0,0.0,0.0,-1.0,0.0,0.0,0.0,1.0
CVS,Bear Put Spread,-66.21,227.99999999999997,22.00000000000003,227.99999999999997,55.0,45.0,-0.29039473684210526,-23.0,-1.9999999999999991,1.9999999999999998,-2.0000000000000004,-1.0,0.0,0.0,0.0,0.0,0.0,0.0,0.0,0.0,0.0,0.0,0.0,0.0,0.0,0.0,0.0,0.0,0.0,0.0,0.0,0.0,0.0,0.0,0.0,0.0,0.0,0.0,-1.0,0.0,0.0,0.0,0.0,1.0
CVS,Bear Put Spread,-71.83,243.0,207.0,243.0,35.39,64.61,-0.29559670781893005,-40.0,1.9999999999999991,0.0,0.0,-1.0,0.0,0.0,0.0,0.0,0.0,0.0,0.0,0.0,0.0,0.0,0.0,0.0,0.0,0.0,0.0,0.0,0.0,0.0,-1.0,0.0,0.0,0.0,0.0,0.0,0.0,0.0,0.0,1.0,0.0,0.0,0.0,0.0
CVS,Bear Put Spread,-35.5,120.0,180.0,120.0,30.06,69.94,-0.29583333333333334,-24.000000000000004,3.0,-2.0000000000000004,1.0000000000000002,0.0,0.0,0.0,0.0,0.0,0.0,0.0,0.0,0.0,0.0,0.0,0.0,0.0,0.0,0.0,0.0,0.0,0.0,-1.0,0.0,0.0,0.0,0.0,0.0,1.0,0.0,0.0,0.0,0.0,0.0,0.0,0.0,0.0
CVS,Bear Put Spread,-56.1,188.0,112.0,188.0,40.35,59.65,-0.29840425531914894,-28.000000000000004,0.0,1.0000000000000009,-1.0000000000000002,-1.0,0.0,0.0,0.0,0.0,0.0,0.0,0.0,0.0,0.0,0.0,0.0,0.0,0.0,0.0,0.0,0.0,0.0,0.0,0.0,0.0,0.0,-1.0,0.0,0.0,0.0,0.0,0.0,1.0,0.0,0.0,0.0,0.0
CVS,Bear Put Spread,-49.62,165.0,35.0,165.0,51.2,48.8,-0.30072727272727273,-21.999999999999996,0.0,3.0000000000000004,-1.0000000000000002,-1.0,0.0,0.0,0.0,0.0,0.0,0.0,0.0,0.0,0.0,0.0,0.0,0.0,0.0,0.0,0.0,0.0,0.0,0.0,0.0,0.0,0.0,0.0,0.0,0.0,0.0,-1.0,0.0,0.0,0.0,1.0,0.0,0.0
CVS,Bear Put Spread,-57.91,190.0,160.0,190.0,36.2,63.8,-0.3047894736842105,-32.0,0.9999999999999996,0.0,1.0000000000000002,0.0,0.0,0.0,0.0,0.0,0.0,0.0,0.0,0.0,0.0,0.0,0.0,0.0,0.0,0.0,0.0,0.0,0.0,0.0,0.0,-1.0,0.0,0.0,0.0,0.0,0.0,0.0,1.0,0.0,0.0,0.0,0.0,0.0
CVS,Bear Put Spread,-41.93,135.0,215.0,135.0,28.63,71.37,-0.3105925925925926,-28.000000000000004,3.0,-2.0000000000000004,2.0000000000000004,-1.0,0.0,0.0,0.0,0.0,0.0,0.0,0.0,0.0,0.0,0.0,0.0,0.0,0.0,0.0,0.0,0.0,-1.0,0.0,0.0,0.0,0.0,0.0,0.0,1.0,0.0,0.0,0.0,0.0,0.0,0.0,0.0,0.0
CVS,Bear Put Spread,-58.8,186.99999999999997,213.00000000000003,186.99999999999997,32.29,67.71,-0.3144385026737968,-33.00000000000001,3.0,-2.0000000000000004,1.0000000000000002,0.0,0.0,0.0,0.0,0.0,0.0,0.0,0.0,0.0,0.0,0.0,0.0,0.0,0.0,0.0,0.0,0.0,0.0,-1.0,0.0,0.0,0.0,0.0,0.0,0.0,0.0,1.0,0.0,0.0,0.0,0.0,0.0,0.0
CVS,Bear Put Spread,-67.32,214.0,136.0,214.0,37.83,62.17,-0.3145794392523364,-32.0,0.9999999999999996,0.0,0.0,-1.0,0.0,0.0,0.0,0.0,0.0,0.0,0.0,0.0,0.0,0.0,0.0,0.0,0.0,0.0,0.0,0.0,0.0,0.0,0.0,0.0,-1.0,0.0,0.0,0.0,0.0,0.0,0.0,1.0,0.0,0.0,0.0,0.0
CVS,Bear Put Spread,-66.47,210.0,190.0,210.0,34.6,65.4,-0.31652380952380954,-36.0,1.9999999999999991,0.0,1.0000000000000002,0.0,0.0,0.0,0.0,0.0,0.0,0.0,0.0,0.0,0.0,0.0,0.0,0.0,0.0,0.0,0.0,0.0,0.0,0.0,-1.0,0.0,0.0,0.0,0.0,0.0,0.0,0.0,1.0,0.0,0.0,0.0,0.0,0.0
CVS,Bear Put Spread,-45.38,142.0,58.0,142.0,44.74,55.26,-0.3195774647887324,-19.0,0.0,1.0000000000000009,-1.0000000000000002,-1.0,0.0,0.0,0.0,0.0,0.0,0.0,0.0,0.0,0.0,0.0,0.0,0.0,0.0,0.0,0.0,0.0,0.0,0.0,0.0,0.0,0.0,0.0,0.0,-1.0,0.0,0.0,0.0,1.0,0.0,0.0,0.0,0.0
CVS,Bear Put Spread,-50.08,156.0,44.0,156.0,47.47,52.53,-0.321025641025641,-17.999999999999993,0.0,1.0000000000000009,-1.0000000000000002,-1.0,0.0,0.0,0.0,0.0,0.0,0.0,0.0,0.0,0.0,0.0,0.0,0.0,0.0,0.0,0.0,0.0,0.0,0.0,0.0,0.0,0.0,0.0,0.0,0.0,-1.0,0.0,0.0,0.0,1.0,0.0,0.0,0.0
CVS,Bear Put Spread,-65.23,201.99999999999997,248.00000000000003,201.99999999999997,31.53,68.47,-0.322920792079208,-37.00000000000001,3.0,-2.0000000000000004,2.0000000000000004,-1.0,0.0,0.0,0.0,0.0,0.0,0.0,0.0,0.0,0.0,0.0,0.0,0.0,0.0,0.0,0.0,0.0,-1.0,0.0,0.0,0.0,0.0,0.0,0.0,0.0,0.0,1.0,0.0,0.0,0.0,0.0,0.0,0.0
CVS,Bear Put Spread,-50.75,155.0,95.0,155.0,38.66,61.34,-0.32741935483870965,-24.0,0.0,1.0000000000000009,0.0,0.0,0.0,0.0,0.0,0.0,0.0,0.0,0.0,0.0,0.0,0.0,0.0,0.0,0.0,0.0,0.0,0.0,0.0,0.0,0.0,0.0,0.0,-1.0,0.0,0.0,0.0,0.0,1.0,0.0,0.0,0.0,0.0,0.0
CVS,Bear Put Spread,-51.76,157.0,193.0,157.0,30.79,69.21,-0.32968152866242034,-29.000000000000004,3.0,-2.0000000000000004,1.0000000000000002,0.0,0.0,0.0,0.0,0.0,0.0,0.0,0.0,0.0,0.0,0.0,0.0,0.0,0.0,0.0,0.0,0.0,0.0,-1.0,0.0,0.0,0.0,0.0,0.0,0.0,1.0,0.0,0.0,0.0,0.0,0.0,0.0,0.0
CVS,Bear Put Spread,-63.16,188.00000000000003,11.999999999999972,188.00000000000003,54.05,45.95,-0.3359574468085106,-16.000000000000004,-1.9999999999999991,0.9999999999999996,-1.0000000000000002,-1.0,0.0,0.0,0.0,0.0,0.0,0.0,0.0,0.0,0.0,0.0,0.0,0.0,0.0,0.0,0.0,0.0,0.0,0.0,0.0,0.0,0.0,0.0,0.0,0.0,0.0,0.0,-1.0,0.0,0.0,0.0,1.0,0.0
CVS,Bear Put Spread,-58.19,172.0,228.0,172.0,30.06,69.94,-0.33831395348837207,-33.0,3.0,-2.0000000000000004,2.0000000000000004,-1.0,0.0,0.0,0.0,0.0,0.0,0.0,0.0,0.0,0.0,0.0,0.0,0.0,0.0,0.0,0.0,0.0,-1.0,0.0,0.0,0.0,0.0,0.0,0.0,0.0,1.0,0.0,0.0,0.0,0.0,0.0,0.0,0.0
CVS,Bear Put Spread,-61.96,181.0,119.0,181.0,37.01,62.99,-0.3423204419889503,-27.999999999999996,0.9999999999999996,0.0,1.0000000000000002,0.0,0.0,0.0,0.0,0.0,0.0,0.0,0.0,0.0,0.0,0.0,0.0,0.0,0.0,0.0,0.0,0.0,0.0,0.0,0.0,0.0,-1.0,0.0,0.0,0.0,0.0,0.0,1.0,0.0,0.0,0.0,0.0,0.0
CVS,Bear Put Spread,-50.8,147.99999999999997,2.0000000000000284,147.99999999999997,57.88,42.12,-0.3432432432432433,-12.0,-1.9999999999999991,0.9999999999999996,0.0,0.0,0.0,0.0,0.0,0.0,0.0,0.0,0.0,0.0,0.0,0.0,0.0,0.0,0.0,0.0,0.0,0.0,0.0,0.0,0.0,0.0,0.0,0.0,0.0,0.0,0.0,0.0,0.0,-1.0,0.0,0.0,1.0,0.0
CVS,Bear Put Spread,-62.75,178.0,72.0,178.0,41.21,58.79,-0.35252808988764045,-24.000000000000004,0.0,1.0000000000000009,-1.0000000000000002,-1.0,0.0,0.0,0.0,0.0,0.0,0.0,0.0,0.0,0.0,0.0,0.0,0.0,0.0,0.0,0.0,0.0,0.0,0.0,0.0,0.0,0.0,0.0,-1.0,0.0,0.0,0.0,0.0,1.0,0.0,0.0,0.0,0.0
CVS,Bear Put Spread,-58.19,164.99999999999997,135.00000000000003,164.99999999999997,33.82,66.18,-0.35266666666666674,-26.000000000000007,0.9999999999999996,-1.0000000000000009,1.0000000000000002,0.0,0.0,0.0,0.0,0.0,0.0,0.0,0.0,0.0,0.0,0.0,0.0,0.0,0.0,0.0,0.0,0.0,0.0,0.0,0.0,-1.0,0.0,0.0,0.0,0.0,0.0,1.0,0.0,0.0,0.0,0.0,0.0,0.0
CVS,Bear Put Spread,-34.89,98.0,102.0,98.0,31.53,68.47,-0.3560204081632653,-17.000000000000004,0.9999999999999996,-1.0000000000000009,1.0000000000000002,0.0,0.0,0.0,0.0,0.0,0.0,0.0,0.0,0.0,0.0,0.0,0.0,0.0,0.0,0.0,0.0,0.0,0.0,0.0,0.0,-1.0,0.0,0.0,0.0,1.0,0.0,0.0,0.0,0.0,0.0,0.0,0.0,0.0
CVS,Bear Put Spread,-66.75,184.99999999999997,165.00000000000003,184.99999999999997,32.29,67.71,-0.36081081081081084,-30.000000000000004,1.9999999999999991,-1.0000000000000009,1.0000000000000002,0.0,0.0,0.0,0.0,0.0,0.0,0.0,0.0,0.0,0.0,0.0,0.0,0.0,0.0,0.0,0.0,0.0,0.0,0.0,-1.0,0.0,0.0,0.0,0.0,0.0,0.0,1.0,0.0,0.0,0.0,0.0,0.0,0.0
CVS,Bear Put Spread,-47.04,130.0,20.0,130.0,50.26,49.74,-0.3618461538461538,-13.99999999999999,0.0,1.0000000000000009,-1.0000000000000002,-1.0,0.0,0.0,0.0,0.0,0.0,0.0,0.0,0.0,0.0,0.0,0.0,0.0,0.0,0.0,0.0,0.0,0.0,0.0,0.0,0.0,0.0,0.0,0.0,0.0,0.0,-1.0,0.0,0.0,1.0,0.0,0.0,0.0
CVS,Bear Put Spread,-40.02,109.0,41.0,109.0,42.96,57.04,-0.3671559633027523,-14.999999999999996,0.0,1.0000000000000009,0.0,0.0,0.0,0.0,0.0,0.0,0.0,0.0,0.0,0.0,0.0,0.0,0.0,0.0,0.0,0.0,0.0,0.0,0.0,0.0,0.0,0.0,0.0,0.0,0.0,-1.0,0.0,0.0,1.0,0.0,0.0,0.0,0.0,0.0
CVS,Bear Put Spread,-43.45,118.0,132.0,118.0,30.06,69.94,-0.3682203389830509,-21.000000000000004,1.9999999999999991,-1.0000000000000009,1.0000000000000002,0.0,0.0,0.0,0.0,0.0,0.0,0.0,0.0,0.0,0.0,0.0,0.0,0.0,0.0,0.0,0.0,0.0,0.0,0.0,-1.0,0.0,0.0,0.0,0.0,1.0,0.0,0.0,0.0,0.0,0.0,0.0,0.0,0.0
CVS,Bear Put Spread,-52.89,143.00000000000003,6.999999999999972,143.00000000000003,53.09,46.91,-0.36986013986013977,-16.000000000000004,0.0,1.9999999999999998,-1.0000000000000002,-1.0,0.0,0.0,0.0,0.0,0.0,0.0,0.0,0.0,0.0,0.0,0.0,0.0,0.0,0.0,0.0,0.0,0.0,0.0,0.0,0.0,0.0,0.0,0.0,0.0,0.0,0.0,-1.0,0.0,0.0,1.0,0.0,0.0
CVS,Bear Put Spread,-51.15,135.0,115.0,135.0,32.29,67.71,-0.3788888888888889,-22.000000000000004,0.9999999999999996,-1.0000000000000009,1.0000000000000002,0.0,0.0,0.0,0.0,0.0,0.0,0.0,0.0,0.0,0.0,0.0,0.0,0.0,0.0,0.0,0.0,0.0,0.0,0.0,0.0,-1.0,0.0,0.0,0.0,0.0,1.0,0.0,0.0,0.0,0.0,0.0,0.0,0.0
CVS,Bear Put Spread,-59.71,155.0,145.0,155.0,30.79,69.21,-0.3852258064516129,-26.0,1.9999999999999991,-1.0000000000000009,1.0000000000000002,0.0,0.0,0.0,0.0,0.0,0.0,0.0,0.0,0.0,0.0,0.0,0.0,0.0,0.0,0.0,0.0,0.0,0.0,0.0,-1.0,0.0,0.0,0.0,0.0,0.0,1.0,0.0,0.0,0.0,0.0,0.0,0.0,0.0
CVS,Bear Put Spread,-51.02,129.99999999999997,70.00000000000003,129.99999999999997,37.01,62.99,-0.3924615384615386,-18.000000000000004,0.0,0.0,0.0,0.0,0.0,0.0,0.0,0.0,0.0,0.0,0.0,0.0,0.0,0.0,0.0,0.0,0.0,0.0,0.0,0.0,0.0,0.0,0.0,0.0,0.0,-1.0,0.0,0.0,0.0,1.0,0.0,0.0,0.0,0.0,0.0,0.0
CVS,Bear Put Spread,-43.14,109.0,141.0,109.0,27.24,72.76,-0.3957798165137615,-18.999999999999996,3.0,-2.0000000000000004,1.0000000000000002,0.0,0.0,0.0,0.0,0.0,0.0,0.0,0.0,0.0,0.0,0.0,0.0,0.0,0.0,0.0,0.0,0.0,0.0,-1.0,0.0,0.0,0.0,0.0,1.0,0.0,0.0,0.0,0.0,0.0,0.0,0.0,0.0,0.0
CVS,Bear Put Spread,-57.39,145.0,55.0,145.0,39.5,60.5,-0.39579310344827584,-20.0,0.0,1.0000000000000009,0.0,0.0,0.0,0.0,0.0,0.0,0.0,0.0,0.0,0.0,0.0,0.0,0.0,0.0,0.0,0.0,0.0,0.0,0.0,0.0,0.0,0.0,0.0,0.0,-1.0,0.0,0.0,0.0,1.0,0.0,0.0,0.0,0.0,0.0
CVS,Bear Put Spread,-62.24,155.99999999999997,94.00000000000003,155.99999999999997,34.6,65.4,-0.39897435897435907,-22.000000000000004,0.9999999999999996,-1.0000000000000009,1.0000000000000002,0.0,0.0,0.0,0.0,0.0,0.0,0.0,0.0,0.0,0.0,0.0,0.0,0.0,0.0,0.0,0.0,0.0,0.0,0.0,0.0,0.0,-1.0,0.0,0.0,0.0,0.0,1.0,0.0,0.0,0.0,0.0,0.0,0.0
CVS,Bear Put Spread,-49.56,124.0,176.0,124.0,25.89,74.11,-0.39967741935483875,-23.0,3.0,-2.0000000000000004,2.0000000000000004,-1.0,0.0,0.0,0.0,0.0,0.0,0.0,0.0,0.0,0.0,0.0,0.0,0.0,0.0,0.0,0.0,0.0,-1.0,0.0,0.0,0.0,0.0,0.0,1.0,0.0,0.0,0.0,0.0,0.0,0.0,0.0,0.0,0.0
CVS,Bear Put Spread,-55.12,131.0,19.0,131.0,45.64,54.36,-0.4207633587786259,-14.000000000000002,0.0,1.0000000000000009,-1.0000000000000002,-1.0,0.0,0.0,0.0,0.0,0.0,0.0,0.0,0.0,0.0,0.0,0.0,0.0,0.0,0.0,0.0,0.0,0.0,0.0,0.0,0.0,0.0,0.0,0.0,0.0,-1.0,0.0,0.0,1.0,0.0,0.0,0.0,0.0
CVS,Bear Put Spread,-38.94,89.0,61.0,89.0,32.29,67.71,-0.4375280898876404,-13.0,0.9999999999999996,-1.0000000000000009,1.0000000000000002,0.0,0.0,0.0,0.0,0.0,0.0,0.0,0.0,0.0,0.0,0.0,0.0,0.0,0.0,0.0,0.0,0.0,0.0,0.0,0.0,0.0,-1.0,0.0,0.0,1.0,0.0,0.0,0.0,0.0,0.0,0.0,0.0,0.0
CVS,Bear Put Spread,-55.2,126.0,74.0,126.0,33.05,66.95,-0.4380952380952381,-18.0,0.9999999999999996,-1.0000000000000009,1.0000000000000002,0.0,0.0,0.0,0.0,0.0,0.0,0.0,0.0,0.0,0.0,0.0,0.0,0.0,0.0,0.0,0.0,0.0,0.0,0.0,0.0,0.0,-1.0,0.0,0.0,0.0,1.0,0.0,0.0,0.0,0.0,0.0,0.0,0.0
CVS,Bear Put Spread,-45.21,103.0,147.0,103.0,23.94,76.06,-0.43893203883495147,-19.0,3.0,-2.0000000000000004,2.0000000000000004,-1.0,0.0,0.0,0.0,0.0,0.0,0.0,0.0,0.0,0.0,0.0,0.0,0.0,0.0,0.0,0.0,0.0,-1.0,0.0,0.0,0.0,0.0,1.0,0.0,0.0,0.0,0.0,0.0,0.0,0.0,0.0,0.0,0.0
CVS,Bear Put Spread,-43.98,100.0,50.0,100.0,35.39,64.61,-0.43979999999999997,-14.000000000000002,0.0,0.0,0.0,0.0,0.0,0.0,0.0,0.0,0.0,0.0,0.0,0.0,0.0,0.0,0.0,0.0,0.0,0.0,0.0,0.0,0.0,0.0,0.0,0.0,0.0,-1.0,0.0,0.0,1.0,0.0,0.0,0.0,0.0,0.0,0.0,0.0
CVS,Bear Put Spread,-27.72,63.0,37.0,63.0,33.82,66.18,-0.44,-9.000000000000002,0.0,0.0,0.0,0.0,0.0,0.0,0.0,0.0,0.0,0.0,0.0,0.0,0.0,0.0,0.0,0.0,0.0,0.0,0.0,0.0,0.0,0.0,0.0,0.0,0.0,-1.0,0.0,1.0,0.0,0.0,0.0,0.0,0.0,0.0,0.0,0.0
CVS,Bear Put Spread,-38.78,88.0,112.0,88.0,25.23,74.77,-0.4406818181818182,-15.0,3.0,-2.0000000000000004,1.0000000000000002,0.0,0.0,0.0,0.0,0.0,0.0,0.0,0.0,0.0,0.0,0.0,0.0,0.0,0.0,0.0,0.0,0.0,0.0,-1.0,0.0,0.0,0.0,1.0,0.0,0.0,0.0,0.0,0.0,0.0,0.0,0.0,0.0,0.0
CVS,Bear Put Spread,-51.08,107.0,93.0,107.0,27.24,72.76,-0.47738317757009346,-15.999999999999998,1.9999999999999991,-1.0000000000000009,1.0000000000000002,0.0,0.0,0.0,0.0,0.0,0.0,0.0,0.0,0.0,0.0,0.0,0.0,0.0,0.0,0.0,0.0,0.0,0.0,0.0,-1.0,0.0,0.0,0.0,1.0,0.0,0.0,0.0,0.0,0.0,0.0,0.0,0.0,0.0
CVS,Bear Put Spread,-40.3,83.99999999999997,16.00000000000003,83.99999999999997,40.35,59.65,-0.4797619047619049,-9.000000000000002,0.0,0.0,0.0,0.0,0.0,0.0,0.0,0.0,0.0,0.0,0.0,0.0,0.0,0.0,0.0,0.0,0.0,0.0,0.0,0.0,0.0,0.0,0.0,0.0,0.0,0.0,0.0,-1.0,0.0,1.0,0.0,0.0,0.0,0.0,0.0,0.0
CVS,Bear Put Spread,-57.66,119.99999999999996,30.000000000000043,119.99999999999996,37.83,62.17,-0.48050000000000015,-14.000000000000007,0.0,0.0,0.0,0.0,0.0,0.0,0.0,0.0,0.0,0.0,0.0,0.0,0.0,0.0,0.0,0.0,0.0,0.0,0.0,0.0,0.0,0.0,0.0,0.0,0.0,0.0,-1.0,0.0,0.0,1.0,0.0,0.0,0.0,0.0,0.0,0.0
CVS,Bear Put Spread,-42.52,87.0,63.0,87.0,28.63,71.37,-0.4887356321839081,-12.0,0.9999999999999996,-1.0000000000000009,1.0000000000000002,0.0,0.0,0.0,0.0,0.0,0.0,0.0,0.0,0.0,0.0,0.0,0.0,0.0,0.0,0.0,0.0,0.0,0.0,0.0,0.0,-1.0,0.0,0.0,1.0,0.0,0.0,0.0,0.0,0.0,0.0,0.0,0.0,0.0
CVS,Bear Put Spread,-49.76,98.0,2.0,98.0,43.85,56.15,-0.5077551020408163,-9.999999999999998,0.0,1.0000000000000009,0.0,0.0,0.0,0.0,0.0,0.0,0.0,0.0,0.0,0.0,0.0,0.0,0.0,0.0,0.0,0.0,0.0,0.0,0.0,0.0,0.0,0.0,0.0,0.0,0.0,0.0,-1.0,0.0,1.0,0.0,0.0,0.0,0.0,0.0
CVS,Bear Put Spread,-47.99,91.0,109.0,91.0,22.07,77.93,-0.5273626373626373,-15.000000000000002,2.0000000000000004,-0.9999999999999996,1.0000000000000002,-1.0,0.0,0.0,0.0,0.0,0.0,0.0,0.0,0.0,0.0,0.0,0.0,0.0,0.0,0.0,0.0,0.0,-1.0,0.0,0.0,0.0,1.0,0.0,0.0,0.0,0.0,0.0,0.0,0.0,0.0,0.0,0.0,0.0
CVS,Bear Put Spread,-46.73,86.0,64.0,86.0,25.23,74.77,-0.5433720930232557,-12.0,1.9999999999999991,-1.0000000000000009,1.0000000000000002,0.0,0.0,0.0,0.0,0.0,0.0,0.0,0.0,0.0,0.0,0.0,0.0,0.0,0.0,0.0,0.0,0.0,0.0,0.0,-1.0,0.0,0.0,1.0,0.0,0.0,0.0,0.0,0.0,0.0,0.0,0.0,0.0,0.0
CVS,Bear Put Spread,-41.56,76.0,74.0,76.0,22.68,77.32,-0.5468421052631579,-11.000000000000002,2.0000000000000004,-0.9999999999999996,0.0,0.0,0.0,0.0,0.0,0.0,0.0,0.0,0.0,0.0,0.0,0.0,0.0,0.0,0.0,0.0,0.0,0.0,0.0,-1.0,0.0,0.0,1.0,0.0,0.0,0.0,0.0,0.0,0.0,0.0,0.0,0.0,0.0,0.0
CVS,Bear Put Spread,-50.63,89.99999999999999,10.000000000000014,89.99999999999999,36.2,63.8,-0.5625555555555557,-10.000000000000004,0.0,0.0,0.0,0.0,0.0,0.0,0.0,0.0,0.0,0.0,0.0,0.0,0.0,0.0,0.0,0.0,0.0,0.0,0.0,0.0,0.0,0.0,0.0,0.0,0.0,0.0,-1.0,0.0,1.0,0.0,0.0,0.0,0.0,0.0,0.0,0.0
CVS,Bear Put Spread,-38.17,66.0,34.0,66.0,26.56,73.44,-0.5783333333333334,-8.000000000000002,0.9999999999999996,-1.0000000000000009,1.0000000000000002,0.0,0.0,0.0,0.0,0.0,0.0,0.0,0.0,0.0,0.0,0.0,0.0,0.0,0.0,0.0,0.0,0.0,0.0,0.0,0.0,-1.0,0.0,1.0,0.0,0.0,0.0,0.0,0.0,0.0,0.0,0.0,0.0,0.0
CVS,Bear Put Spread,-42.04,72.0,78.0,72.0,20.29,79.71,-0.5838888888888889,-10.999999999999998,2.0000000000000004,-0.9999999999999996,1.0000000000000002,-1.0,0.0,0.0,0.0,0.0,0.0,0.0,0.0,0.0,0.0,0.0,0.0,0.0,0.0,0.0,0.0,0.0,-1.0,0.0,0.0,1.0,0.0,0.0,0.0,0.0,0.0,0.0,0.0,0.0,0.0,0.0,0.0,0.0
CVS,Bear Put Spread,-46.57,78.0,22.0,78.0,29.34,70.66,-0.5970512820512821,-7.9999999999999964,0.9999999999999996,-1.0000000000000009,1.0000000000000002,0.0,0.0,0.0,0.0,0.0,0.0,0.0,0.0,0.0,0.0,0.0,0.0,0.0,0.0,0.0,0.0,0.0,0.0,0.0,0.0,0.0,-1.0,0.0,1.0,0.0,0.0,0.0,0.0,0.0,0.0,0.0,0.0,0.0
CVS,Bear Put Spread,-35.61,57.0,43.0,57.0,20.87,79.13,-0.6247368421052631,-6.999999999999998,2.0000000000000004,-0.9999999999999996,0.0,0.0,0.0,0.0,0.0,0.0,0.0,0.0,0.0,0.0,0.0,0.0,0.0,0.0,0.0,0.0,0.0,0.0,0.0,-1.0,0.0,1.0,0.0,0.0,0.0,0.0,0.0,0.0,0.0,0.0,0.0,0.0,0.0,0.0
CVS,Bear Put Spread,-49.51,74.0,26.0,74.0,22.68,77.32,-0.669054054054054,-8.000000000000002,0.9999999999999996,0.0,0.0,0.0,0.0,0.0,0.0,0.0,0.0,0.0,0.0,0.0,0.0,0.0,0.0,0.0,0.0,0.0,0.0,0.0,0.0,0.0,-1.0,0.0,1.0,0.0,0.0,0.0,0.0,0.0,0.0,0.0,0.0,0.0,0.0,0.0
CVS,Bear Put Spread,-43.48,62.0,38.0,62.0,18.04,81.96,-0.7012903225806452,-7.000000000000001,1.0000000000000009,-0.9999999999999996,1.0000000000000002,-1.0,0.0,0.0,0.0,0.0,0.0,0.0,0.0,0.0,0.0,0.0,0.0,0.0,0.0,0.0,0.0,0.0,-1.0,0.0,1.0,0.0,0.0,0.0,0.0,0.0,0.0,0.0,0.0,0.0,0.0,0.0,0.0,0.0
CVS,Bear Put Spread,-37.05,47.0,3.0,47.0,18.59,81.41,-0.7882978723404255,-3.0,1.0000000000000009,-0.9999999999999996,0.0,0.0,0.0,0.0,0.0,0.0,0.0,0.0,0.0,0.0,0.0,0.0,0.0,0.0,0.0,0.0,0.0,0.0,0.0,-1.0,1.0,0.0,0.0,0.0,0.0,0.0,0.0,0.0,0.0,0.0,0.0,0.0,0.0,0.0
CVS,Bear Put Spread,-34.43,43.0,7.0,43.0,15.94,84.06,-0.8006976744186046,-4.000000000000001,0.0,0.0,1.0000000000000002,-1.0,0.0,0.0,0.0,0.0,0.0,0.0,0.0,0.0,0.0,0.0,0.0,0.0,0.0,0.0,0.0,0.0,-1.0,1.0,0.0,0.0,0.0,0.0,0.0,0.0,0.0,0.0,0.0,0.0,0.0,0.0,0.0,0.0
