Underlying,Name,Expected PnL,Cost of Strategy,Max_Profit,Max_Loss,Prob of Profit,Prob of Loss,Exp_Pnl/Max_Loss,Strategy_Delta,Strategy_Gamma,Strategy_Theta,Strategy_Vega,Strategy_Rho,C_51.0,C_51.5,C_52.0,C_52.5,C_53.0,C_53.5,C_54.0,C_54.5,C_55.0,C_55.5,C_56.0,C_56.5,C_57.0,C_57.5,C_58.0,P_51.0,P_51.5,P_52.0,P_52.5,P_53.0,P_53.5,P_54.0,P_54.5,P_55.0,P_55.5,P_56.0,P_56.5,P_57.0,P_57.5,P_58.0
DD,Bear Call Spread,-53.67,-136.0,136.0,314.0,49.42,50.58,-0.1709235668789809,-40.0,-3.0,0.9999999999999996,-1.0000000000000002,-1.0,0.0,0.0,0.0,0.0,0.0,-1.0,0.0,0.0,0.0,0.0,0.0,0.0,0.0,0.0,1.0,0.0,0.0,0.0,0.0,0.0,0.0,0.0,0.0,0.0,0.0,0.0,0.0,0.0,0.0,0.0
DD,Bear Call Spread,-45.45,-85.0,85.0,265.0,54.56,45.44,-0.17150943396226417,-30.000000000000004,-3.0,0.9999999999999996,-1.0000000000000002,-1.0,0.0,0.0,0.0,0.0,0.0,0.0,0.0,-1.0,0.0,0.0,0.0,0.0,0.0,0.0,1.0,0.0,0.0,0.0,0.0,0.0,0.0,0.0,0.0,0.0,0.0,0.0,0.0,0.0,0.0,0.0
DD,Bear Call Spread,-66.02,-271.0,271.0,379.0,43.12,56.88,-0.1741952506596306,-57.00000000000001,0.0,-1.0000000000000002,0.0,-1.0,0.0,-1.0,0.0,0.0,0.0,0.0,0.0,0.0,0.0,0.0,0.0,0.0,0.0,0.0,1.0,0.0,0.0,0.0,0.0,0.0,0.0,0.0,0.0,0.0,0.0,0.0,0.0,0.0,0.0,0.0
DD,Bear Call Spread,-51.76,-107.0,107.0,293.0,51.49,48.5,-0.17665529010238906,-35.0,-3.0,0.9999999999999996,-1.0000000000000002,-1.0,0.0,0.0,0.0,0.0,0.0,0.0,-1.0,0.0,0.0,0.0,0.0,0.0,0.0,0.0,1.0,0.0,0.0,0.0,0.0,0.0,0.0,0.0,0.0,0.0,0.0,0.0,0.0,0.0,0.0,0.0
DD,Bear Call Spread,-49.24,-128.0,128.0,272.0,49.42,50.58,-0.18102941176470588,-38.0,-2.0000000000000004,0.9999999999999996,-1.0000000000000002,-1.0,0.0,0.0,0.0,0.0,0.0,-1.0,0.0,0.0,0.0,0.0,0.0,0.0,0.0,1.0,0.0,0.0,0.0,0.0,0.0,0.0,0.0,0.0,0.0,0.0,0.0,0.0,0.0,0.0,0.0,0.0
DD,Bear Call Spread,-61.59,-263.0,263.0,337.0,42.07,57.93,-0.18275964391691396,-55.00000000000001,0.9999999999999996,-1.0000000000000002,0.0,-1.0,0.0,-1.0,0.0,0.0,0.0,0.0,0.0,0.0,0.0,0.0,0.0,0.0,0.0,1.0,0.0,0.0,0.0,0.0,0.0,0.0,0.0,0.0,0.0,0.0,0.0,0.0,0.0,0.0,0.0,0.0
DD,Bear Call Spread,-41.02,-77.0,77.0,223.0,53.54,46.45,-0.1839461883408072,-28.000000000000004,-2.0000000000000004,0.9999999999999996,-1.0000000000000002,-1.0,0.0,0.0,0.0,0.0,0.0,0.0,0.0,-1.0,0.0,0.0,0.0,0.0,0.0,1.0,0.0,0.0,0.0,0.0,0.0,0.0,0.0,0.0,0.0,0.0,0.0,0.0,0.0,0.0,0.0,0.0
DD,Bear Call Spread,-47.33,-99.0,99.0,251.0,51.49,48.5,-0.18856573705179283,-32.99999999999999,-2.0000000000000004,0.9999999999999996,-1.0000000000000002,-1.0,0.0,0.0,0.0,0.0,0.0,0.0,-1.0,0.0,0.0,0.0,0.0,0.0,0.0,1.0,0.0,0.0,0.0,0.0,0.0,0.0,0.0,0.0,0.0,0.0,0.0,0.0,0.0,0.0,0.0,0.0
DD,Bear Call Spread,-39.66,-42.0,42.0,208.0,60.43,39.56,-0.19067307692307692,-18.999999999999996,-3.0,0.9999999999999996,-1.0000000000000002,-1.0,0.0,0.0,0.0,0.0,0.0,0.0,0.0,0.0,0.0,-1.0,0.0,0.0,0.0,0.0,1.0,0.0,0.0,0.0,0.0,0.0,0.0,0.0,0.0,0.0,0.0,0.0,0.0,0.0,0.0,0.0
DD,Bear Call Spread,-57.41,-253.0,253.0,297.0,41.02,58.97,-0.19329966329966328,-51.0,1.9999999999999991,-1.0000000000000002,0.0,0.0,0.0,-1.0,0.0,0.0,0.0,0.0,0.0,0.0,0.0,0.0,0.0,0.0,1.0,0.0,0.0,0.0,0.0,0.0,0.0,0.0,0.0,0.0,0.0,0.0,0.0,0.0,0.0,0.0,0.0,0.0
DD,Bear Call Spread,-45.06,-118.0,118.0,232.0,48.37,51.62,-0.1942241379310345,-34.0,-1.0000000000000009,0.9999999999999996,-1.0000000000000002,0.0,0.0,0.0,0.0,0.0,0.0,-1.0,0.0,0.0,0.0,0.0,0.0,0.0,1.0,0.0,0.0,0.0,0.0,0.0,0.0,0.0,0.0,0.0,0.0,0.0,0.0,0.0,0.0,0.0,0.0,0.0
DD,Bear Call Spread,-77.79,-301.0,301.0,399.0,41.02,58.97,-0.19496240601503761,-61.0,1.0000000000000009,-1.0000000000000002,0.0,-1.0,-1.0,0.0,0.0,0.0,0.0,0.0,0.0,0.0,0.0,0.0,0.0,0.0,0.0,0.0,1.0,0.0,0.0,0.0,0.0,0.0,0.0,0.0,0.0,0.0,0.0,0.0,0.0,0.0,0.0,0.0
DD,Bear Call Spread,-36.84,-67.0,67.0,183.0,52.52,47.47,-0.20131147540983607,-24.0,-1.0000000000000009,0.9999999999999996,-1.0000000000000002,0.0,0.0,0.0,0.0,0.0,0.0,0.0,0.0,-1.0,0.0,0.0,0.0,0.0,1.0,0.0,0.0,0.0,0.0,0.0,0.0,0.0,0.0,0.0,0.0,0.0,0.0,0.0,0.0,0.0,0.0,0.0
DD,Bear Call Spread,-49.77,-54.999999999999986,54.999999999999986,245.0,56.56,43.43,-0.20314285714285715,-24.000000000000004,-3.0,0.9999999999999996,-1.0000000000000002,-1.0,0.0,0.0,0.0,0.0,0.0,0.0,0.0,0.0,-1.0,0.0,0.0,0.0,0.0,0.0,1.0,0.0,0.0,0.0,0.0,0.0,0.0,0.0,0.0,0.0,0.0,0.0,0.0,0.0,0.0,0.0
DD,Bear Call Spread,-43.14,-89.0,89.0,211.0,50.46,49.54,-0.20445497630331755,-28.999999999999993,-1.0000000000000009,0.9999999999999996,-1.0000000000000002,0.0,0.0,0.0,0.0,0.0,0.0,0.0,-1.0,0.0,0.0,0.0,0.0,0.0,1.0,0.0,0.0,0.0,0.0,0.0,0.0,0.0,0.0,0.0,0.0,0.0,0.0,0.0,0.0,0.0,0.0,0.0
DD,Bear Call Spread,-73.36,-293.0,293.0,357.0,39.98,60.02,-0.20549019607843136,-59.0,2.0000000000000004,-1.0000000000000002,0.0,-1.0,-1.0,0.0,0.0,0.0,0.0,0.0,0.0,0.0,0.0,0.0,0.0,0.0,0.0,1.0,0.0,0.0,0.0,0.0,0.0,0.0,0.0,0.0,0.0,0.0,0.0,0.0,0.0,0.0,0.0,0.0
DD,Bear Call Spread,-37.04,-24.0,24.0,176.0,63.2,36.79,-0.21045454545454545,-15.0,-1.9999999999999991,0.9999999999999996,-1.0000000000000002,-1.0,0.0,0.0,0.0,0.0,0.0,0.0,0.0,0.0,0.0,0.0,-1.0,0.0,0.0,0.0,1.0,0.0,0.0,0.0,0.0,0.0,0.0,0.0,0.0,0.0,0.0,0.0,0.0,0.0,0.0,0.0
DD,Bear Call Spread,-35.23,-34.0,34.0,166.0,59.48,40.51,-0.2122289156626506,-17.0,-2.0000000000000004,0.9999999999999996,-1.0000000000000002,-1.0,0.0,0.0,0.0,0.0,0.0,0.0,0.0,0.0,0.0,-1.0,0.0,0.0,0.0,1.0,0.0,0.0,0.0,0.0,0.0,0.0,0.0,0.0,0.0,0.0,0.0,0.0,0.0,0.0,0.0,0.0
DD,Bear Call Spread,-82.99,-214.0,214.0,386.0,42.07,57.93,-0.215,-55.00000000000001,-0.9999999999999996,-1.0000000000000002,0.0,-1.0,0.0,0.0,-1.0,0.0,0.0,0.0,0.0,0.0,0.0,0.0,0.0,0.0,0.0,0.0,1.0,0.0,0.0,0.0,0.0,0.0,0.0,0.0,0.0,0.0,0.0,0.0,0.0,0.0,0.0,0.0
DD,Bear Call Spread,-69.17,-283.0,283.0,317.0,38.94,61.06,-0.21820189274447951,-54.99999999999999,3.0,-1.0000000000000002,0.0,0.0,-1.0,0.0,0.0,0.0,0.0,0.0,0.0,0.0,0.0,0.0,0.0,0.0,1.0,0.0,0.0,0.0,0.0,0.0,0.0,0.0,0.0,0.0,0.0,0.0,0.0,0.0,0.0,0.0,0.0,0.0
DD,Bear Call Spread,-58.27,-236.0,236.0,264.0,38.94,61.06,-0.22071969696969698,-47.0,1.9999999999999991,-1.0000000000000002,1.0000000000000002,0.0,0.0,-1.0,0.0,0.0,0.0,0.0,0.0,0.0,0.0,0.0,0.0,1.0,0.0,0.0,0.0,0.0,0.0,0.0,0.0,0.0,0.0,0.0,0.0,0.0,0.0,0.0,0.0,0.0,0.0,0.0
DD,Bear Call Spread,-45.34,-46.999999999999986,46.999999999999986,203.0,55.56,44.43,-0.2233497536945813,-22.000000000000004,-2.0000000000000004,0.9999999999999996,-1.0000000000000002,-1.0,0.0,0.0,0.0,0.0,0.0,0.0,0.0,0.0,-1.0,0.0,0.0,0.0,0.0,1.0,0.0,0.0,0.0,0.0,0.0,0.0,0.0,0.0,0.0,0.0,0.0,0.0,0.0,0.0,0.0,0.0
DD,Bear Call Spread,-84.95,-174.0,174.0,376.0,43.12,56.88,-0.2259308510638298,-50.0,-1.9999999999999991,0.0,0.0,-1.0,0.0,0.0,0.0,-1.0,0.0,0.0,0.0,0.0,0.0,0.0,0.0,0.0,0.0,0.0,1.0,0.0,0.0,0.0,0.0,0.0,0.0,0.0,0.0,0.0,0.0,0.0,0.0,0.0,0.0,0.0
DD,Bear Call Spread,-78.56,-206.0,206.0,344.0,41.02,58.97,-0.2283720930232558,-53.0,0.0,-1.0000000000000002,0.0,-1.0,0.0,0.0,-1.0,0.0,0.0,0.0,0.0,0.0,0.0,0.0,0.0,0.0,0.0,1.0,0.0,0.0,0.0,0.0,0.0,0.0,0.0,0.0,0.0,0.0,0.0,0.0,0.0,0.0,0.0,0.0
DD,Bear Call Spread,-45.92,-101.0,101.0,199.0,46.27,53.72,-0.2307537688442211,-30.0,-1.0000000000000009,0.9999999999999996,0.0,0.0,0.0,0.0,0.0,0.0,0.0,-1.0,0.0,0.0,0.0,0.0,0.0,1.0,0.0,0.0,0.0,0.0,0.0,0.0,0.0,0.0,0.0,0.0,0.0,0.0,0.0,0.0,0.0,0.0,0.0,0.0
DD,Bear Call Spread,-84.12,-139.0,139.0,361.0,45.22,54.77,-0.23301939058171747,-46.00000000000001,-3.0,0.0,-1.0000000000000002,-1.0,0.0,0.0,0.0,0.0,-1.0,0.0,0.0,0.0,0.0,0.0,0.0,0.0,0.0,0.0,1.0,0.0,0.0,0.0,0.0,0.0,0.0,0.0,0.0,0.0,0.0,0.0,0.0,0.0,0.0,0.0
DD,Bear Call Spread,-80.52,-166.0,166.0,334.0,42.07,57.93,-0.24107784431137724,-48.0,-0.9999999999999996,0.0,0.0,-1.0,0.0,0.0,0.0,-1.0,0.0,0.0,0.0,0.0,0.0,0.0,0.0,0.0,0.0,1.0,0.0,0.0,0.0,0.0,0.0,0.0,0.0,0.0,0.0,0.0,0.0,0.0,0.0,0.0,0.0,0.0
DD,Bear Call Spread,-46.35,-209.0,209.0,191.0,36.87,63.12,-0.24267015706806283,-38.00000000000001,3.0,-1.9999999999999998,1.0000000000000002,0.0,0.0,-1.0,0.0,0.0,0.0,0.0,0.0,0.0,0.0,1.0,0.0,0.0,0.0,0.0,0.0,0.0,0.0,0.0,0.0,0.0,0.0,0.0,0.0,0.0,0.0,0.0,0.0,0.0,0.0,0.0
DD,Bear Call Spread,-32.61,-16.0,16.0,134.0,62.29,37.7,-0.24335820895522386,-13.0,-0.9999999999999996,0.9999999999999996,-1.0000000000000002,-1.0,0.0,0.0,0.0,0.0,0.0,0.0,0.0,0.0,0.0,0.0,-1.0,0.0,0.0,1.0,0.0,0.0,0.0,0.0,0.0,0.0,0.0,0.0,0.0,0.0,0.0,0.0,0.0,0.0,0.0,0.0
DD,Bear Call Spread,-74.38,-196.0,196.0,304.0,39.98,60.02,-0.24467105263157893,-49.0,0.9999999999999996,-1.0000000000000002,0.0,0.0,0.0,0.0,-1.0,0.0,0.0,0.0,0.0,0.0,0.0,0.0,0.0,0.0,1.0,0.0,0.0,0.0,0.0,0.0,0.0,0.0,0.0,0.0,0.0,0.0,0.0,0.0,0.0,0.0,0.0,0.0
DD,Bear Call Spread,-31.05,-24.0,24.0,126.0,58.52,41.48,-0.24642857142857144,-12.999999999999995,-1.0000000000000009,0.9999999999999996,-1.0000000000000002,0.0,0.0,0.0,0.0,0.0,0.0,0.0,0.0,0.0,0.0,-1.0,0.0,0.0,1.0,0.0,0.0,0.0,0.0,0.0,0.0,0.0,0.0,0.0,0.0,0.0,0.0,0.0,0.0,0.0,0.0,0.0
DD,Bear Call Spread,-70.04,-266.0,266.0,284.0,36.87,63.12,-0.24661971830985918,-51.0,3.0,-1.0000000000000002,1.0000000000000002,0.0,-1.0,0.0,0.0,0.0,0.0,0.0,0.0,0.0,0.0,0.0,0.0,1.0,0.0,0.0,0.0,0.0,0.0,0.0,0.0,0.0,0.0,0.0,0.0,0.0,0.0,0.0,0.0,0.0,0.0,0.0
DD,Bear Call Spread,-56.98,-219.0,219.0,231.0,37.9,62.09,-0.24666666666666665,-42.00000000000001,1.9999999999999991,-1.9999999999999998,1.0000000000000002,0.0,0.0,-1.0,0.0,0.0,0.0,0.0,0.0,0.0,0.0,0.0,1.0,0.0,0.0,0.0,0.0,0.0,0.0,0.0,0.0,0.0,0.0,0.0,0.0,0.0,0.0,0.0,0.0,0.0,0.0,0.0
DD,Bear Call Spread,-44.01,-72.0,72.0,178.0,48.37,51.62,-0.24724719101123593,-24.999999999999993,-1.0000000000000009,0.9999999999999996,0.0,0.0,0.0,0.0,0.0,0.0,0.0,0.0,-1.0,0.0,0.0,0.0,0.0,1.0,0.0,0.0,0.0,0.0,0.0,0.0,0.0,0.0,0.0,0.0,0.0,0.0,0.0,0.0,0.0,0.0,0.0,0.0
DD,Bear Call Spread,-79.68,-131.0,131.0,319.0,44.17,55.82,-0.2497805642633229,-44.00000000000001,-2.0000000000000004,0.0,-1.0000000000000002,-1.0,0.0,0.0,0.0,0.0,-1.0,0.0,0.0,0.0,0.0,0.0,0.0,0.0,0.0,1.0,0.0,0.0,0.0,0.0,0.0,0.0,0.0,0.0,0.0,0.0,0.0,0.0,0.0,0.0,0.0,0.0
DD,Bear Call Spread,-37.7,-50.0,50.0,150.0,51.49,48.5,-0.25133333333333335,-20.0,-1.0000000000000009,0.9999999999999996,0.0,0.0,0.0,0.0,0.0,0.0,0.0,0.0,0.0,-1.0,0.0,0.0,0.0,1.0,0.0,0.0,0.0,0.0,0.0,0.0,0.0,0.0,0.0,0.0,0.0,0.0,0.0,0.0,0.0,0.0,0.0,0.0
DD,Bear Call Spread,-41.15,-36.999999999999986,36.999999999999986,163.0,54.56,45.44,-0.25245398773006134,-18.0,-1.0000000000000009,0.9999999999999996,-1.0000000000000002,0.0,0.0,0.0,0.0,0.0,0.0,0.0,0.0,0.0,-1.0,0.0,0.0,0.0,1.0,0.0,0.0,0.0,0.0,0.0,0.0,0.0,0.0,0.0,0.0,0.0,0.0,0.0,0.0,0.0,0.0,0.0
DD,Bear Call Spread,-76.34,-156.0,156.0,294.0,41.02,58.97,-0.2596598639455782,-43.99999999999999,0.0,0.0,0.0,0.0,0.0,0.0,0.0,-1.0,0.0,0.0,0.0,0.0,0.0,0.0,0.0,0.0,1.0,0.0,0.0,0.0,0.0,0.0,0.0,0.0,0.0,0.0,0.0,0.0,0.0,0.0,0.0,0.0,0.0,0.0
DD,Bear Call Spread,-44.63,-83.99999999999999,83.99999999999999,166.0,44.17,55.82,-0.268855421686747,-25.0,-1.0000000000000009,0.0,0.0,0.0,0.0,0.0,0.0,0.0,0.0,-1.0,0.0,0.0,0.0,0.0,1.0,0.0,0.0,0.0,0.0,0.0,0.0,0.0,0.0,0.0,0.0,0.0,0.0,0.0,0.0,0.0,0.0,0.0,0.0,0.0
DD,Bear Call Spread,-34.01,-74.0,74.0,126.0,43.12,56.88,-0.2699206349206349,-21.000000000000004,0.0,0.0,0.0,0.0,0.0,0.0,0.0,0.0,0.0,-1.0,0.0,0.0,0.0,1.0,0.0,0.0,0.0,0.0,0.0,0.0,0.0,0.0,0.0,0.0,0.0,0.0,0.0,0.0,0.0,0.0,0.0,0.0,0.0,0.0
DD,Bear Call Spread,-75.5,-121.0,121.0,279.0,43.12,56.88,-0.27060931899641577,-40.0,-1.0000000000000009,0.0,-1.0000000000000002,0.0,0.0,0.0,0.0,0.0,-1.0,0.0,0.0,0.0,0.0,0.0,0.0,0.0,1.0,0.0,0.0,0.0,0.0,0.0,0.0,0.0,0.0,0.0,0.0,0.0,0.0,0.0,0.0,0.0,0.0,0.0
DD,Bear Call Spread,-68.75,-249.0,249.0,251.0,35.85,64.14,-0.2739043824701195,-46.0,3.0,-1.9999999999999998,1.0000000000000002,0.0,-1.0,0.0,0.0,0.0,0.0,0.0,0.0,0.0,0.0,0.0,1.0,0.0,0.0,0.0,0.0,0.0,0.0,0.0,0.0,0.0,0.0,0.0,0.0,0.0,0.0,0.0,0.0,0.0,0.0,0.0
DD,Bear Call Spread,-58.12,-239.0,239.0,211.0,34.84,65.15,-0.27545023696682464,-42.0,4.000000000000001,-1.9999999999999998,1.0000000000000002,0.0,-1.0,0.0,0.0,0.0,0.0,0.0,0.0,0.0,0.0,1.0,0.0,0.0,0.0,0.0,0.0,0.0,0.0,0.0,0.0,0.0,0.0,0.0,0.0,0.0,0.0,0.0,0.0,0.0,0.0,0.0
DD,Bear Call Spread,-75.24,-179.0,179.0,271.0,38.94,61.06,-0.2776383763837638,-45.0,0.9999999999999996,-1.0000000000000002,1.0000000000000002,0.0,0.0,0.0,-1.0,0.0,0.0,0.0,0.0,0.0,0.0,0.0,0.0,1.0,0.0,0.0,0.0,0.0,0.0,0.0,0.0,0.0,0.0,0.0,0.0,0.0,0.0,0.0,0.0,0.0,0.0,0.0
DD,Bear Call Spread,-42.72,-54.999999999999986,54.999999999999986,145.0,46.27,53.72,-0.2946206896551724,-19.999999999999996,-1.0000000000000009,0.0,0.0,0.0,0.0,0.0,0.0,0.0,0.0,0.0,-1.0,0.0,0.0,0.0,1.0,0.0,0.0,0.0,0.0,0.0,0.0,0.0,0.0,0.0,0.0,0.0,0.0,0.0,0.0,0.0,0.0,0.0,0.0,0.0
DD,Bear Call Spread,-77.2,-139.0,139.0,261.0,39.98,60.02,-0.2957854406130268,-40.0,0.0,0.0,1.0000000000000002,0.0,0.0,0.0,0.0,-1.0,0.0,0.0,0.0,0.0,0.0,0.0,0.0,1.0,0.0,0.0,0.0,0.0,0.0,0.0,0.0,0.0,0.0,0.0,0.0,0.0,0.0,0.0,0.0,0.0,0.0,0.0
DD,Bear Call Spread,-28.43,-6.0,6.0,94.0,61.37,38.62,-0.3024468085106383,-8.999999999999996,0.0,0.9999999999999996,-1.0000000000000002,0.0,0.0,0.0,0.0,0.0,0.0,0.0,0.0,0.0,0.0,0.0,-1.0,0.0,1.0,0.0,0.0,0.0,0.0,0.0,0.0,0.0,0.0,0.0,0.0,0.0,0.0,0.0,0.0,0.0,0.0,0.0
DD,Bear Call Spread,-32.09,-45.0,45.0,105.0,45.22,54.77,-0.3056190476190477,-15.999999999999998,0.0,0.0,0.0,0.0,0.0,0.0,0.0,0.0,0.0,0.0,-1.0,0.0,0.0,1.0,0.0,0.0,0.0,0.0,0.0,0.0,0.0,0.0,0.0,0.0,0.0,0.0,0.0,0.0,0.0,0.0,0.0,0.0,0.0,0.0
DD,Bear Call Spread,-76.36,-104.0,104.0,246.0,41.02,58.97,-0.31040650406504067,-36.00000000000001,-1.0000000000000009,0.0,0.0,0.0,0.0,0.0,0.0,0.0,-1.0,0.0,0.0,0.0,0.0,0.0,0.0,1.0,0.0,0.0,0.0,0.0,0.0,0.0,0.0,0.0,0.0,0.0,0.0,0.0,0.0,0.0,0.0,0.0,0.0,0.0
DD,Bear Call Spread,-73.95,-162.0,162.0,238.0,36.87,63.12,-0.3107142857142857,-40.0,0.9999999999999996,-1.9999999999999998,1.0000000000000002,0.0,0.0,0.0,-1.0,0.0,0.0,0.0,0.0,0.0,0.0,0.0,1.0,0.0,0.0,0.0,0.0,0.0,0.0,0.0,0.0,0.0,0.0,0.0,0.0,0.0,0.0,0.0,0.0,0.0,0.0,0.0
DD,Bear Call Spread,-36.41,-32.999999999999986,32.999999999999986,117.00000000000001,49.42,50.58,-0.3111965811965811,-15.000000000000002,-1.0000000000000009,0.0,0.0,0.0,0.0,0.0,0.0,0.0,0.0,0.0,0.0,-1.0,0.0,0.0,1.0,0.0,0.0,0.0,0.0,0.0,0.0,0.0,0.0,0.0,0.0,0.0,0.0,0.0,0.0,0.0,0.0,0.0,0.0,0.0
DD,Bear Call Spread,-54.25,-178.0,178.0,172.0,33.84,66.15,-0.31540697674418605,-33.0,3.0,-1.9999999999999998,1.0000000000000002,0.0,0.0,-1.0,0.0,0.0,0.0,0.0,0.0,0.0,1.0,0.0,0.0,0.0,0.0,0.0,0.0,0.0,0.0,0.0,0.0,0.0,0.0,0.0,0.0,0.0,0.0,0.0,0.0,0.0,0.0,0.0
DD,Bear Call Spread,-63.33,-152.0,152.0,198.0,35.85,64.14,-0.3198484848484848,-36.00000000000001,2.0000000000000004,-1.9999999999999998,1.0000000000000002,0.0,0.0,0.0,-1.0,0.0,0.0,0.0,0.0,0.0,0.0,1.0,0.0,0.0,0.0,0.0,0.0,0.0,0.0,0.0,0.0,0.0,0.0,0.0,0.0,0.0,0.0,0.0,0.0,0.0,0.0,0.0
DD,Bear Call Spread,-42.02,-19.999999999999986,19.999999999999986,130.0,53.54,46.45,-0.32323076923076927,-14.000000000000002,-1.0000000000000009,0.9999999999999996,0.0,0.0,0.0,0.0,0.0,0.0,0.0,0.0,0.0,0.0,-1.0,0.0,0.0,1.0,0.0,0.0,0.0,0.0,0.0,0.0,0.0,0.0,0.0,0.0,0.0,0.0,0.0,0.0,0.0,0.0,0.0,0.0
DD,Bear Call Spread,-75.91,-121.99999999999999,121.99999999999999,228.0,37.9,62.09,-0.33293859649122803,-35.0,0.0,-0.9999999999999996,1.0000000000000002,0.0,0.0,0.0,0.0,-1.0,0.0,0.0,0.0,0.0,0.0,0.0,1.0,0.0,0.0,0.0,0.0,0.0,0.0,0.0,0.0,0.0,0.0,0.0,0.0,0.0,0.0,0.0,0.0,0.0,0.0,0.0
DD,Bear Call Spread,-25.78,-23.0,23.0,77.0,48.37,51.62,-0.33480519480519483,-11.000000000000004,0.0,0.0,0.0,0.0,0.0,0.0,0.0,0.0,0.0,0.0,0.0,-1.0,0.0,1.0,0.0,0.0,0.0,0.0,0.0,0.0,0.0,0.0,0.0,0.0,0.0,0.0,0.0,0.0,0.0,0.0,0.0,0.0,0.0,0.0
DD,Bear Call Spread,-31.91,-7.0,7.0,93.0,56.56,43.43,-0.3431182795698925,-8.999999999999996,-1.0000000000000009,0.9999999999999996,0.0,0.0,0.0,0.0,0.0,0.0,0.0,0.0,0.0,0.0,0.0,-1.0,0.0,1.0,0.0,0.0,0.0,0.0,0.0,0.0,0.0,0.0,0.0,0.0,0.0,0.0,0.0,0.0,0.0,0.0,0.0,0.0
DD,Bear Call Spread,-66.02,-208.0,208.0,192.0,31.87,68.12,-0.3438541666666666,-36.99999999999999,4.000000000000001,-1.9999999999999998,1.0000000000000002,0.0,-1.0,0.0,0.0,0.0,0.0,0.0,0.0,0.0,1.0,0.0,0.0,0.0,0.0,0.0,0.0,0.0,0.0,0.0,0.0,0.0,0.0,0.0,0.0,0.0,0.0,0.0,0.0,0.0,0.0,0.0
DD,Bear Call Spread,-65.28,-112.0,112.0,188.0,36.87,63.12,-0.3472340425531915,-31.0,1.0000000000000009,-0.9999999999999996,1.0000000000000002,0.0,0.0,0.0,0.0,-1.0,0.0,0.0,0.0,0.0,0.0,1.0,0.0,0.0,0.0,0.0,0.0,0.0,0.0,0.0,0.0,0.0,0.0,0.0,0.0,0.0,0.0,0.0,0.0,0.0,0.0,0.0
DD,Bear Call Spread,-75.07,-86.99999999999999,86.99999999999999,213.0,38.94,61.06,-0.3524413145539906,-31.000000000000007,-1.0000000000000009,-0.9999999999999996,0.0,0.0,0.0,0.0,0.0,0.0,-1.0,0.0,0.0,0.0,0.0,0.0,1.0,0.0,0.0,0.0,0.0,0.0,0.0,0.0,0.0,0.0,0.0,0.0,0.0,0.0,0.0,0.0,0.0,0.0,0.0,0.0
DD,Bear Call Spread,-51.57,-155.0,155.0,145.0,30.9,69.09,-0.35565517241379313,-27.0,3.0,-1.9999999999999998,1.0000000000000002,0.0,0.0,-1.0,0.0,0.0,0.0,0.0,0.0,1.0,0.0,0.0,0.0,0.0,0.0,0.0,0.0,0.0,0.0,0.0,0.0,0.0,0.0,0.0,0.0,0.0,0.0,0.0,0.0,0.0,0.0,0.0
DD,Bear Call Spread,-64.45,-77.0,77.0,173.0,37.9,62.09,-0.37254335260115606,-27.000000000000007,0.0,-0.9999999999999996,0.0,0.0,0.0,0.0,0.0,0.0,-1.0,0.0,0.0,0.0,0.0,1.0,0.0,0.0,0.0,0.0,0.0,0.0,0.0,0.0,0.0,0.0,0.0,0.0,0.0,0.0,0.0,0.0,0.0,0.0,0.0,0.0
DD,Bear Call Spread,-63.33,-185.0,185.0,165.0,29.01,70.99,-0.3838181818181818,-30.999999999999993,4.000000000000001,-1.9999999999999998,1.0000000000000002,0.0,-1.0,0.0,0.0,0.0,0.0,0.0,0.0,1.0,0.0,0.0,0.0,0.0,0.0,0.0,0.0,0.0,0.0,0.0,0.0,0.0,0.0,0.0,0.0,0.0,0.0,0.0,0.0,0.0,0.0,0.0
DD,Bear Call Spread,-41.9,-43.0,43.0,107.0,39.98,60.02,-0.39158878504672895,-15.999999999999998,0.0,0.0,0.0,0.0,0.0,0.0,0.0,0.0,0.0,-1.0,0.0,0.0,1.0,0.0,0.0,0.0,0.0,0.0,0.0,0.0,0.0,0.0,0.0,0.0,0.0,0.0,0.0,0.0,0.0,0.0,0.0,0.0,0.0,0.0
DD,Bear Call Spread,-71.22,-121.0,121.0,179.0,32.85,67.14,-0.397877094972067,-31.0,2.0000000000000004,-1.9999999999999998,1.0000000000000002,0.0,0.0,0.0,-1.0,0.0,0.0,0.0,0.0,0.0,1.0,0.0,0.0,0.0,0.0,0.0,0.0,0.0,0.0,0.0,0.0,0.0,0.0,0.0,0.0,0.0,0.0,0.0,0.0,0.0,0.0,0.0
DD,Bear Call Spread,-49.26,-129.00000000000003,129.00000000000003,120.99999999999997,29.01,70.99,-0.407107438016529,-22.000000000000007,3.0,-1.9999999999999998,1.0000000000000002,0.0,0.0,-1.0,0.0,0.0,0.0,0.0,1.0,0.0,0.0,0.0,0.0,0.0,0.0,0.0,0.0,0.0,0.0,0.0,0.0,0.0,0.0,0.0,0.0,0.0,0.0,0.0,0.0,0.0,0.0,0.0
DD,Bear Call Spread,-40.73,-2.9999999999999716,2.9999999999999716,97.00000000000003,51.49,48.5,-0.4198969072164947,-9.000000000000002,-1.0000000000000009,0.0,0.0,0.0,0.0,0.0,0.0,0.0,0.0,0.0,0.0,0.0,-1.0,0.0,1.0,0.0,0.0,0.0,0.0,0.0,0.0,0.0,0.0,0.0,0.0,0.0,0.0,0.0,0.0,0.0,0.0,0.0,0.0,0.0
DD,Bear Call Spread,-61.03,-159.00000000000003,159.00000000000003,140.99999999999997,27.17,72.82,-0.4328368794326242,-26.0,4.000000000000001,-1.9999999999999998,1.0000000000000002,0.0,-1.0,0.0,0.0,0.0,0.0,0.0,1.0,0.0,0.0,0.0,0.0,0.0,0.0,0.0,0.0,0.0,0.0,0.0,0.0,0.0,0.0,0.0,0.0,0.0,0.0,0.0,0.0,0.0,0.0,0.0
DD,Bear Call Spread,-73.18,-81.0,81.0,169.0,33.84,66.15,-0.43301775147929,-25.999999999999996,1.0000000000000009,-0.9999999999999996,1.0000000000000002,0.0,0.0,0.0,0.0,-1.0,0.0,0.0,0.0,0.0,1.0,0.0,0.0,0.0,0.0,0.0,0.0,0.0,0.0,0.0,0.0,0.0,0.0,0.0,0.0,0.0,0.0,0.0,0.0,0.0,0.0,0.0
DD,Bear Call Spread,-68.54,-98.0,98.0,152.0,30.9,69.09,-0.450921052631579,-25.0,2.0000000000000004,-1.9999999999999998,1.0000000000000002,0.0,0.0,0.0,-1.0,0.0,0.0,0.0,0.0,1.0,0.0,0.0,0.0,0.0,0.0,0.0,0.0,0.0,0.0,0.0,0.0,0.0,0.0,0.0,0.0,0.0,0.0,0.0,0.0,0.0,0.0,0.0
DD,Bear Call Spread,-39.99,-14.0,14.0,86.0,42.07,57.93,-0.465,-10.999999999999993,0.0,0.0,0.0,0.0,0.0,0.0,0.0,0.0,0.0,0.0,-1.0,0.0,1.0,0.0,0.0,0.0,0.0,0.0,0.0,0.0,0.0,0.0,0.0,0.0,0.0,0.0,0.0,0.0,0.0,0.0,0.0,0.0,0.0,0.0
DD,Bear Call Spread,-72.34,-46.0,46.0,154.0,34.84,65.15,-0.46974025974025974,-22.000000000000004,0.0,-0.9999999999999996,0.0,0.0,0.0,0.0,0.0,0.0,-1.0,0.0,0.0,0.0,1.0,0.0,0.0,0.0,0.0,0.0,0.0,0.0,0.0,0.0,0.0,0.0,0.0,0.0,0.0,0.0,0.0,0.0,0.0,0.0,0.0,0.0
DD,Bear Call Spread,-48.34,-99.0,99.0,101.0,26.27,73.72,-0.47861386138613865,-17.000000000000004,3.0,-1.9999999999999998,1.0000000000000002,0.0,0.0,-1.0,0.0,0.0,0.0,1.0,0.0,0.0,0.0,0.0,0.0,0.0,0.0,0.0,0.0,0.0,0.0,0.0,0.0,0.0,0.0,0.0,0.0,0.0,0.0,0.0,0.0,0.0,0.0,0.0
DD,Bear Call Spread,-39.22,-20.0,20.0,80.0,37.9,62.09,-0.49024999999999996,-9.999999999999998,0.0,0.0,0.0,0.0,0.0,0.0,0.0,0.0,0.0,-1.0,0.0,1.0,0.0,0.0,0.0,0.0,0.0,0.0,0.0,0.0,0.0,0.0,0.0,0.0,0.0,0.0,0.0,0.0,0.0,0.0,0.0,0.0,0.0,0.0
DD,Bear Call Spread,-70.5,-58.0,58.0,142.0,31.87,68.12,-0.4964788732394366,-19.999999999999996,1.0000000000000009,-0.9999999999999996,1.0000000000000002,0.0,0.0,0.0,0.0,-1.0,0.0,0.0,0.0,1.0,0.0,0.0,0.0,0.0,0.0,0.0,0.0,0.0,0.0,0.0,0.0,0.0,0.0,0.0,0.0,0.0,0.0,0.0,0.0,0.0,0.0,0.0
DD,Bear Call Spread,-60.11,-129.0,129.0,121.0,24.53,75.46,-0.49677685950413225,-20.999999999999996,4.000000000000001,-1.9999999999999998,1.0000000000000002,0.0,-1.0,0.0,0.0,0.0,0.0,1.0,0.0,0.0,0.0,0.0,0.0,0.0,0.0,0.0,0.0,0.0,0.0,0.0,0.0,0.0,0.0,0.0,0.0,0.0,0.0,0.0,0.0,0.0,0.0,0.0
DD,Bear Call Spread,-66.23,-72.00000000000003,72.00000000000003,127.99999999999997,28.08,71.91,-0.5174218750000001,-20.000000000000007,2.0000000000000004,-1.9999999999999998,1.0000000000000002,0.0,0.0,0.0,-1.0,0.0,0.0,0.0,1.0,0.0,0.0,0.0,0.0,0.0,0.0,0.0,0.0,0.0,0.0,0.0,0.0,0.0,0.0,0.0,0.0,0.0,0.0,0.0,0.0,0.0,0.0,0.0
DD,Bear Call Spread,-69.66,-23.0,23.0,127.0,32.85,67.14,-0.548503937007874,-16.000000000000004,0.0,-0.9999999999999996,0.0,0.0,0.0,0.0,0.0,0.0,-1.0,0.0,0.0,1.0,0.0,0.0,0.0,0.0,0.0,0.0,0.0,0.0,0.0,0.0,0.0,0.0,0.0,0.0,0.0,0.0,0.0,0.0,0.0,0.0,0.0,0.0
DD,Bear Call Spread,-46.9,-67.0,67.0,83.0,22.86,77.13,-0.5650602409638554,-10.999999999999998,3.0,-1.0000000000000002,1.0000000000000002,0.0,0.0,-1.0,0.0,0.0,1.0,0.0,0.0,0.0,0.0,0.0,0.0,0.0,0.0,0.0,0.0,0.0,0.0,0.0,0.0,0.0,0.0,0.0,0.0,0.0,0.0,0.0,0.0,0.0,0.0,0.0
DD,Bear Call Spread,-58.67,-97.0,97.0,103.0,21.26,78.73,-0.5696116504854369,-14.999999999999991,4.000000000000001,-1.0000000000000002,1.0000000000000002,0.0,-1.0,0.0,0.0,0.0,1.0,0.0,0.0,0.0,0.0,0.0,0.0,0.0,0.0,0.0,0.0,0.0,0.0,0.0,0.0,0.0,0.0,0.0,0.0,0.0,0.0,0.0,0.0,0.0,0.0,0.0
DD,Bear Call Spread,-68.19,-32.00000000000003,32.00000000000003,117.99999999999997,29.01,70.99,-0.5778813559322035,-15.000000000000002,1.0000000000000009,-0.9999999999999996,1.0000000000000002,0.0,0.0,0.0,0.0,-1.0,0.0,0.0,1.0,0.0,0.0,0.0,0.0,0.0,0.0,0.0,0.0,0.0,0.0,0.0,0.0,0.0,0.0,0.0,0.0,0.0,0.0,0.0,0.0,0.0,0.0,0.0
DD,Bear Call Spread,-65.32,-42.0,42.0,108.0,25.39,74.6,-0.6048148148148148,-15.000000000000002,2.0000000000000004,-1.9999999999999998,1.0000000000000002,0.0,0.0,0.0,-1.0,0.0,0.0,1.0,0.0,0.0,0.0,0.0,0.0,0.0,0.0,0.0,0.0,0.0,0.0,0.0,0.0,0.0,0.0,0.0,0.0,0.0,0.0,0.0,0.0,0.0,0.0,0.0
DD,Bear Call Spread,-57.83,-62.0,62.0,88.0,19.01,80.99,-0.6571590909090909,-10.999999999999998,3.0,-1.0000000000000002,0.0,0.0,-1.0,0.0,0.0,1.0,0.0,0.0,0.0,0.0,0.0,0.0,0.0,0.0,0.0,0.0,0.0,0.0,0.0,0.0,0.0,0.0,0.0,0.0,0.0,0.0,0.0,0.0,0.0,0.0,0.0,0.0
DD,Bear Call Spread,-46.06,-32.0,32.0,68.0,20.49,79.5,-0.6773529411764706,-7.000000000000006,1.9999999999999991,-1.0000000000000002,0.0,0.0,0.0,-1.0,0.0,1.0,0.0,0.0,0.0,0.0,0.0,0.0,0.0,0.0,0.0,0.0,0.0,0.0,0.0,0.0,0.0,0.0,0.0,0.0,0.0,0.0,0.0,0.0,0.0,0.0,0.0,0.0
DD,Bear Call Spread,-67.27,-2.0,2.0,98.0,26.27,73.72,-0.6864285714285714,-9.999999999999998,1.0000000000000009,-0.9999999999999996,1.0000000000000002,0.0,0.0,0.0,0.0,-1.0,0.0,1.0,0.0,0.0,0.0,0.0,0.0,0.0,0.0,0.0,0.0,0.0,0.0,0.0,0.0,0.0,0.0,0.0,0.0,0.0,0.0,0.0,0.0,0.0,0.0,0.0
DD,Bear Call Spread,-63.87,-10.0,10.0,90.0,22.86,77.13,-0.7096666666666667,-8.999999999999996,2.0000000000000004,-1.0000000000000002,1.0000000000000002,0.0,0.0,0.0,-1.0,0.0,1.0,0.0,0.0,0.0,0.0,0.0,0.0,0.0,0.0,0.0,0.0,0.0,0.0,0.0,0.0,0.0,0.0,0.0,0.0,0.0,0.0,0.0,0.0,0.0,0.0,0.0
DD,Bear Call Spread,-51.79,-30.0,30.0,70.0,16.93,83.06,-0.7398571428571429,-5.999999999999995,2.0000000000000004,0.0,0.0,0.0,-1.0,0.0,1.0,0.0,0.0,0.0,0.0,0.0,0.0,0.0,0.0,0.0,0.0,0.0,0.0,0.0,0.0,0.0,0.0,0.0,0.0,0.0,0.0,0.0,0.0,0.0,0.0,0.0,0.0,0.0
DD,Bear Put Spread,-33.37,203.0,147.0,203.0,45.22,54.77,-0.16438423645320197,-29.000000000000004,0.0,0.0,0.0,0.0,0.0,0.0,0.0,0.0,0.0,0.0,0.0,0.0,0.0,0.0,0.0,0.0,0.0,0.0,0.0,0.0,0.0,0.0,0.0,-1.0,0.0,0.0,0.0,0.0,0.0,0.0,1.0,0.0,0.0,0.0
DD,Bear Put Spread,-48.69,288.0,162.0,288.0,47.32,52.67,-0.1690625,-35.0,-0.9999999999999996,0.0,0.0,-1.0,0.0,0.0,0.0,0.0,0.0,0.0,0.0,0.0,0.0,0.0,0.0,0.0,0.0,0.0,0.0,0.0,0.0,0.0,0.0,-1.0,0.0,0.0,0.0,0.0,0.0,0.0,0.0,0.0,1.0,0.0
DD,Bear Put Spread,-29.01,163.0,87.0,163.0,49.42,50.58,-0.1779754601226994,-21.000000000000004,0.0,0.0,0.0,0.0,0.0,0.0,0.0,0.0,0.0,0.0,0.0,0.0,0.0,0.0,0.0,0.0,0.0,0.0,0.0,0.0,0.0,0.0,0.0,0.0,0.0,-1.0,0.0,0.0,0.0,0.0,1.0,0.0,0.0,0.0
DD,Bear Put Spread,-44.33,248.0,102.0,248.0,51.49,48.5,-0.17875,-26.999999999999996,-0.9999999999999996,0.0,0.0,-1.0,0.0,0.0,0.0,0.0,0.0,0.0,0.0,0.0,0.0,0.0,0.0,0.0,0.0,0.0,0.0,0.0,0.0,0.0,0.0,0.0,0.0,-1.0,0.0,0.0,0.0,0.0,0.0,0.0,1.0,0.0
DD,Bear Put Spread,-44.5,248.0,152.0,248.0,46.27,53.72,-0.17943548387096775,-32.00000000000001,0.0,0.0,0.0,0.0,0.0,0.0,0.0,0.0,0.0,0.0,0.0,0.0,0.0,0.0,0.0,0.0,0.0,0.0,0.0,0.0,0.0,0.0,0.0,-1.0,0.0,0.0,0.0,0.0,0.0,0.0,0.0,1.0,0.0,0.0
DD,Bear Put Spread,-59.56,325.0,225.0,325.0,43.12,56.88,-0.18326153846153848,-42.99999999999999,0.0,-1.0000000000000009,1.0000000000000002,-1.0,0.0,0.0,0.0,0.0,0.0,0.0,0.0,0.0,0.0,0.0,0.0,0.0,0.0,0.0,0.0,0.0,0.0,-1.0,0.0,0.0,0.0,0.0,0.0,0.0,0.0,0.0,0.0,0.0,1.0,0.0
DD,Bear Put Spread,-44.24,240.0,210.0,240.0,42.07,57.93,-0.18433333333333335,-37.0,0.9999999999999996,-1.0000000000000009,1.0000000000000002,0.0,0.0,0.0,0.0,0.0,0.0,0.0,0.0,0.0,0.0,0.0,0.0,0.0,0.0,0.0,0.0,0.0,0.0,-1.0,0.0,0.0,0.0,0.0,0.0,0.0,0.0,0.0,1.0,0.0,0.0,0.0
DD,Bear Put Spread,-52.24,275.0,125.0,275.0,48.37,51.62,-0.18996363636363636,-30.999999999999993,-0.9999999999999996,0.0,0.0,-1.0,0.0,0.0,0.0,0.0,0.0,0.0,0.0,0.0,0.0,0.0,0.0,0.0,0.0,0.0,0.0,0.0,0.0,0.0,0.0,0.0,-1.0,0.0,0.0,0.0,0.0,0.0,0.0,0.0,1.0,0.0
DD,Bear Put Spread,-59.52,313.0,187.0,313.0,44.17,55.82,-0.1901597444089457,-38.99999999999999,-0.9999999999999996,0.0,0.0,-1.0,0.0,0.0,0.0,0.0,0.0,0.0,0.0,0.0,0.0,0.0,0.0,0.0,0.0,0.0,0.0,0.0,0.0,0.0,-1.0,0.0,0.0,0.0,0.0,0.0,0.0,0.0,0.0,0.0,1.0,0.0
DD,Bear Put Spread,-66.12,343.0,157.0,343.0,46.27,53.72,-0.19276967930029157,-37.0,-2.0000000000000004,0.0,-1.0000000000000002,-1.0,0.0,0.0,0.0,0.0,0.0,0.0,0.0,0.0,0.0,0.0,0.0,0.0,0.0,0.0,0.0,0.0,0.0,0.0,0.0,-1.0,0.0,0.0,0.0,0.0,0.0,0.0,0.0,0.0,0.0,1.0
DD,Bear Put Spread,-40.15,208.0,92.0,208.0,50.46,49.54,-0.19302884615384613,-24.000000000000004,0.0,0.0,0.0,0.0,0.0,0.0,0.0,0.0,0.0,0.0,0.0,0.0,0.0,0.0,0.0,0.0,0.0,0.0,0.0,0.0,0.0,0.0,0.0,0.0,0.0,-1.0,0.0,0.0,0.0,0.0,0.0,1.0,0.0,0.0
DD,Bear Put Spread,-44.2,228.0,172.0,228.0,43.12,56.88,-0.19385964912280704,-33.0,0.0,0.0,0.0,0.0,0.0,0.0,0.0,0.0,0.0,0.0,0.0,0.0,0.0,0.0,0.0,0.0,0.0,0.0,0.0,0.0,0.0,0.0,-1.0,0.0,0.0,0.0,0.0,0.0,0.0,0.0,1.0,0.0,0.0,0.0
DD,Bear Put Spread,-68.36,352.0,298.0,352.0,41.02,58.97,-0.19420454545454546,-50.0,1.0000000000000009,-1.0000000000000009,1.0000000000000002,-2.0,0.0,0.0,0.0,0.0,0.0,0.0,0.0,0.0,0.0,0.0,0.0,0.0,0.0,0.0,0.0,-1.0,0.0,0.0,0.0,0.0,0.0,0.0,0.0,0.0,0.0,0.0,0.0,0.0,1.0,0.0
DD,Bear Put Spread,-55.38,285.0,215.0,285.0,42.07,57.93,-0.19431578947368422,-40.0,0.9999999999999996,-1.0000000000000009,1.0000000000000002,0.0,0.0,0.0,0.0,0.0,0.0,0.0,0.0,0.0,0.0,0.0,0.0,0.0,0.0,0.0,0.0,0.0,0.0,-1.0,0.0,0.0,0.0,0.0,0.0,0.0,0.0,0.0,0.0,1.0,0.0,0.0
DD,Bear Put Spread,-36.92,190.0,110.0,190.0,47.32,52.67,-0.19431578947368422,-25.0,0.0,0.0,0.0,0.0,0.0,0.0,0.0,0.0,0.0,0.0,0.0,0.0,0.0,0.0,0.0,0.0,0.0,0.0,0.0,0.0,0.0,0.0,0.0,0.0,-1.0,0.0,0.0,0.0,0.0,0.0,1.0,0.0,0.0,0.0
DD,Bear Put Spread,-66.59,342.0,258.0,342.0,42.07,57.93,-0.1947076023391813,-47.0,0.0,-1.0000000000000009,1.0000000000000002,-2.0,0.0,0.0,0.0,0.0,0.0,0.0,0.0,0.0,0.0,0.0,0.0,0.0,0.0,0.0,0.0,0.0,-1.0,0.0,0.0,0.0,0.0,0.0,0.0,0.0,0.0,0.0,0.0,0.0,1.0,0.0
DD,Bear Put Spread,-45.02,227.0,73.0,227.0,53.54,46.45,-0.19832599118942731,-23.0,-1.9999999999999991,0.0,0.0,-1.0,0.0,0.0,0.0,0.0,0.0,0.0,0.0,0.0,0.0,0.0,0.0,0.0,0.0,0.0,0.0,0.0,0.0,0.0,0.0,0.0,0.0,0.0,-1.0,0.0,0.0,0.0,0.0,0.0,1.0,0.0
DD,Bear Put Spread,-53.04,267.0,283.0,267.0,38.94,61.06,-0.19865168539325842,-44.00000000000001,2.0000000000000004,-1.0000000000000009,1.0000000000000002,-1.0,0.0,0.0,0.0,0.0,0.0,0.0,0.0,0.0,0.0,0.0,0.0,0.0,0.0,0.0,0.0,-1.0,0.0,0.0,0.0,0.0,0.0,0.0,0.0,0.0,0.0,0.0,1.0,0.0,0.0,0.0
DD,Bear Put Spread,-51.27,257.0,243.0,257.0,39.98,60.02,-0.19949416342412452,-41.0,0.9999999999999996,-1.0000000000000009,1.0000000000000002,-1.0,0.0,0.0,0.0,0.0,0.0,0.0,0.0,0.0,0.0,0.0,0.0,0.0,0.0,0.0,0.0,0.0,-1.0,0.0,0.0,0.0,0.0,0.0,0.0,0.0,0.0,0.0,1.0,0.0,0.0,0.0
DD,Bear Put Spread,-76.99,380.0,220.0,380.0,43.12,56.88,-0.20260526315789473,-44.99999999999999,-1.0000000000000009,-1.0000000000000009,0.0,-1.0,0.0,0.0,0.0,0.0,0.0,0.0,0.0,0.0,0.0,0.0,0.0,0.0,0.0,0.0,0.0,0.0,0.0,-1.0,0.0,0.0,0.0,0.0,0.0,0.0,0.0,0.0,0.0,0.0,0.0,1.0
DD,Bear Put Spread,-55.34,273.0,177.0,273.0,43.12,56.88,-0.20271062271062273,-36.00000000000001,0.0,0.0,0.0,0.0,0.0,0.0,0.0,0.0,0.0,0.0,0.0,0.0,0.0,0.0,0.0,0.0,0.0,0.0,0.0,0.0,0.0,0.0,-1.0,0.0,0.0,0.0,0.0,0.0,0.0,0.0,0.0,1.0,0.0,0.0
DD,Bear Put Spread,-61.76,303.0,97.0,303.0,50.46,49.54,-0.20382838283828383,-28.999999999999996,-2.0000000000000004,0.0,-1.0000000000000002,-1.0,0.0,0.0,0.0,0.0,0.0,0.0,0.0,0.0,0.0,0.0,0.0,0.0,0.0,0.0,0.0,0.0,0.0,0.0,0.0,0.0,0.0,-1.0,0.0,0.0,0.0,0.0,0.0,0.0,0.0,1.0
DD,Bear Put Spread,-48.06,235.0,115.0,235.0,47.32,52.67,-0.20451063829787236,-28.000000000000004,0.0,0.0,0.0,0.0,0.0,0.0,0.0,0.0,0.0,0.0,0.0,0.0,0.0,0.0,0.0,0.0,0.0,0.0,0.0,0.0,0.0,0.0,0.0,0.0,-1.0,0.0,0.0,0.0,0.0,0.0,0.0,1.0,0.0,0.0
DD,Bear Put Spread,-64.18,312.0,288.0,312.0,39.98,60.02,-0.20570512820512823,-47.00000000000001,2.0000000000000004,-1.0000000000000009,1.0000000000000002,-1.0,0.0,0.0,0.0,0.0,0.0,0.0,0.0,0.0,0.0,0.0,0.0,0.0,0.0,0.0,0.0,-1.0,0.0,0.0,0.0,0.0,0.0,0.0,0.0,0.0,0.0,0.0,0.0,1.0,0.0,0.0
DD,Bear Put Spread,-62.41,302.0,248.0,302.0,41.02,58.97,-0.20665562913907284,-44.00000000000001,0.9999999999999996,-1.0000000000000009,1.0000000000000002,-1.0,0.0,0.0,0.0,0.0,0.0,0.0,0.0,0.0,0.0,0.0,0.0,0.0,0.0,0.0,0.0,0.0,-1.0,0.0,0.0,0.0,0.0,0.0,0.0,0.0,0.0,0.0,0.0,1.0,0.0,0.0
DD,Bear Put Spread,-76.95,368.0,182.0,368.0,44.17,55.82,-0.20910326086956524,-41.0,-2.0000000000000004,0.0,-1.0000000000000002,-1.0,0.0,0.0,0.0,0.0,0.0,0.0,0.0,0.0,0.0,0.0,0.0,0.0,0.0,0.0,0.0,0.0,0.0,0.0,-1.0,0.0,0.0,0.0,0.0,0.0,0.0,0.0,0.0,0.0,0.0,1.0
DD,Bear Put Spread,-29.7,142.0,58.0,142.0,52.52,47.47,-0.2091549295774648,-17.000000000000004,-0.9999999999999996,0.0,0.0,0.0,0.0,0.0,0.0,0.0,0.0,0.0,0.0,0.0,0.0,0.0,0.0,0.0,0.0,0.0,0.0,0.0,0.0,0.0,0.0,0.0,0.0,0.0,-1.0,0.0,0.0,0.0,1.0,0.0,0.0,0.0
DD,Bear Put Spread,-85.79,407.0,293.0,407.0,39.98,60.02,-0.2107862407862408,-52.0,0.0,-1.0000000000000009,0.0,-2.0,0.0,0.0,0.0,0.0,0.0,0.0,0.0,0.0,0.0,0.0,0.0,0.0,0.0,0.0,0.0,-1.0,0.0,0.0,0.0,0.0,0.0,0.0,0.0,0.0,0.0,0.0,0.0,0.0,0.0,1.0
DD,Bear Put Spread,-69.67,330.0,120.0,330.0,48.37,51.62,-0.21112121212121213,-32.99999999999999,-2.0000000000000004,0.0,-1.0000000000000002,-1.0,0.0,0.0,0.0,0.0,0.0,0.0,0.0,0.0,0.0,0.0,0.0,0.0,0.0,0.0,0.0,0.0,0.0,0.0,0.0,0.0,-1.0,0.0,0.0,0.0,0.0,0.0,0.0,0.0,0.0,1.0
DD,Bear Put Spread,-84.02,397.0,253.0,397.0,41.02,58.97,-0.2116372795969773,-49.0,-1.0000000000000009,-1.0000000000000009,0.0,-2.0,0.0,0.0,0.0,0.0,0.0,0.0,0.0,0.0,0.0,0.0,0.0,0.0,0.0,0.0,0.0,0.0,-1.0,0.0,0.0,0.0,0.0,0.0,0.0,0.0,0.0,0.0,0.0,0.0,0.0,1.0
DD,Bear Put Spread,-40.84,187.0,63.0,187.0,52.52,47.47,-0.2183957219251337,-20.000000000000007,-0.9999999999999996,0.0,0.0,0.0,0.0,0.0,0.0,0.0,0.0,0.0,0.0,0.0,0.0,0.0,0.0,0.0,0.0,0.0,0.0,0.0,0.0,0.0,0.0,0.0,0.0,0.0,-1.0,0.0,0.0,0.0,0.0,1.0,0.0,0.0
DD,Bear Put Spread,-62.45,282.0,68.0,282.0,53.54,46.45,-0.22145390070921986,-25.0,-3.0,0.0,-1.0000000000000002,-1.0,0.0,0.0,0.0,0.0,0.0,0.0,0.0,0.0,0.0,0.0,0.0,0.0,0.0,0.0,0.0,0.0,0.0,0.0,0.0,0.0,0.0,0.0,-1.0,0.0,0.0,0.0,0.0,0.0,0.0,1.0
DD,Bear Put Spread,-48.34,206.0,44.0,206.0,55.56,44.43,-0.2346601941747573,-18.999999999999993,-1.9999999999999991,0.0,0.0,-1.0,0.0,0.0,0.0,0.0,0.0,0.0,0.0,0.0,0.0,0.0,0.0,0.0,0.0,0.0,0.0,0.0,0.0,0.0,0.0,0.0,0.0,0.0,0.0,-1.0,0.0,0.0,0.0,0.0,1.0,0.0
DD,Bear Put Spread,-33.45,142.0,108.0,142.0,42.07,57.93,-0.23556338028169016,-20.999999999999996,0.9999999999999996,0.0,0.0,0.0,0.0,0.0,0.0,0.0,0.0,0.0,0.0,0.0,0.0,0.0,0.0,0.0,0.0,0.0,0.0,0.0,0.0,0.0,0.0,-1.0,0.0,0.0,0.0,0.0,1.0,0.0,0.0,0.0,0.0,0.0
DD,Bear Put Spread,-44.08,182.0,118.0,182.0,43.12,56.88,-0.24219780219780218,-24.0,0.0,0.0,0.0,0.0,0.0,0.0,0.0,0.0,0.0,0.0,0.0,0.0,0.0,0.0,0.0,0.0,0.0,0.0,0.0,0.0,0.0,0.0,0.0,-1.0,0.0,0.0,0.0,0.0,0.0,1.0,0.0,0.0,0.0,0.0
DD,Bear Put Spread,-44.33,179.0,171.0,179.0,37.9,62.09,-0.2476536312849162,-28.999999999999993,1.9999999999999991,-1.0000000000000009,1.0000000000000002,0.0,0.0,0.0,0.0,0.0,0.0,0.0,0.0,0.0,0.0,0.0,0.0,0.0,0.0,0.0,0.0,0.0,0.0,-1.0,0.0,0.0,0.0,0.0,0.0,0.0,1.0,0.0,0.0,0.0,0.0,0.0
DD,Bear Put Spread,-54.95,219.0,181.0,219.0,38.94,61.06,-0.25091324200913245,-31.999999999999996,0.9999999999999996,-1.0000000000000009,1.0000000000000002,0.0,0.0,0.0,0.0,0.0,0.0,0.0,0.0,0.0,0.0,0.0,0.0,0.0,0.0,0.0,0.0,0.0,0.0,-1.0,0.0,0.0,0.0,0.0,0.0,0.0,0.0,1.0,0.0,0.0,0.0,0.0
DD,Bear Put Spread,-65.77,261.0,39.0,261.0,55.56,44.43,-0.25199233716475095,-20.999999999999996,-3.0,0.0,-1.0000000000000002,-1.0,0.0,0.0,0.0,0.0,0.0,0.0,0.0,0.0,0.0,0.0,0.0,0.0,0.0,0.0,0.0,0.0,0.0,0.0,0.0,0.0,0.0,0.0,0.0,-1.0,0.0,0.0,0.0,0.0,0.0,1.0
DD,Bear Put Spread,-44.23,175.0,25.0,175.0,58.52,41.48,-0.2527428571428571,-14.000000000000002,-1.9999999999999991,0.0,0.0,-1.0,0.0,0.0,0.0,0.0,0.0,0.0,0.0,0.0,0.0,0.0,0.0,0.0,0.0,0.0,0.0,0.0,0.0,0.0,0.0,0.0,0.0,0.0,0.0,0.0,-1.0,0.0,0.0,0.0,1.0,0.0
DD,Bear Put Spread,-53.12,206.0,244.0,206.0,34.84,65.15,-0.2578640776699029,-36.0,3.0,-1.0000000000000009,1.0000000000000002,-1.0,0.0,0.0,0.0,0.0,0.0,0.0,0.0,0.0,0.0,0.0,0.0,0.0,0.0,0.0,0.0,-1.0,0.0,0.0,0.0,0.0,0.0,0.0,0.0,0.0,1.0,0.0,0.0,0.0,0.0,0.0
DD,Bear Put Spread,-63.75,246.0,254.0,246.0,35.85,64.14,-0.25914634146341464,-39.0,2.0000000000000004,-1.0000000000000009,1.0000000000000002,-1.0,0.0,0.0,0.0,0.0,0.0,0.0,0.0,0.0,0.0,0.0,0.0,0.0,0.0,0.0,0.0,-1.0,0.0,0.0,0.0,0.0,0.0,0.0,0.0,0.0,0.0,1.0,0.0,0.0,0.0,0.0
DD,Bear Put Spread,-51.35,196.0,204.0,196.0,35.85,64.14,-0.26198979591836735,-32.99999999999999,1.9999999999999991,-1.0000000000000009,1.0000000000000002,-1.0,0.0,0.0,0.0,0.0,0.0,0.0,0.0,0.0,0.0,0.0,0.0,0.0,0.0,0.0,0.0,0.0,-1.0,0.0,0.0,0.0,0.0,0.0,0.0,0.0,1.0,0.0,0.0,0.0,0.0,0.0
DD,Bear Put Spread,-61.98,236.0,214.0,236.0,36.87,63.12,-0.2626271186440678,-36.0,0.9999999999999996,-1.0000000000000009,1.0000000000000002,-1.0,0.0,0.0,0.0,0.0,0.0,0.0,0.0,0.0,0.0,0.0,0.0,0.0,0.0,0.0,0.0,0.0,-1.0,0.0,0.0,0.0,0.0,0.0,0.0,0.0,0.0,1.0,0.0,0.0,0.0,0.0
DD,Bear Put Spread,-44.29,167.0,133.0,167.0,38.94,61.06,-0.26520958083832336,-24.999999999999993,0.9999999999999996,0.0,0.0,0.0,0.0,0.0,0.0,0.0,0.0,0.0,0.0,0.0,0.0,0.0,0.0,0.0,0.0,0.0,0.0,0.0,0.0,0.0,-1.0,0.0,0.0,0.0,0.0,0.0,1.0,0.0,0.0,0.0,0.0,0.0
DD,Bear Put Spread,-54.91,207.0,143.0,207.0,39.98,60.02,-0.2652657004830918,-27.999999999999996,0.0,0.0,0.0,0.0,0.0,0.0,0.0,0.0,0.0,0.0,0.0,0.0,0.0,0.0,0.0,0.0,0.0,0.0,0.0,0.0,0.0,0.0,-1.0,0.0,0.0,0.0,0.0,0.0,0.0,1.0,0.0,0.0,0.0,0.0
DD,Bear Put Spread,-44.15,166.0,34.0,166.0,54.56,45.44,-0.2659638554216867,-16.000000000000004,-0.9999999999999996,0.0,0.0,0.0,0.0,0.0,0.0,0.0,0.0,0.0,0.0,0.0,0.0,0.0,0.0,0.0,0.0,0.0,0.0,0.0,0.0,0.0,0.0,0.0,0.0,0.0,0.0,-1.0,0.0,0.0,0.0,1.0,0.0,0.0
DD,Bear Put Spread,-61.66,230.0,20.0,230.0,58.52,41.48,-0.26808695652173914,-16.000000000000004,-3.0,0.0,-1.0000000000000002,-1.0,0.0,0.0,0.0,0.0,0.0,0.0,0.0,0.0,0.0,0.0,0.0,0.0,0.0,0.0,0.0,0.0,0.0,0.0,0.0,0.0,0.0,0.0,0.0,0.0,-1.0,0.0,0.0,0.0,0.0,1.0
DD,Bear Put Spread,-33.02,121.0,29.0,121.0,54.56,45.44,-0.2728925619834711,-13.0,-0.9999999999999996,0.0,0.0,0.0,0.0,0.0,0.0,0.0,0.0,0.0,0.0,0.0,0.0,0.0,0.0,0.0,0.0,0.0,0.0,0.0,0.0,0.0,0.0,0.0,0.0,0.0,0.0,-1.0,0.0,0.0,1.0,0.0,0.0,0.0
DD,Bear Put Spread,-39.72,142.0,58.0,142.0,47.32,52.67,-0.2797183098591549,-15.999999999999998,0.0,0.0,0.0,0.0,0.0,0.0,0.0,0.0,0.0,0.0,0.0,0.0,0.0,0.0,0.0,0.0,0.0,0.0,0.0,0.0,0.0,0.0,0.0,0.0,0.0,-1.0,0.0,0.0,0.0,1.0,0.0,0.0,0.0,0.0
DD,Bear Put Spread,-47.63,169.0,81.0,169.0,44.17,55.82,-0.28183431952662724,-19.999999999999996,0.0,0.0,0.0,0.0,0.0,0.0,0.0,0.0,0.0,0.0,0.0,0.0,0.0,0.0,0.0,0.0,0.0,0.0,0.0,0.0,0.0,0.0,0.0,0.0,-1.0,0.0,0.0,0.0,0.0,1.0,0.0,0.0,0.0,0.0
DD,Bear Put Spread,-29.09,102.0,48.0,102.0,46.27,53.72,-0.28519607843137257,-12.999999999999995,0.9999999999999996,0.0,0.0,0.0,0.0,0.0,0.0,0.0,0.0,0.0,0.0,0.0,0.0,0.0,0.0,0.0,0.0,0.0,0.0,0.0,0.0,0.0,0.0,0.0,0.0,-1.0,0.0,0.0,1.0,0.0,0.0,0.0,0.0,0.0
DD,Bear Put Spread,-37.01,129.0,71.0,129.0,43.12,56.88,-0.28689922480620156,-16.999999999999993,0.9999999999999996,0.0,0.0,0.0,0.0,0.0,0.0,0.0,0.0,0.0,0.0,0.0,0.0,0.0,0.0,0.0,0.0,0.0,0.0,0.0,0.0,0.0,0.0,0.0,-1.0,0.0,0.0,0.0,1.0,0.0,0.0,0.0,0.0,0.0
DD,Bear Put Spread,-41.61,143.0,7.0,143.0,61.37,38.62,-0.29097902097902095,-10.999999999999998,-0.9999999999999996,0.0,0.0,-1.0,0.0,0.0,0.0,0.0,0.0,0.0,0.0,0.0,0.0,0.0,0.0,0.0,0.0,0.0,0.0,0.0,0.0,0.0,0.0,0.0,0.0,0.0,0.0,0.0,0.0,-1.0,0.0,0.0,1.0,0.0
DD,Bear Put Spread,-45.22,152.99999999999997,147.00000000000003,152.99999999999997,34.84,65.15,-0.2955555555555556,-24.0,1.9999999999999991,-1.0000000000000009,1.0000000000000002,0.0,0.0,0.0,0.0,0.0,0.0,0.0,0.0,0.0,0.0,0.0,0.0,0.0,0.0,0.0,0.0,0.0,0.0,-1.0,0.0,0.0,0.0,0.0,0.0,1.0,0.0,0.0,0.0,0.0,0.0,0.0
DD,Bear Put Spread,-34.35,115.99999999999996,84.00000000000004,115.99999999999996,38.94,61.06,-0.2961206896551725,-16.000000000000004,0.9999999999999996,0.0,0.0,0.0,0.0,0.0,0.0,0.0,0.0,0.0,0.0,0.0,0.0,0.0,0.0,0.0,0.0,0.0,0.0,0.0,0.0,0.0,0.0,-1.0,0.0,0.0,0.0,1.0,0.0,0.0,0.0,0.0,0.0,0.0
DD,Bear Put Spread,-40.05,135.0,15.0,135.0,57.54,42.45,-0.29666666666666663,-11.00000000000001,-0.9999999999999996,0.0,0.0,0.0,0.0,0.0,0.0,0.0,0.0,0.0,0.0,0.0,0.0,0.0,0.0,0.0,0.0,0.0,0.0,0.0,0.0,0.0,0.0,0.0,0.0,0.0,0.0,0.0,-1.0,0.0,0.0,1.0,0.0,0.0
DD,Bear Put Spread,-59.04,198.0,2.0,198.0,61.37,38.62,-0.29818181818181816,-13.0,-2.0000000000000004,0.0,-1.0000000000000002,-1.0,0.0,0.0,0.0,0.0,0.0,0.0,0.0,0.0,0.0,0.0,0.0,0.0,0.0,0.0,0.0,0.0,0.0,0.0,0.0,0.0,0.0,0.0,0.0,0.0,0.0,-1.0,0.0,0.0,0.0,1.0
DD,Bear Put Spread,-54.02,179.99999999999997,220.00000000000003,179.99999999999997,32.85,67.14,-0.30011111111111116,-31.000000000000007,3.0,-1.0000000000000009,1.0000000000000002,-1.0,0.0,0.0,0.0,0.0,0.0,0.0,0.0,0.0,0.0,0.0,0.0,0.0,0.0,0.0,0.0,-1.0,0.0,0.0,0.0,0.0,0.0,0.0,0.0,1.0,0.0,0.0,0.0,0.0,0.0,0.0
DD,Bear Put Spread,-36.54,120.0,130.0,120.0,33.84,66.15,-0.3045,-19.999999999999996,1.9999999999999991,-1.0000000000000009,1.0000000000000002,0.0,0.0,0.0,0.0,0.0,0.0,0.0,0.0,0.0,0.0,0.0,0.0,0.0,0.0,0.0,0.0,0.0,0.0,-1.0,0.0,0.0,0.0,0.0,1.0,0.0,0.0,0.0,0.0,0.0,0.0,0.0
DD,Bear Put Spread,-52.25,169.99999999999997,180.00000000000003,169.99999999999997,33.84,66.15,-0.30735294117647066,-28.000000000000004,1.9999999999999991,-1.0000000000000009,1.0000000000000002,-1.0,0.0,0.0,0.0,0.0,0.0,0.0,0.0,0.0,0.0,0.0,0.0,0.0,0.0,0.0,0.0,0.0,-1.0,0.0,0.0,0.0,0.0,0.0,0.0,1.0,0.0,0.0,0.0,0.0,0.0,0.0
DD,Bear Put Spread,-45.34,147.0,203.0,147.0,30.9,69.09,-0.3084353741496599,-27.0,3.0,-1.0000000000000009,1.0000000000000002,-1.0,0.0,0.0,0.0,0.0,0.0,0.0,0.0,0.0,0.0,0.0,0.0,0.0,0.0,0.0,0.0,-1.0,0.0,0.0,0.0,0.0,0.0,0.0,1.0,0.0,0.0,0.0,0.0,0.0,0.0,0.0
DD,Bear Put Spread,-25.67,82.99999999999999,67.00000000000001,82.99999999999999,36.87,63.12,-0.309277108433735,-12.0,0.9999999999999996,0.0,0.0,0.0,0.0,0.0,0.0,0.0,0.0,0.0,0.0,0.0,0.0,0.0,0.0,0.0,0.0,0.0,0.0,0.0,0.0,0.0,0.0,-1.0,0.0,0.0,1.0,0.0,0.0,0.0,0.0,0.0,0.0,0.0
DD,Bear Put Spread,-43.57,137.0,163.0,137.0,31.87,68.12,-0.318029197080292,-24.0,1.9999999999999991,-1.0000000000000009,1.0000000000000002,-1.0,0.0,0.0,0.0,0.0,0.0,0.0,0.0,0.0,0.0,0.0,0.0,0.0,0.0,0.0,0.0,0.0,-1.0,0.0,0.0,0.0,0.0,0.0,1.0,0.0,0.0,0.0,0.0,0.0,0.0,0.0
DD,Bear Put Spread,-45.18,140.99999999999997,109.00000000000003,140.99999999999997,36.87,63.12,-0.3204255319148937,-20.0,0.9999999999999996,0.0,0.0,0.0,0.0,0.0,0.0,0.0,0.0,0.0,0.0,0.0,0.0,0.0,0.0,0.0,0.0,0.0,0.0,0.0,0.0,0.0,-1.0,0.0,0.0,0.0,0.0,1.0,0.0,0.0,0.0,0.0,0.0,0.0
DD,Bear Put Spread,-28.91,90.0,10.0,90.0,57.54,42.45,-0.32122222222222224,-8.000000000000007,-0.9999999999999996,0.0,0.0,0.0,0.0,0.0,0.0,0.0,0.0,0.0,0.0,0.0,0.0,0.0,0.0,0.0,0.0,0.0,0.0,0.0,0.0,0.0,0.0,0.0,0.0,0.0,0.0,0.0,-1.0,0.0,1.0,0.0,0.0,0.0
DD,Bear Put Spread,-40.41,121.0,29.0,121.0,49.42,50.58,-0.3339669421487603,-12.0,-0.9999999999999996,0.0,0.0,0.0,0.0,0.0,0.0,0.0,0.0,0.0,0.0,0.0,0.0,0.0,0.0,0.0,0.0,0.0,0.0,0.0,0.0,0.0,0.0,0.0,0.0,0.0,-1.0,0.0,0.0,1.0,0.0,0.0,0.0,0.0
DD,Bear Put Spread,-36.5,108.0,92.0,108.0,34.84,65.15,-0.33796296296296297,-15.999999999999998,0.9999999999999996,0.0,0.0,0.0,0.0,0.0,0.0,0.0,0.0,0.0,0.0,0.0,0.0,0.0,0.0,0.0,0.0,0.0,0.0,0.0,0.0,0.0,-1.0,0.0,0.0,0.0,1.0,0.0,0.0,0.0,0.0,0.0,0.0,0.0
DD,Bear Put Spread,-46.03,126.0,174.0,126.0,28.08,71.91,-0.3653174603174603,-23.0,2.0000000000000004,-1.0000000000000009,1.0000000000000002,-1.0,0.0,0.0,0.0,0.0,0.0,0.0,0.0,0.0,0.0,0.0,0.0,0.0,0.0,0.0,0.0,-1.0,0.0,0.0,0.0,0.0,0.0,1.0,0.0,0.0,0.0,0.0,0.0,0.0,0.0,0.0
DD,Bear Put Spread,-29.78,81.0,19.0,81.0,48.37,51.62,-0.3676543209876543,-8.999999999999996,0.0,0.0,0.0,0.0,0.0,0.0,0.0,0.0,0.0,0.0,0.0,0.0,0.0,0.0,0.0,0.0,0.0,0.0,0.0,0.0,0.0,0.0,0.0,0.0,0.0,0.0,-1.0,0.0,1.0,0.0,0.0,0.0,0.0,0.0
DD,Bear Put Spread,-37.9,102.99999999999997,47.00000000000003,102.99999999999997,39.98,60.02,-0.36796116504854376,-12.0,0.9999999999999996,0.0,0.0,0.0,0.0,0.0,0.0,0.0,0.0,0.0,0.0,0.0,0.0,0.0,0.0,0.0,0.0,0.0,0.0,0.0,0.0,0.0,0.0,0.0,-1.0,0.0,0.0,1.0,0.0,0.0,0.0,0.0,0.0,0.0
DD,Bear Put Spread,-37.23,99.0,101.0,99.0,30.9,69.09,-0.37606060606060604,-15.999999999999998,0.9999999999999996,-1.0000000000000009,1.0000000000000002,0.0,0.0,0.0,0.0,0.0,0.0,0.0,0.0,0.0,0.0,0.0,0.0,0.0,0.0,0.0,0.0,0.0,0.0,-1.0,0.0,0.0,0.0,1.0,0.0,0.0,0.0,0.0,0.0,0.0,0.0,0.0
DD,Bear Put Spread,-44.26,116.0,134.0,116.0,29.01,70.99,-0.38155172413793104,-20.0,0.9999999999999996,-1.0000000000000009,1.0000000000000002,-1.0,0.0,0.0,0.0,0.0,0.0,0.0,0.0,0.0,0.0,0.0,0.0,0.0,0.0,0.0,0.0,0.0,-1.0,0.0,0.0,0.0,0.0,1.0,0.0,0.0,0.0,0.0,0.0,0.0,0.0,0.0
DD,Bear Put Spread,-29.99,75.99999999999997,24.00000000000003,75.99999999999997,43.12,56.88,-0.39460526315789485,-8.000000000000002,0.9999999999999996,0.0,0.0,0.0,0.0,0.0,0.0,0.0,0.0,0.0,0.0,0.0,0.0,0.0,0.0,0.0,0.0,0.0,0.0,0.0,0.0,0.0,0.0,0.0,0.0,-1.0,0.0,1.0,0.0,0.0,0.0,0.0,0.0,0.0
DD,Bear Put Spread,-29.22,70.0,30.0,70.0,38.94,61.06,-0.4174285714285714,-7.9999999999999964,0.9999999999999996,0.0,0.0,0.0,0.0,0.0,0.0,0.0,0.0,0.0,0.0,0.0,0.0,0.0,0.0,0.0,0.0,0.0,0.0,0.0,0.0,0.0,0.0,0.0,-1.0,0.0,1.0,0.0,0.0,0.0,0.0,0.0,0.0,0.0
DD,Bear Put Spread,-26.36,61.999999999999986,38.000000000000014,61.999999999999986,34.84,65.15,-0.4251612903225807,-8.000000000000002,0.0,0.0,0.0,0.0,0.0,0.0,0.0,0.0,0.0,0.0,0.0,0.0,0.0,0.0,0.0,0.0,0.0,0.0,0.0,0.0,0.0,0.0,0.0,-1.0,0.0,1.0,0.0,0.0,0.0,0.0,0.0,0.0,0.0,0.0
DD,Bear Put Spread,-37.19,87.0,63.0,87.0,31.87,68.12,-0.4274712643678161,-12.0,0.0,0.0,0.0,0.0,0.0,0.0,0.0,0.0,0.0,0.0,0.0,0.0,0.0,0.0,0.0,0.0,0.0,0.0,0.0,0.0,0.0,0.0,-1.0,0.0,0.0,1.0,0.0,0.0,0.0,0.0,0.0,0.0,0.0,0.0
DD,Bear Put Spread,-47.11,108.0,142.0,108.0,25.39,74.6,-0.4362037037037037,-19.000000000000004,2.0000000000000004,-1.0000000000000009,1.0000000000000002,-1.0,0.0,0.0,0.0,0.0,0.0,0.0,0.0,0.0,0.0,0.0,0.0,0.0,0.0,0.0,0.0,-1.0,0.0,0.0,0.0,0.0,1.0,0.0,0.0,0.0,0.0,0.0,0.0,0.0,0.0,0.0
DD,Bear Put Spread,-36.67,81.0,119.0,81.0,23.69,76.31,-0.4527160493827161,-15.0,2.0000000000000004,-1.0000000000000009,1.0000000000000002,-1.0,0.0,0.0,0.0,0.0,0.0,0.0,0.0,0.0,0.0,0.0,0.0,0.0,0.0,0.0,0.0,-1.0,0.0,0.0,0.0,1.0,0.0,0.0,0.0,0.0,0.0,0.0,0.0,0.0,0.0,0.0
DD,Bear Put Spread,-45.34,98.0,102.0,98.0,26.27,73.72,-0.46265306122448985,-16.000000000000004,0.9999999999999996,-1.0000000000000009,1.0000000000000002,-1.0,0.0,0.0,0.0,0.0,0.0,0.0,0.0,0.0,0.0,0.0,0.0,0.0,0.0,0.0,0.0,0.0,-1.0,0.0,0.0,0.0,1.0,0.0,0.0,0.0,0.0,0.0,0.0,0.0,0.0,0.0
DD,Bear Put Spread,-38.32,81.0,69.0,81.0,28.08,71.91,-0.4730864197530864,-12.0,0.9999999999999996,-1.0000000000000009,1.0000000000000002,0.0,0.0,0.0,0.0,0.0,0.0,0.0,0.0,0.0,0.0,0.0,0.0,0.0,0.0,0.0,0.0,0.0,0.0,-1.0,0.0,0.0,1.0,0.0,0.0,0.0,0.0,0.0,0.0,0.0,0.0,0.0
DD,Bear Put Spread,-34.9,71.0,79.0,71.0,24.53,75.46,-0.49154929577464784,-12.0,0.9999999999999996,-1.0000000000000009,1.0000000000000002,-1.0,0.0,0.0,0.0,0.0,0.0,0.0,0.0,0.0,0.0,0.0,0.0,0.0,0.0,0.0,0.0,0.0,-1.0,0.0,0.0,1.0,0.0,0.0,0.0,0.0,0.0,0.0,0.0,0.0,0.0,0.0
DD,Bear Put Spread,-21.31,43.0,7.0,43.0,41.02,58.97,-0.49558139534883716,-3.9999999999999982,0.9999999999999996,0.0,0.0,0.0,0.0,0.0,0.0,0.0,0.0,0.0,0.0,0.0,0.0,0.0,0.0,0.0,0.0,0.0,0.0,0.0,0.0,0.0,0.0,0.0,0.0,-1.0,1.0,0.0,0.0,0.0,0.0,0.0,0.0,0.0
DD,Bear Put Spread,-27.87,54.0,46.0,54.0,25.39,74.6,-0.5161111111111111,-7.9999999999999964,0.9999999999999996,-1.0000000000000009,1.0000000000000002,0.0,0.0,0.0,0.0,0.0,0.0,0.0,0.0,0.0,0.0,0.0,0.0,0.0,0.0,0.0,0.0,0.0,0.0,-1.0,0.0,1.0,0.0,0.0,0.0,0.0,0.0,0.0,0.0,0.0,0.0,0.0
DD,Bear Put Spread,-35.83,65.99999999999999,84.00000000000001,65.99999999999999,20.49,79.5,-0.542878787878788,-11.000000000000002,2.0000000000000004,-1.0000000000000009,1.0000000000000002,-1.0,0.0,0.0,0.0,0.0,0.0,0.0,0.0,0.0,0.0,0.0,0.0,0.0,0.0,0.0,0.0,-1.0,0.0,0.0,1.0,0.0,0.0,0.0,0.0,0.0,0.0,0.0,0.0,0.0,0.0,0.0
DD,Bear Put Spread,-38.28,69.0,31.0,69.0,29.01,70.99,-0.5547826086956522,-8.000000000000002,0.0,0.0,0.0,0.0,0.0,0.0,0.0,0.0,0.0,0.0,0.0,0.0,0.0,0.0,0.0,0.0,0.0,0.0,0.0,0.0,0.0,0.0,-1.0,0.0,1.0,0.0,0.0,0.0,0.0,0.0,0.0,0.0,0.0,0.0
DD,Bear Put Spread,-34.06,55.99999999999999,44.00000000000001,55.99999999999999,21.26,78.73,-0.6082142857142858,-8.000000000000002,0.9999999999999996,-1.0000000000000009,1.0000000000000002,-1.0,0.0,0.0,0.0,0.0,0.0,0.0,0.0,0.0,0.0,0.0,0.0,0.0,0.0,0.0,0.0,0.0,-1.0,0.0,1.0,0.0,0.0,0.0,0.0,0.0,0.0,0.0,0.0,0.0,0.0,0.0
DD,Bear Put Spread,-29.91,49.0,1.0,49.0,35.85,64.14,-0.6104081632653061,-3.9999999999999982,0.0,0.0,0.0,0.0,0.0,0.0,0.0,0.0,0.0,0.0,0.0,0.0,0.0,0.0,0.0,0.0,0.0,0.0,0.0,0.0,0.0,0.0,0.0,0.0,-1.0,1.0,0.0,0.0,0.0,0.0,0.0,0.0,0.0,0.0
DD,Bear Put Spread,-27.44,43.999999999999986,6.000000000000014,43.999999999999986,30.9,69.09,-0.6236363636363639,-4.0000000000000036,0.0,0.0,0.0,0.0,0.0,0.0,0.0,0.0,0.0,0.0,0.0,0.0,0.0,0.0,0.0,0.0,0.0,0.0,0.0,0.0,0.0,0.0,0.0,-1.0,1.0,0.0,0.0,0.0,0.0,0.0,0.0,0.0,0.0,0.0
DD,Bear Put Spread,-31.79,50.0,50.0,50.0,18.29,81.7,-0.6358,-7.0000000000000036,1.0000000000000009,0.0,0.0,-1.0,0.0,0.0,0.0,0.0,0.0,0.0,0.0,0.0,0.0,0.0,0.0,0.0,0.0,0.0,0.0,-1.0,0.0,1.0,0.0,0.0,0.0,0.0,0.0,0.0,0.0,0.0,0.0,0.0,0.0,0.0
DD,Bear Put Spread,-27.83,42.0,8.0,42.0,27.17,72.82,-0.6626190476190476,-3.9999999999999982,0.0,0.0,0.0,0.0,0.0,0.0,0.0,0.0,0.0,0.0,0.0,0.0,0.0,0.0,0.0,0.0,0.0,0.0,0.0,0.0,0.0,0.0,-1.0,1.0,0.0,0.0,0.0,0.0,0.0,0.0,0.0,0.0,0.0,0.0
DD,Bear Put Spread,-27.04,38.999999999999986,11.000000000000014,38.999999999999986,22.86,77.13,-0.6933333333333336,-3.9999999999999982,0.9999999999999996,-1.0000000000000009,1.0000000000000002,0.0,0.0,0.0,0.0,0.0,0.0,0.0,0.0,0.0,0.0,0.0,0.0,0.0,0.0,0.0,0.0,0.0,0.0,-1.0,1.0,0.0,0.0,0.0,0.0,0.0,0.0,0.0,0.0,0.0,0.0,0.0
DD,Bear Put Spread,-30.02,40.00000000000001,9.999999999999993,40.00000000000001,19.01,80.99,-0.7504999999999998,-4.0000000000000036,0.0,0.0,0.0,-1.0,0.0,0.0,0.0,0.0,0.0,0.0,0.0,0.0,0.0,0.0,0.0,0.0,0.0,0.0,0.0,0.0,-1.0,1.0,0.0,0.0,0.0,0.0,0.0,0.0,0.0,0.0,0.0,0.0,0.0,0.0
DD,Bear Put Spread,-29.77,38.0,12.0,38.0,15.64,84.35,-0.7834210526315789,-3.0,1.0000000000000009,0.0,0.0,0.0,0.0,0.0,0.0,0.0,0.0,0.0,0.0,0.0,0.0,0.0,0.0,0.0,0.0,0.0,0.0,-1.0,1.0,0.0,0.0,0.0,0.0,0.0,0.0,0.0,0.0,0.0,0.0,0.0,0.0,0.0
