Underlying,Name,Expected PnL,Cost of Strategy,Max_Profit,Max_Loss,Prob of Profit,Prob of Loss,Exp_Pnl/Max_Loss,Strategy_Delta,Strategy_Gamma,Strategy_Theta,Strategy_Vega,Strategy_Rho,C_32.0,C_32.5,C_33.0,C_33.5,C_34.0,C_34.5,C_35.0,C_35.5,C_36.0,C_36.5,C_37.0,C_37.5,P_32.0,P_32.5,P_33.0,P_33.5,P_34.0,P_34.5,P_35.0,P_35.5,P_36.0,P_36.5,P_37.0,P_37.5
KHC,Bear Call Spread,-49.93,-249.0,249.0,301.0,42.21,57.79,-0.16588039867109636,-58.00000000000001,0.9999999999999996,0.0,0.0,-1.0,-1.0,0.0,0.0,0.0,0.0,0.0,0.0,0.0,0.0,0.0,0.0,1.0,0.0,0.0,0.0,0.0,0.0,0.0,0.0,0.0,0.0,0.0,0.0,0.0
KHC,Bear Call Spread,-36.88,-234.0,234.0,216.0,39.7,60.3,-0.17074074074074075,-50.0,3.0,0.0,0.0,-1.0,-1.0,0.0,0.0,0.0,0.0,0.0,0.0,0.0,0.0,1.0,0.0,0.0,0.0,0.0,0.0,0.0,0.0,0.0,0.0,0.0,0.0,0.0,0.0,0.0
KHC,Bear Call Spread,-30.83,-222.0,222.0,178.0,38.46,61.54,-0.17320224719101124,-45.0,3.9999999999999996,0.0,0.0,-1.0,-1.0,0.0,0.0,0.0,0.0,0.0,0.0,0.0,1.0,0.0,0.0,0.0,0.0,0.0,0.0,0.0,0.0,0.0,0.0,0.0,0.0,0.0,0.0,0.0
KHC,Bear Call Spread,-46.3,-136.0,136.0,264.0,47.27,52.73,-0.17537878787878786,-44.00000000000001,-2.0000000000000004,1.0000000000000002,0.0,-1.0,0.0,0.0,0.0,-1.0,0.0,0.0,0.0,0.0,0.0,0.0,0.0,1.0,0.0,0.0,0.0,0.0,0.0,0.0,0.0,0.0,0.0,0.0,0.0,0.0
KHC,Bear Call Spread,-33.24,-121.0,121.0,179.0,44.74,55.26,-0.18569832402234637,-36.00000000000001,0.0,1.0000000000000002,0.0,-1.0,0.0,0.0,0.0,-1.0,0.0,0.0,0.0,0.0,0.0,1.0,0.0,0.0,0.0,0.0,0.0,0.0,0.0,0.0,0.0,0.0,0.0,0.0,0.0,0.0
KHC,Bear Call Spread,-27.19,-109.0,109.0,141.0,43.47,56.53,-0.19283687943262412,-31.0,0.9999999999999996,1.0000000000000002,0.0,-1.0,0.0,0.0,0.0,-1.0,0.0,0.0,0.0,0.0,1.0,0.0,0.0,0.0,0.0,0.0,0.0,0.0,0.0,0.0,0.0,0.0,0.0,0.0,0.0,0.0
KHC,Bear Call Spread,-53.17,-233.0,233.0,267.0,39.7,60.3,-0.19913857677902622,-54.0,2.0000000000000004,0.0,0.0,-1.0,-1.0,0.0,0.0,0.0,0.0,0.0,0.0,0.0,0.0,0.0,1.0,0.0,0.0,0.0,0.0,0.0,0.0,0.0,0.0,0.0,0.0,0.0,0.0,0.0
KHC,Bear Call Spread,-57.63,-161.0,161.0,289.0,43.47,56.53,-0.19941176470588237,-50.0,-2.0000000000000004,0.0,0.0,-1.0,0.0,0.0,-1.0,0.0,0.0,0.0,0.0,0.0,0.0,0.0,0.0,1.0,0.0,0.0,0.0,0.0,0.0,0.0,0.0,0.0,0.0,0.0,0.0,0.0
KHC,Bear Call Spread,-53.85,-95.0,95.0,255.0,48.54,51.46,-0.2111764705882353,-39.0,-3.0,1.0000000000000002,-0.9999999999999999,-1.0,0.0,0.0,0.0,0.0,-1.0,0.0,0.0,0.0,0.0,0.0,0.0,1.0,0.0,0.0,0.0,0.0,0.0,0.0,0.0,0.0,0.0,0.0,0.0,0.0
KHC,Bear Call Spread,-49.53,-120.0,120.0,230.0,44.74,55.26,-0.21534782608695652,-40.0,-0.9999999999999996,1.0000000000000002,0.0,-1.0,0.0,0.0,0.0,-1.0,0.0,0.0,0.0,0.0,0.0,0.0,1.0,0.0,0.0,0.0,0.0,0.0,0.0,0.0,0.0,0.0,0.0,0.0,0.0,0.0
KHC,Bear Call Spread,-44.21,-47.0,47.0,203.0,54.81,45.19,-0.2177832512315271,-26.0,-4.000000000000001,1.0000000000000002,-0.9999999999999999,-1.0,0.0,0.0,0.0,0.0,0.0,0.0,-1.0,0.0,0.0,0.0,0.0,1.0,0.0,0.0,0.0,0.0,0.0,0.0,0.0,0.0,0.0,0.0,0.0,0.0
KHC,Bear Call Spread,-44.57,-146.0,146.0,204.0,42.21,57.79,-0.21848039215686274,-42.0,0.0,0.0,0.0,-1.0,0.0,0.0,-1.0,0.0,0.0,0.0,0.0,0.0,0.0,1.0,0.0,0.0,0.0,0.0,0.0,0.0,0.0,0.0,0.0,0.0,0.0,0.0,0.0,0.0
KHC,Bear Call Spread,-51.46,-66.99999999999999,66.99999999999999,233.0,51.06,48.94,-0.22085836909871245,-32.00000000000001,-4.000000000000001,1.0000000000000002,-0.9999999999999999,-1.0,0.0,0.0,0.0,0.0,0.0,-1.0,0.0,0.0,0.0,0.0,0.0,1.0,0.0,0.0,0.0,0.0,0.0,0.0,0.0,0.0,0.0,0.0,0.0,0.0
KHC,Bear Call Spread,-38.52,-134.0,134.0,166.0,39.7,60.3,-0.23204819277108435,-36.99999999999999,0.9999999999999996,0.0,0.0,-1.0,0.0,0.0,-1.0,0.0,0.0,0.0,0.0,0.0,1.0,0.0,0.0,0.0,0.0,0.0,0.0,0.0,0.0,0.0,0.0,0.0,0.0,0.0,0.0,0.0
KHC,Bear Call Spread,-41.11,-26.0,26.0,174.0,58.49,41.51,-0.23626436781609195,-20.0,-3.0,1.0000000000000002,-0.9999999999999999,0.0,0.0,0.0,0.0,0.0,0.0,0.0,0.0,-1.0,0.0,0.0,0.0,1.0,0.0,0.0,0.0,0.0,0.0,0.0,0.0,0.0,0.0,0.0,0.0,0.0
KHC,Bear Call Spread,-60.86,-145.0,145.0,255.0,42.21,57.79,-0.23866666666666667,-46.0,-0.9999999999999996,0.0,0.0,-1.0,0.0,0.0,-1.0,0.0,0.0,0.0,0.0,0.0,0.0,0.0,1.0,0.0,0.0,0.0,0.0,0.0,0.0,0.0,0.0,0.0,0.0,0.0,0.0,0.0
KHC,Bear Call Spread,-40.79,-80.0,80.0,170.0,46.0,53.99,-0.23994117647058824,-31.0,-0.9999999999999996,1.0000000000000002,-0.9999999999999999,-1.0,0.0,0.0,0.0,0.0,-1.0,0.0,0.0,0.0,0.0,1.0,0.0,0.0,0.0,0.0,0.0,0.0,0.0,0.0,0.0,0.0,0.0,0.0,0.0,0.0
KHC,Bear Call Spread,-37.82,-194.0,194.0,156.0,34.78,65.22,-0.24243589743589744,-38.00000000000001,3.9999999999999996,-1.0000000000000002,0.9999999999999999,-1.0,-1.0,0.0,0.0,0.0,0.0,0.0,0.0,1.0,0.0,0.0,0.0,0.0,0.0,0.0,0.0,0.0,0.0,0.0,0.0,0.0,0.0,0.0,0.0,0.0
KHC,Bear Call Spread,-31.73,-176.0,176.0,124.0,33.57,66.43,-0.2558870967741936,-32.00000000000001,5.0,-1.0000000000000002,0.9999999999999999,0.0,-1.0,0.0,0.0,0.0,0.0,0.0,1.0,0.0,0.0,0.0,0.0,0.0,0.0,0.0,0.0,0.0,0.0,0.0,0.0,0.0,0.0,0.0,0.0,0.0
KHC,Bear Call Spread,-57.08,-79.0,79.0,221.0,46.0,53.99,-0.25828054298642533,-35.0,-1.9999999999999991,1.0000000000000002,-0.9999999999999999,-1.0,0.0,0.0,0.0,0.0,-1.0,0.0,0.0,0.0,0.0,0.0,1.0,0.0,0.0,0.0,0.0,0.0,0.0,0.0,0.0,0.0,0.0,0.0,0.0,0.0
KHC,Bear Call Spread,-38.4,-51.999999999999986,51.999999999999986,148.0,48.54,51.46,-0.2594594594594595,-24.000000000000004,-2.0000000000000004,1.0000000000000002,-0.9999999999999999,-1.0,0.0,0.0,0.0,0.0,0.0,-1.0,0.0,0.0,0.0,1.0,0.0,0.0,0.0,0.0,0.0,0.0,0.0,0.0,0.0,0.0,0.0,0.0,0.0,0.0
KHC,Bear Call Spread,-34.74,-68.0,68.0,132.0,44.74,55.26,-0.2631818181818182,-25.999999999999996,0.0,1.0000000000000002,-0.9999999999999999,-1.0,0.0,0.0,0.0,0.0,-1.0,0.0,0.0,0.0,1.0,0.0,0.0,0.0,0.0,0.0,0.0,0.0,0.0,0.0,0.0,0.0,0.0,0.0,0.0,0.0
KHC,Bear Call Spread,-31.15,-32.0,32.0,118.0,52.32,47.68,-0.2639830508474576,-18.0,-2.0000000000000004,1.0000000000000002,-0.9999999999999999,-1.0,0.0,0.0,0.0,0.0,0.0,0.0,-1.0,0.0,0.0,1.0,0.0,0.0,0.0,0.0,0.0,0.0,0.0,0.0,0.0,0.0,0.0,0.0,0.0,0.0
KHC,Bear Call Spread,-54.69,-50.999999999999986,50.999999999999986,199.0,48.54,51.46,-0.2748241206030151,-28.000000000000004,-3.0,1.0000000000000002,-0.9999999999999999,-1.0,0.0,0.0,0.0,0.0,0.0,-1.0,0.0,0.0,0.0,0.0,1.0,0.0,0.0,0.0,0.0,0.0,0.0,0.0,0.0,0.0,0.0,0.0,0.0,0.0
KHC,Bear Call Spread,-47.44,-31.0,31.0,169.0,52.32,47.68,-0.28071005917159764,-21.999999999999996,-3.0,1.0000000000000002,-0.9999999999999999,-1.0,0.0,0.0,0.0,0.0,0.0,0.0,-1.0,0.0,0.0,0.0,1.0,0.0,0.0,0.0,0.0,0.0,0.0,0.0,0.0,0.0,0.0,0.0,0.0,0.0
KHC,Bear Call Spread,-34.18,-81.0,81.0,119.0,39.7,60.3,-0.28722689075630253,-24.000000000000004,0.9999999999999996,0.0,0.9999999999999999,-1.0,0.0,0.0,0.0,-1.0,0.0,0.0,0.0,1.0,0.0,0.0,0.0,0.0,0.0,0.0,0.0,0.0,0.0,0.0,0.0,0.0,0.0,0.0,0.0,0.0
KHC,Bear Call Spread,-28.48,-152.0,152.0,98.0,30.04,69.96,-0.29061224489795917,-26.0,5.0,-1.0000000000000002,0.9999999999999999,0.0,-1.0,0.0,0.0,0.0,0.0,1.0,0.0,0.0,0.0,0.0,0.0,0.0,0.0,0.0,0.0,0.0,0.0,0.0,0.0,0.0,0.0,0.0,0.0,0.0
KHC,Bear Call Spread,-43.11,-3.0,3.0,147.0,60.88,39.12,-0.293265306122449,-13.000000000000004,-3.0,0.0,0.0,0.0,0.0,0.0,0.0,0.0,0.0,0.0,0.0,0.0,-1.0,0.0,0.0,1.0,0.0,0.0,0.0,0.0,0.0,0.0,0.0,0.0,0.0,0.0,0.0,0.0
KHC,Bear Call Spread,-32.35,-39.999999999999986,39.999999999999986,110.00000000000001,47.27,52.73,-0.29409090909090907,-19.0,-1.0000000000000009,1.0000000000000002,-0.9999999999999999,-1.0,0.0,0.0,0.0,0.0,0.0,-1.0,0.0,0.0,1.0,0.0,0.0,0.0,0.0,0.0,0.0,0.0,0.0,0.0,0.0,0.0,0.0,0.0,0.0,0.0
KHC,Bear Call Spread,-25.1,-20.0,20.0,80.0,51.06,48.94,-0.31375000000000003,-12.999999999999995,-1.0000000000000009,1.0000000000000002,-0.9999999999999999,-1.0,0.0,0.0,0.0,0.0,0.0,0.0,-1.0,0.0,1.0,0.0,0.0,0.0,0.0,0.0,0.0,0.0,0.0,0.0,0.0,0.0,0.0,0.0,0.0,0.0
KHC,Bear Call Spread,-28.05,-11.0,11.0,89.0,56.05,43.95,-0.3151685393258427,-12.0,-0.9999999999999996,1.0000000000000002,-0.9999999999999999,0.0,0.0,0.0,0.0,0.0,0.0,0.0,0.0,-1.0,0.0,1.0,0.0,0.0,0.0,0.0,0.0,0.0,0.0,0.0,0.0,0.0,0.0,0.0,0.0,0.0
KHC,Bear Call Spread,-45.51,-106.0,106.0,144.0,37.22,62.78,-0.31604166666666667,-30.0,0.9999999999999996,-1.0000000000000002,0.9999999999999999,-1.0,0.0,0.0,-1.0,0.0,0.0,0.0,0.0,1.0,0.0,0.0,0.0,0.0,0.0,0.0,0.0,0.0,0.0,0.0,0.0,0.0,0.0,0.0,0.0,0.0
KHC,Bear Call Spread,-44.34,-10.0,10.0,140.0,56.05,43.95,-0.3167142857142857,-15.999999999999998,-1.9999999999999991,1.0000000000000002,-0.9999999999999999,0.0,0.0,0.0,0.0,0.0,0.0,0.0,0.0,-1.0,0.0,0.0,1.0,0.0,0.0,0.0,0.0,0.0,0.0,0.0,0.0,0.0,0.0,0.0,0.0,0.0
KHC,Bear Call Spread,-28.09,-63.0,63.0,87.0,37.22,62.78,-0.3228735632183908,-18.000000000000004,2.0000000000000004,0.0,0.9999999999999999,0.0,0.0,0.0,0.0,-1.0,0.0,0.0,1.0,0.0,0.0,0.0,0.0,0.0,0.0,0.0,0.0,0.0,0.0,0.0,0.0,0.0,0.0,0.0,0.0,0.0
KHC,Bear Call Spread,-26.08,-124.0,124.0,76.0,26.66,73.34,-0.3431578947368421,-19.000000000000007,3.9999999999999996,-1.0000000000000002,0.9999999999999999,0.0,-1.0,0.0,0.0,0.0,1.0,0.0,0.0,0.0,0.0,0.0,0.0,0.0,0.0,0.0,0.0,0.0,0.0,0.0,0.0,0.0,0.0,0.0,0.0,0.0
KHC,Bear Call Spread,-39.42,-88.0,88.0,112.0,34.78,65.22,-0.35196428571428573,-24.0,2.0000000000000004,-1.0000000000000002,0.9999999999999999,0.0,0.0,0.0,-1.0,0.0,0.0,0.0,1.0,0.0,0.0,0.0,0.0,0.0,0.0,0.0,0.0,0.0,0.0,0.0,0.0,0.0,0.0,0.0,0.0,0.0
KHC,Bear Call Spread,-41.74,-40.0,40.0,110.0,40.95,59.05,-0.3794545454545455,-19.0,0.0,0.0,0.0,-1.0,0.0,0.0,0.0,0.0,-1.0,0.0,0.0,1.0,0.0,0.0,0.0,0.0,0.0,0.0,0.0,0.0,0.0,0.0,0.0,0.0,0.0,0.0,0.0,0.0
KHC,Bear Call Spread,-24.84,-39.0,39.0,61.0,34.78,65.22,-0.4072131147540984,-12.0,2.0000000000000004,0.0,0.9999999999999999,0.0,0.0,0.0,0.0,-1.0,0.0,1.0,0.0,0.0,0.0,0.0,0.0,0.0,0.0,0.0,0.0,0.0,0.0,0.0,0.0,0.0,0.0,0.0,0.0,0.0
KHC,Bear Call Spread,-36.17,-64.0,64.0,86.0,31.2,68.8,-0.4205813953488372,-17.999999999999993,2.0000000000000004,-1.0000000000000002,0.9999999999999999,0.0,0.0,0.0,-1.0,0.0,0.0,1.0,0.0,0.0,0.0,0.0,0.0,0.0,0.0,0.0,0.0,0.0,0.0,0.0,0.0,0.0,0.0,0.0,0.0,0.0
KHC,Bear Call Spread,-181.6,-76.0,76.0,424.0,27.77,72.23,-0.4283018867924528,-79.0,9.0,-4.0,2.0,0.0,0.0,-1.0,0.0,0.0,0.0,0.0,0.0,0.0,0.0,0.0,0.0,1.0,0.0,0.0,0.0,0.0,0.0,0.0,0.0,0.0,0.0,0.0,0.0,0.0
KHC,Bear Call Spread,-39.34,-11.999999999999986,11.999999999999986,88.00000000000001,43.47,56.53,-0.4470454545454545,-12.000000000000005,-1.0000000000000009,0.0,0.0,-1.0,0.0,0.0,0.0,0.0,0.0,-1.0,0.0,1.0,0.0,0.0,0.0,0.0,0.0,0.0,0.0,0.0,0.0,0.0,0.0,0.0,0.0,0.0,0.0,0.0
KHC,Bear Call Spread,-35.64,-22.0,22.0,78.0,38.46,61.54,-0.45692307692307693,-13.0,1.0000000000000009,0.0,0.0,0.0,0.0,0.0,0.0,0.0,-1.0,0.0,1.0,0.0,0.0,0.0,0.0,0.0,0.0,0.0,0.0,0.0,0.0,0.0,0.0,0.0,0.0,0.0,0.0,0.0
KHC,Bear Call Spread,-29.64,-87.0,87.0,63.0,23.45,76.55,-0.4704761904761905,-14.000000000000002,3.0,-1.0000000000000002,0.0,0.0,-1.0,0.0,0.0,1.0,0.0,0.0,0.0,0.0,0.0,0.0,0.0,0.0,0.0,0.0,0.0,0.0,0.0,0.0,0.0,0.0,0.0,0.0,0.0,0.0
KHC,Bear Call Spread,-184.83,-60.0,60.0,390.0,25.57,74.43,-0.47392307692307695,-75.0,10.0,-4.0,2.0,0.0,0.0,-1.0,0.0,0.0,0.0,0.0,0.0,0.0,0.0,0.0,1.0,0.0,0.0,0.0,0.0,0.0,0.0,0.0,0.0,0.0,0.0,0.0,0.0,0.0
KHC,Bear Call Spread,-168.54,-61.0,61.0,339.0,25.57,74.43,-0.49716814159292033,-71.0,11.0,-4.0,2.0,0.0,0.0,-1.0,0.0,0.0,0.0,0.0,0.0,0.0,0.0,1.0,0.0,0.0,0.0,0.0,0.0,0.0,0.0,0.0,0.0,0.0,0.0,0.0,0.0,0.0
KHC,Bear Call Spread,-33.77,-36.0,36.0,64.0,28.89,71.1,-0.52765625,-10.999999999999998,0.9999999999999996,-1.0000000000000002,0.9999999999999999,0.0,0.0,0.0,-1.0,0.0,1.0,0.0,0.0,0.0,0.0,0.0,0.0,0.0,0.0,0.0,0.0,0.0,0.0,0.0,0.0,0.0,0.0,0.0,0.0,0.0
KHC,Bear Call Spread,-22.31,-58.0,58.0,42.0,20.45,79.55,-0.5311904761904762,-8.000000000000007,3.0,0.0,0.0,0.0,-1.0,0.0,1.0,0.0,0.0,0.0,0.0,0.0,0.0,0.0,0.0,0.0,0.0,0.0,0.0,0.0,0.0,0.0,0.0,0.0,0.0,0.0,0.0,0.0
KHC,Bear Call Spread,-162.49,-49.0,49.0,301.0,24.5,75.5,-0.5398338870431894,-65.99999999999999,12.0,-4.0,2.0,0.0,0.0,-1.0,0.0,0.0,0.0,0.0,0.0,0.0,1.0,0.0,0.0,0.0,0.0,0.0,0.0,0.0,0.0,0.0,0.0,0.0,0.0,0.0,0.0,0.0
KHC,Bear Call Spread,-22.45,-11.0,11.0,39.0,31.2,68.8,-0.5756410256410256,-5.000000000000004,0.9999999999999996,0.0,0.9999999999999999,0.0,0.0,0.0,0.0,-1.0,1.0,0.0,0.0,0.0,0.0,0.0,0.0,0.0,0.0,0.0,0.0,0.0,0.0,0.0,0.0,0.0,0.0,0.0,0.0,0.0
KHC,Bear Call Spread,-169.49,-21.0,21.0,279.0,21.42,78.57,-0.6074910394265234,-59.00000000000001,12.0,-5.0,3.0,0.0,0.0,-1.0,0.0,0.0,0.0,0.0,0.0,1.0,0.0,0.0,0.0,0.0,0.0,0.0,0.0,0.0,0.0,0.0,0.0,0.0,0.0,0.0,0.0,0.0
KHC,Bear Call Spread,-163.39,-3.0,3.0,247.0,19.49,80.51,-0.661497975708502,-53.0,13.0,-5.0,3.0,1.0,0.0,-1.0,0.0,0.0,0.0,0.0,1.0,0.0,0.0,0.0,0.0,0.0,0.0,0.0,0.0,0.0,0.0,0.0,0.0,0.0,0.0,0.0,0.0,0.0
KHC,Bear Put Spread,-37.93,289.0,261.0,289.0,43.47,56.53,-0.13124567474048443,-80.0,-8.0,4.0,-3822.0000000000005,0.0,0.0,0.0,0.0,0.0,0.0,0.0,0.0,0.0,0.0,0.0,0.0,0.0,-1.0,0.0,0.0,0.0,0.0,0.0,0.0,0.0,0.0,0.0,0.0,1.0
KHC,Bear Put Spread,-35.63,267.0,183.0,267.0,46.0,53.99,-0.13344569288389513,-71.0,-10.0,4.0,-3822.0000000000005,0.0,0.0,0.0,0.0,0.0,0.0,0.0,0.0,0.0,0.0,0.0,0.0,0.0,0.0,0.0,-1.0,0.0,0.0,0.0,0.0,0.0,0.0,0.0,0.0,1.0
KHC,Bear Put Spread,-38.6,281.0,219.0,281.0,44.74,55.26,-0.13736654804270462,-75.0,-9.0,4.0,-3822.0000000000005,0.0,0.0,0.0,0.0,0.0,0.0,0.0,0.0,0.0,0.0,0.0,0.0,0.0,0.0,-1.0,0.0,0.0,0.0,0.0,0.0,0.0,0.0,0.0,0.0,1.0
KHC,Bear Put Spread,-34.17,248.0,252.0,248.0,42.21,57.79,-0.13778225806451613,-61.999999999999986,3.0,1.0000000000000002,0.0,-1.0,0.0,0.0,0.0,0.0,0.0,0.0,0.0,0.0,0.0,0.0,0.0,0.0,-1.0,0.0,0.0,0.0,0.0,0.0,0.0,0.0,0.0,0.0,1.0,0.0
KHC,Bear Put Spread,-31.86,226.0,174.0,226.0,44.74,55.26,-0.14097345132743364,-53.0,0.9999999999999996,1.0000000000000002,0.0,-1.0,0.0,0.0,0.0,0.0,0.0,0.0,0.0,0.0,0.0,0.0,0.0,0.0,0.0,0.0,-1.0,0.0,0.0,0.0,0.0,0.0,0.0,0.0,1.0,0.0
KHC,Bear Put Spread,-34.83,240.0,210.0,240.0,43.47,56.53,-0.145125,-56.99999999999999,2.0000000000000004,1.0000000000000002,0.0,-1.0,0.0,0.0,0.0,0.0,0.0,0.0,0.0,0.0,0.0,0.0,0.0,0.0,0.0,-1.0,0.0,0.0,0.0,0.0,0.0,0.0,0.0,0.0,1.0,0.0
KHC,Bear Put Spread,-40.3,258.0,142.0,258.0,47.27,52.73,-0.1562015503875969,-65.99999999999999,-12.0,5.0,-3822.0000000000005,0.0,0.0,0.0,0.0,0.0,0.0,0.0,0.0,0.0,0.0,0.0,0.0,0.0,0.0,0.0,0.0,-1.0,0.0,0.0,0.0,0.0,0.0,0.0,0.0,1.0
KHC,Bear Put Spread,-36.53,217.0,133.0,217.0,46.0,53.99,-0.1683410138248848,-47.99999999999999,-0.9999999999999996,2.0000000000000004,0.0,-1.0,0.0,0.0,0.0,0.0,0.0,0.0,0.0,0.0,0.0,0.0,0.0,0.0,0.0,0.0,0.0,-1.0,0.0,0.0,0.0,0.0,0.0,0.0,1.0,0.0
KHC,Bear Put Spread,-32.21,191.0,59.0,191.0,56.05,43.95,-0.1686387434554974,-47.0,-13.0,5.0,-3823.0000000000005,1.0,0.0,0.0,0.0,0.0,0.0,0.0,0.0,0.0,0.0,0.0,0.0,0.0,0.0,0.0,0.0,0.0,0.0,0.0,-1.0,0.0,0.0,0.0,0.0,1.0
KHC,Bear Put Spread,-37.46,219.0,81.0,219.0,52.32,47.68,-0.1710502283105023,-53.0,-12.0,5.0,-3823.0000000000005,1.0,0.0,0.0,0.0,0.0,0.0,0.0,0.0,0.0,0.0,0.0,0.0,0.0,0.0,0.0,0.0,0.0,0.0,-1.0,0.0,0.0,0.0,0.0,0.0,1.0
KHC,Bear Put Spread,-42.85,244.0,106.0,244.0,49.8,50.2,-0.17561475409836066,-59.00000000000001,-12.0,5.0,-3823.0000000000005,1.0,0.0,0.0,0.0,0.0,0.0,0.0,0.0,0.0,0.0,0.0,0.0,0.0,0.0,0.0,0.0,0.0,-1.0,0.0,0.0,0.0,0.0,0.0,0.0,1.0
KHC,Bear Put Spread,-31.83,179.0,221.0,179.0,38.46,61.54,-0.17782122905027933,-47.0,5.0,0.0,0.0,-1.0,0.0,0.0,0.0,0.0,0.0,0.0,0.0,0.0,0.0,0.0,0.0,0.0,-1.0,0.0,0.0,0.0,0.0,0.0,0.0,0.0,1.0,0.0,0.0,0.0
KHC,Bear Put Spread,-29.52,157.0,143.0,157.0,40.95,59.05,-0.18802547770700637,-38.00000000000001,3.0,0.0,0.0,-1.0,0.0,0.0,0.0,0.0,0.0,0.0,0.0,0.0,0.0,0.0,0.0,0.0,0.0,0.0,-1.0,0.0,0.0,0.0,0.0,0.0,1.0,0.0,0.0,0.0
KHC,Bear Put Spread,-33.69,178.0,72.0,178.0,51.06,48.94,-0.1892696629213483,-35.0,-0.9999999999999996,2.0000000000000004,-0.9999999999999999,0.0,0.0,0.0,0.0,0.0,0.0,0.0,0.0,0.0,0.0,0.0,0.0,0.0,0.0,0.0,0.0,0.0,0.0,-1.0,0.0,0.0,0.0,0.0,1.0,0.0
KHC,Bear Put Spread,-28.44,150.0,50.0,150.0,54.81,45.19,-0.18960000000000002,-28.999999999999993,-2.0000000000000004,2.0000000000000004,-0.9999999999999999,0.0,0.0,0.0,0.0,0.0,0.0,0.0,0.0,0.0,0.0,0.0,0.0,0.0,0.0,0.0,0.0,0.0,0.0,0.0,-1.0,0.0,0.0,0.0,1.0,0.0
KHC,Bear Put Spread,-32.49,171.0,179.0,171.0,39.7,60.3,-0.19,-42.00000000000001,4.000000000000001,0.0,0.0,-1.0,0.0,0.0,0.0,0.0,0.0,0.0,0.0,0.0,0.0,0.0,0.0,0.0,0.0,-1.0,0.0,0.0,0.0,0.0,0.0,0.0,1.0,0.0,0.0,0.0
KHC,Bear Put Spread,-39.08,203.0,97.0,203.0,48.54,51.46,-0.19251231527093596,-41.0,-0.9999999999999996,2.0000000000000004,-0.9999999999999999,0.0,0.0,0.0,0.0,0.0,0.0,0.0,0.0,0.0,0.0,0.0,0.0,0.0,0.0,0.0,0.0,0.0,-1.0,0.0,0.0,0.0,0.0,0.0,1.0,0.0
KHC,Bear Put Spread,-25.73,118.0,182.0,118.0,33.57,66.43,-0.21805084745762712,-33.0,5.0,-1.0000000000000002,0.9999999999999999,-1.0,0.0,0.0,0.0,0.0,0.0,0.0,0.0,0.0,0.0,0.0,0.0,0.0,-1.0,0.0,0.0,0.0,0.0,0.0,1.0,0.0,0.0,0.0,0.0,0.0
KHC,Bear Put Spread,-38.11,171.0,29.0,171.0,58.49,41.51,-0.22286549707602338,-41.0,-13.0,5.0,-3823.0000000000005,1.0,0.0,0.0,0.0,0.0,0.0,0.0,0.0,0.0,0.0,0.0,0.0,0.0,0.0,0.0,0.0,0.0,0.0,0.0,0.0,-1.0,0.0,0.0,0.0,1.0
KHC,Bear Put Spread,-34.19,148.0,102.0,148.0,42.21,57.79,-0.23101351351351349,-33.0,1.0000000000000009,1.0000000000000002,0.0,-1.0,0.0,0.0,0.0,0.0,0.0,0.0,0.0,0.0,0.0,0.0,0.0,0.0,0.0,0.0,0.0,-1.0,0.0,0.0,0.0,0.0,1.0,0.0,0.0,0.0
KHC,Bear Put Spread,-26.39,110.0,140.0,110.0,34.78,65.22,-0.2399090909090909,-28.000000000000004,4.000000000000001,-1.0000000000000002,0.9999999999999999,-1.0,0.0,0.0,0.0,0.0,0.0,0.0,0.0,0.0,0.0,0.0,0.0,0.0,0.0,-1.0,0.0,0.0,0.0,0.0,1.0,0.0,0.0,0.0,0.0,0.0
KHC,Bear Put Spread,-23.42,96.0,104.0,96.0,35.99,64.01,-0.24395833333333336,-24.000000000000004,3.0,-1.0000000000000002,0.9999999999999999,-1.0,0.0,0.0,0.0,0.0,0.0,0.0,0.0,0.0,0.0,0.0,0.0,0.0,0.0,0.0,-1.0,0.0,0.0,0.0,1.0,0.0,0.0,0.0,0.0,0.0
KHC,Bear Put Spread,-38.82,157.0,193.0,157.0,34.78,65.22,-0.2472611464968153,-38.99999999999999,5.0,-1.0000000000000002,0.9999999999999999,-1.0,0.0,0.0,0.0,0.0,0.0,0.0,0.0,0.0,0.0,0.0,0.0,0.0,-1.0,0.0,0.0,0.0,0.0,0.0,0.0,1.0,0.0,0.0,0.0,0.0
KHC,Bear Put Spread,-34.34,130.0,20.0,130.0,57.27,42.73,-0.2641538461538462,-23.0,-2.0000000000000004,2.0000000000000004,-0.9999999999999999,0.0,0.0,0.0,0.0,0.0,0.0,0.0,0.0,0.0,0.0,0.0,0.0,0.0,0.0,0.0,0.0,0.0,0.0,0.0,0.0,-1.0,0.0,0.0,1.0,0.0
KHC,Bear Put Spread,-39.49,149.0,151.0,149.0,35.99,64.01,-0.2650335570469799,-34.0,4.000000000000001,-1.0000000000000002,0.9999999999999999,-1.0,0.0,0.0,0.0,0.0,0.0,0.0,0.0,0.0,0.0,0.0,0.0,0.0,0.0,-1.0,0.0,0.0,0.0,0.0,0.0,1.0,0.0,0.0,0.0,0.0
KHC,Bear Put Spread,-36.51,135.0,115.0,135.0,38.46,61.54,-0.27044444444444443,-30.0,3.0,-1.0000000000000002,0.9999999999999999,-1.0,0.0,0.0,0.0,0.0,0.0,0.0,0.0,0.0,0.0,0.0,0.0,0.0,0.0,0.0,-1.0,0.0,0.0,0.0,0.0,1.0,0.0,0.0,0.0,0.0
KHC,Bear Put Spread,-36.74,134.0,66.0,134.0,44.74,55.26,-0.27417910447761196,-26.000000000000007,1.0000000000000009,1.0000000000000002,-0.9999999999999999,0.0,0.0,0.0,0.0,0.0,0.0,0.0,0.0,0.0,0.0,0.0,0.0,0.0,0.0,0.0,0.0,0.0,-1.0,0.0,0.0,0.0,1.0,0.0,0.0,0.0
KHC,Bear Put Spread,-41.11,145.0,5.0,145.0,62.06,37.94,-0.28351724137931034,-32.99999999999999,-13.0,4.0,-3822.0000000000005,1.0,0.0,0.0,0.0,0.0,0.0,0.0,0.0,0.0,0.0,0.0,0.0,0.0,0.0,0.0,0.0,0.0,0.0,0.0,0.0,0.0,-1.0,0.0,0.0,1.0
KHC,Bear Put Spread,-31.35,109.0,41.0,109.0,47.27,52.73,-0.2876146788990826,-20.000000000000007,1.0000000000000009,1.0000000000000002,-0.9999999999999999,0.0,0.0,0.0,0.0,0.0,0.0,0.0,0.0,0.0,0.0,0.0,0.0,0.0,0.0,0.0,0.0,0.0,0.0,-1.0,0.0,0.0,1.0,0.0,0.0,0.0
KHC,Bear Put Spread,-15.64,49.0,101.0,49.0,24.5,75.5,-0.31918367346938775,-14.000000000000002,3.9999999999999996,-1.0000000000000002,0.0,0.0,0.0,0.0,0.0,0.0,0.0,0.0,0.0,0.0,0.0,0.0,0.0,0.0,-1.0,0.0,0.0,1.0,0.0,0.0,0.0,0.0,0.0,0.0,0.0,0.0
KHC,Bear Put Spread,-26.1,81.0,19.0,81.0,51.06,48.94,-0.32222222222222224,-14.000000000000002,0.0,1.0000000000000002,-0.9999999999999999,0.0,0.0,0.0,0.0,0.0,0.0,0.0,0.0,0.0,0.0,0.0,0.0,0.0,0.0,0.0,0.0,0.0,0.0,0.0,-1.0,0.0,1.0,0.0,0.0,0.0
KHC,Bear Put Spread,-28.09,87.0,63.0,87.0,37.22,62.78,-0.3228735632183908,-19.0,1.0000000000000009,0.0,0.9999999999999999,-1.0,0.0,0.0,0.0,0.0,0.0,0.0,0.0,0.0,0.0,0.0,0.0,0.0,0.0,0.0,0.0,-1.0,0.0,0.0,1.0,0.0,0.0,0.0,0.0,0.0
KHC,Bear Put Spread,-41.18,126.0,74.0,126.0,38.46,61.54,-0.3268253968253968,-24.999999999999993,1.0000000000000009,0.0,0.9999999999999999,-1.0,0.0,0.0,0.0,0.0,0.0,0.0,0.0,0.0,0.0,0.0,0.0,0.0,0.0,0.0,0.0,-1.0,0.0,0.0,0.0,1.0,0.0,0.0,0.0,0.0
KHC,Bear Put Spread,-36.48,106.0,144.0,106.0,28.89,71.1,-0.34415094339622637,-26.999999999999996,3.9999999999999996,-1.0000000000000002,0.9999999999999999,-1.0,0.0,0.0,0.0,0.0,0.0,0.0,0.0,0.0,0.0,0.0,0.0,0.0,-1.0,0.0,0.0,0.0,0.0,1.0,0.0,0.0,0.0,0.0,0.0,0.0
KHC,Bear Put Spread,-37.14,98.0,102.0,98.0,30.04,69.96,-0.3789795918367347,-21.999999999999996,3.0,-1.0000000000000002,0.9999999999999999,-1.0,0.0,0.0,0.0,0.0,0.0,0.0,0.0,0.0,0.0,0.0,0.0,0.0,0.0,-1.0,0.0,0.0,0.0,1.0,0.0,0.0,0.0,0.0,0.0,0.0
KHC,Bear Put Spread,-12.31,32.0,68.0,32.0,21.42,78.57,-0.3846875,-8.999999999999996,2.0000000000000004,0.0,0.0,0.0,0.0,0.0,0.0,0.0,0.0,0.0,0.0,0.0,0.0,0.0,0.0,0.0,-1.0,0.0,1.0,0.0,0.0,0.0,0.0,0.0,0.0,0.0,0.0,0.0
KHC,Bear Put Spread,-43.74,112.0,38.0,112.0,40.95,59.05,-0.3905357142857143,-18.0,1.0000000000000009,0.0,0.0,0.0,0.0,0.0,0.0,0.0,0.0,0.0,0.0,0.0,0.0,0.0,0.0,0.0,0.0,0.0,0.0,0.0,-1.0,0.0,0.0,1.0,0.0,0.0,0.0,0.0
KHC,Bear Put Spread,-16.3,41.0,59.0,41.0,25.57,74.43,-0.3975609756097561,-9.000000000000002,3.0,-1.0000000000000002,0.0,0.0,0.0,0.0,0.0,0.0,0.0,0.0,0.0,0.0,0.0,0.0,0.0,0.0,0.0,-1.0,0.0,1.0,0.0,0.0,0.0,0.0,0.0,0.0,0.0,0.0
KHC,Bear Put Spread,-34.17,84.0,66.0,84.0,32.38,67.62,-0.4067857142857143,-18.0,1.9999999999999991,-1.0000000000000002,0.9999999999999999,-1.0,0.0,0.0,0.0,0.0,0.0,0.0,0.0,0.0,0.0,0.0,0.0,0.0,0.0,0.0,-1.0,0.0,0.0,1.0,0.0,0.0,0.0,0.0,0.0,0.0
KHC,Bear Put Spread,-30.64,73.0,27.0,73.0,39.7,60.3,-0.4197260273972603,-12.000000000000005,1.0000000000000009,0.0,0.0,0.0,0.0,0.0,0.0,0.0,0.0,0.0,0.0,0.0,0.0,0.0,0.0,0.0,0.0,0.0,0.0,0.0,-1.0,0.0,1.0,0.0,0.0,0.0,0.0,0.0
KHC,Bear Put Spread,-129.88,309.0,141.0,309.0,28.89,71.1,-0.42032362459546924,-44.0,0.9999999999999996,-1.9999999999999998,0.0,-1.0,0.0,0.0,0.0,0.0,0.0,0.0,0.0,0.0,0.0,0.0,0.0,0.0,-1.0,0.0,0.0,0.0,0.0,0.0,0.0,0.0,0.0,1.0,0.0,0.0
KHC,Bear Put Spread,-37.08,87.0,113.0,87.0,25.57,74.43,-0.4262068965517241,-20.999999999999996,3.9999999999999996,-1.0000000000000002,0.9999999999999999,-1.0,0.0,0.0,0.0,0.0,0.0,0.0,0.0,0.0,0.0,0.0,0.0,0.0,-1.0,0.0,0.0,0.0,1.0,0.0,0.0,0.0,0.0,0.0,0.0,0.0
KHC,Bear Put Spread,-130.54,301.0,99.0,301.0,30.04,69.96,-0.43368770764119596,-39.0,0.0,-1.9999999999999998,0.0,-1.0,0.0,0.0,0.0,0.0,0.0,0.0,0.0,0.0,0.0,0.0,0.0,0.0,0.0,-1.0,0.0,0.0,0.0,0.0,0.0,0.0,0.0,1.0,0.0,0.0
KHC,Bear Put Spread,-38.34,87.0,13.0,87.0,43.47,56.53,-0.4406896551724138,-12.0,1.0000000000000009,0.0,0.0,0.0,0.0,0.0,0.0,0.0,0.0,0.0,0.0,0.0,0.0,0.0,0.0,0.0,0.0,0.0,0.0,0.0,0.0,-1.0,0.0,1.0,0.0,0.0,0.0,0.0
KHC,Bear Put Spread,-127.57,287.0,63.0,287.0,31.2,68.8,-0.4444947735191637,-35.0,-1.0000000000000009,-1.9999999999999998,0.0,-1.0,0.0,0.0,0.0,0.0,0.0,0.0,0.0,0.0,0.0,0.0,0.0,0.0,0.0,0.0,-1.0,0.0,0.0,0.0,0.0,0.0,0.0,1.0,0.0,0.0
KHC,Bear Put Spread,-132.24,278.0,22.0,278.0,32.38,67.62,-0.4756834532374101,-30.0,-3.0,-0.9999999999999996,0.0,-1.0,0.0,0.0,0.0,0.0,0.0,0.0,0.0,0.0,0.0,0.0,0.0,0.0,0.0,0.0,0.0,-1.0,0.0,0.0,0.0,0.0,0.0,1.0,0.0,0.0
KHC,Bear Put Spread,-37.75,79.0,71.0,79.0,26.66,73.34,-0.4778481012658228,-15.999999999999998,3.0,-1.0000000000000002,0.9999999999999999,-1.0,0.0,0.0,0.0,0.0,0.0,0.0,0.0,0.0,0.0,0.0,0.0,0.0,0.0,-1.0,0.0,0.0,1.0,0.0,0.0,0.0,0.0,0.0,0.0,0.0
KHC,Bear Put Spread,-13.33,27.000000000000007,22.999999999999993,27.000000000000007,26.66,73.34,-0.4937037037037036,-5.000000000000004,1.9999999999999991,-1.0000000000000002,0.0,0.0,0.0,0.0,0.0,0.0,0.0,0.0,0.0,0.0,0.0,0.0,0.0,0.0,0.0,0.0,-1.0,1.0,0.0,0.0,0.0,0.0,0.0,0.0,0.0,0.0
KHC,Bear Put Spread,-38.84,75.0,25.0,75.0,33.57,66.43,-0.5178666666666667,-12.999999999999995,0.0,0.0,0.9999999999999999,-1.0,0.0,0.0,0.0,0.0,0.0,0.0,0.0,0.0,0.0,0.0,0.0,0.0,0.0,0.0,0.0,-1.0,0.0,1.0,0.0,0.0,0.0,0.0,0.0,0.0
KHC,Bear Put Spread,-25.25,48.0,2.0,48.0,42.21,57.79,-0.5260416666666666,-6.000000000000005,1.0000000000000009,0.0,0.0,0.0,0.0,0.0,0.0,0.0,0.0,0.0,0.0,0.0,0.0,0.0,0.0,0.0,0.0,0.0,0.0,0.0,0.0,-1.0,1.0,0.0,0.0,0.0,0.0,0.0
KHC,Bear Put Spread,-34.77,65.0,35.0,65.0,28.89,71.1,-0.534923076923077,-12.0,1.9999999999999991,-1.0000000000000002,0.9999999999999999,-1.0,0.0,0.0,0.0,0.0,0.0,0.0,0.0,0.0,0.0,0.0,0.0,0.0,0.0,0.0,-1.0,0.0,1.0,0.0,0.0,0.0,0.0,0.0,0.0,0.0
KHC,Bear Put Spread,-12.98,24.0,26.0,24.0,22.43,77.57,-0.5408333333333334,-3.9999999999999982,1.0000000000000009,0.0,0.0,0.0,0.0,0.0,0.0,0.0,0.0,0.0,0.0,0.0,0.0,0.0,0.0,0.0,0.0,-1.0,1.0,0.0,0.0,0.0,0.0,0.0,0.0,0.0,0.0,0.0
KHC,Bear Put Spread,-16.33,25.0,25.0,25.0,17.66,82.34,-0.6531999999999999,-4.999999999999999,0.9999999999999996,0.0,0.0,0.0,0.0,0.0,0.0,0.0,0.0,0.0,0.0,0.0,0.0,0.0,0.0,0.0,-1.0,1.0,0.0,0.0,0.0,0.0,0.0,0.0,0.0,0.0,0.0,0.0
