Underlying,Name,Expected PnL,Cost of Strategy,Max_Profit,Max_Loss,Prob of Profit,Prob of Loss,Exp_Pnl/Max_Loss,Strategy_Delta,Strategy_Gamma,Strategy_Theta,Strategy_Vega,Strategy_Rho,C_91.5,C_92.0,C_92.5,C_93.0,C_93.5,C_94.0,C_94.5,C_95.0,C_95.5,C_96.0,C_97.0,C_97.5,C_98.0,C_98.5,C_99.0,C_100.0,C_101.0,P_91.5,P_92.0,P_92.5,P_93.0,P_93.5,P_94.0,P_94.5,P_95.0,P_95.5,P_96.0,P_97.0,P_97.5,P_98.0,P_98.5,P_99.0,P_100.0,P_101.0
MDT,Bear Call Spread,-39.86,-227.0,227.0,373.0,48.18,51.82,-0.1068632707774799,-43.99999999999999,-2.0000000000000004,4.0,-3.0000000000000004,-1.0,0.0,0.0,0.0,0.0,0.0,0.0,0.0,-1.0,0.0,0.0,0.0,0.0,0.0,0.0,0.0,0.0,1.0,0.0,0.0,0.0,0.0,0.0,0.0,0.0,0.0,0.0,0.0,0.0,0.0,0.0,0.0,0.0,0.0,0.0
MDT,Bear Call Spread,-42.21,-260.0,260.0,390.0,47.29,52.71,-0.10823076923076923,-48.0,-2.0000000000000004,4.0,-3.0000000000000004,-1.0,0.0,0.0,0.0,0.0,0.0,0.0,-1.0,0.0,0.0,0.0,0.0,0.0,0.0,0.0,0.0,0.0,1.0,0.0,0.0,0.0,0.0,0.0,0.0,0.0,0.0,0.0,0.0,0.0,0.0,0.0,0.0,0.0,0.0,0.0
MDT,Bear Call Spread,-43.16,-157.99999999999997,157.99999999999997,342.0,51.79,48.21,-0.12619883040935673,-37.0,-3.0,4.0,-3.0000000000000004,-1.0,0.0,0.0,0.0,0.0,0.0,0.0,0.0,0.0,0.0,-1.0,0.0,0.0,0.0,0.0,0.0,0.0,1.0,0.0,0.0,0.0,0.0,0.0,0.0,0.0,0.0,0.0,0.0,0.0,0.0,0.0,0.0,0.0,0.0,0.0
MDT,Bear Call Spread,-46.12,-186.99999999999997,186.99999999999997,363.0,49.07,50.93,-0.12705234159779613,-40.99999999999999,-3.0,4.0,-3.0000000000000004,-1.0,0.0,0.0,0.0,0.0,0.0,0.0,0.0,0.0,-1.0,0.0,0.0,0.0,0.0,0.0,0.0,0.0,1.0,0.0,0.0,0.0,0.0,0.0,0.0,0.0,0.0,0.0,0.0,0.0,0.0,0.0,0.0,0.0,0.0,0.0
MDT,Bear Call Spread,-58.51,-439.99999999999994,439.99999999999994,460.00000000000006,41.32,58.68,-0.12719565217391302,-62.0,0.0,3.0000000000000004,-1.0000000000000002,-1.0,0.0,-1.0,0.0,0.0,0.0,0.0,0.0,0.0,0.0,0.0,0.0,0.0,0.0,0.0,0.0,0.0,1.0,0.0,0.0,0.0,0.0,0.0,0.0,0.0,0.0,0.0,0.0,0.0,0.0,0.0,0.0,0.0,0.0,0.0
MDT,Bear Call Spread,-56.56,-360.0,360.0,440.0,42.98,57.02,-0.12854545454545455,-57.99999999999999,-0.9999999999999996,3.0000000000000004,-1.9999999999999998,-1.0,0.0,0.0,0.0,-1.0,0.0,0.0,0.0,0.0,0.0,0.0,0.0,0.0,0.0,0.0,0.0,0.0,1.0,0.0,0.0,0.0,0.0,0.0,0.0,0.0,0.0,0.0,0.0,0.0,0.0,0.0,0.0,0.0,0.0,0.0
MDT,Bear Call Spread,-38.14,-105.0,105.0,295.0,55.48,44.52,-0.12928813559322033,-29.000000000000004,-3.0,3.0000000000000004,-3.0000000000000004,0.0,0.0,0.0,0.0,0.0,0.0,0.0,0.0,0.0,0.0,0.0,-1.0,0.0,0.0,0.0,0.0,0.0,1.0,0.0,0.0,0.0,0.0,0.0,0.0,0.0,0.0,0.0,0.0,0.0,0.0,0.0,0.0,0.0,0.0,0.0
MDT,Bear Call Spread,-60.91,-480.0,480.0,470.0,40.51,59.49,-0.12959574468085105,-64.0,0.0,1.9999999999999998,-1.0000000000000002,-1.0,-1.0,0.0,0.0,0.0,0.0,0.0,0.0,0.0,0.0,0.0,0.0,0.0,0.0,0.0,0.0,0.0,1.0,0.0,0.0,0.0,0.0,0.0,0.0,0.0,0.0,0.0,0.0,0.0,0.0,0.0,0.0,0.0,0.0,0.0
MDT,Bear Call Spread,-54.04,-285.0,285.0,415.0,44.68,55.32,-0.1302168674698795,-52.0,-2.0000000000000004,3.0000000000000004,-3.0000000000000004,-1.0,0.0,0.0,0.0,0.0,0.0,-1.0,0.0,0.0,0.0,0.0,0.0,0.0,0.0,0.0,0.0,0.0,1.0,0.0,0.0,0.0,0.0,0.0,0.0,0.0,0.0,0.0,0.0,0.0,0.0,0.0,0.0,0.0,0.0,0.0
MDT,Bear Call Spread,-35.35,-82.0,82.0,268.0,58.28,41.72,-0.13190298507462686,-24.999999999999996,-3.0,3.0000000000000004,-3.0000000000000004,0.0,0.0,0.0,0.0,0.0,0.0,0.0,0.0,0.0,0.0,0.0,0.0,-1.0,0.0,0.0,0.0,0.0,1.0,0.0,0.0,0.0,0.0,0.0,0.0,0.0,0.0,0.0,0.0,0.0,0.0,0.0,0.0,0.0,0.0,0.0
MDT,Bear Call Spread,-57.19,-320.0,320.0,430.0,43.82,56.18,-0.133,-54.99999999999999,-0.9999999999999996,3.0000000000000004,-1.9999999999999998,-1.0,0.0,0.0,0.0,0.0,-1.0,0.0,0.0,0.0,0.0,0.0,0.0,0.0,0.0,0.0,0.0,0.0,1.0,0.0,0.0,0.0,0.0,0.0,0.0,0.0,0.0,0.0,0.0,0.0,0.0,0.0,0.0,0.0,0.0,0.0
MDT,Bear Call Spread,-32.82,-61.0,61.0,239.0,61.08,38.92,-0.13732217573221758,-21.0,-3.0,3.0000000000000004,-3.0000000000000004,0.0,0.0,0.0,0.0,0.0,0.0,0.0,0.0,0.0,0.0,0.0,0.0,0.0,-1.0,0.0,0.0,0.0,1.0,0.0,0.0,0.0,0.0,0.0,0.0,0.0,0.0,0.0,0.0,0.0,0.0,0.0,0.0,0.0,0.0,0.0
MDT,Bear Call Spread,-43.48,-236.0,236.0,314.0,44.68,55.32,-0.13847133757961783,-42.00000000000001,-1.0000000000000009,3.0,-2.0000000000000004,-1.0,0.0,0.0,0.0,0.0,0.0,0.0,-1.0,0.0,0.0,0.0,0.0,0.0,0.0,0.0,0.0,1.0,0.0,0.0,0.0,0.0,0.0,0.0,0.0,0.0,0.0,0.0,0.0,0.0,0.0,0.0,0.0,0.0,0.0,0.0
MDT,Bear Call Spread,-41.13,-203.0,203.0,297.0,46.41,53.59,-0.1384848484848485,-38.0,-1.0000000000000009,3.0,-2.0000000000000004,-1.0,0.0,0.0,0.0,0.0,0.0,0.0,0.0,-1.0,0.0,0.0,0.0,0.0,0.0,0.0,0.0,1.0,0.0,0.0,0.0,0.0,0.0,0.0,0.0,0.0,0.0,0.0,0.0,0.0,0.0,0.0,0.0,0.0,0.0,0.0
MDT,Bear Call Spread,-30.61,-42.0,42.0,208.0,63.85,36.15,-0.14716346153846155,-17.0,-3.0,1.9999999999999998,-3.0000000000000004,0.0,0.0,0.0,0.0,0.0,0.0,0.0,0.0,0.0,0.0,0.0,0.0,0.0,0.0,-1.0,0.0,0.0,1.0,0.0,0.0,0.0,0.0,0.0,0.0,0.0,0.0,0.0,0.0,0.0,0.0,0.0,0.0,0.0,0.0,0.0
MDT,Bear Call Spread,-26.73,-27.0,27.0,173.0,66.58,33.42,-0.1545086705202312,-12.999999999999998,-2.0000000000000004,1.9999999999999998,-1.9999999999999998,0.0,0.0,0.0,0.0,0.0,0.0,0.0,0.0,0.0,0.0,0.0,0.0,0.0,0.0,0.0,-1.0,0.0,1.0,0.0,0.0,0.0,0.0,0.0,0.0,0.0,0.0,0.0,0.0,0.0,0.0,0.0,0.0,0.0,0.0,0.0
MDT,Bear Call Spread,-59.78,-415.99999999999994,415.99999999999994,384.00000000000006,38.92,61.08,-0.15567708333333333,-56.00000000000001,0.9999999999999996,2.0000000000000004,0.0,-1.0,0.0,-1.0,0.0,0.0,0.0,0.0,0.0,0.0,0.0,0.0,0.0,0.0,0.0,0.0,0.0,1.0,0.0,0.0,0.0,0.0,0.0,0.0,0.0,0.0,0.0,0.0,0.0,0.0,0.0,0.0,0.0,0.0,0.0,0.0
MDT,Bear Call Spread,-62.18,-456.0,456.0,394.0,38.14,61.86,-0.15781725888324874,-58.00000000000001,0.9999999999999996,0.9999999999999996,0.0,-1.0,-1.0,0.0,0.0,0.0,0.0,0.0,0.0,0.0,0.0,0.0,0.0,0.0,0.0,0.0,0.0,1.0,0.0,0.0,0.0,0.0,0.0,0.0,0.0,0.0,0.0,0.0,0.0,0.0,0.0,0.0,0.0,0.0,0.0,0.0
MDT,Bear Call Spread,-57.83,-336.0,336.0,364.0,40.51,59.49,-0.15887362637362637,-52.0,0.0,2.0000000000000004,-0.9999999999999996,-1.0,0.0,0.0,0.0,-1.0,0.0,0.0,0.0,0.0,0.0,0.0,0.0,0.0,0.0,0.0,0.0,1.0,0.0,0.0,0.0,0.0,0.0,0.0,0.0,0.0,0.0,0.0,0.0,0.0,0.0,0.0,0.0,0.0,0.0,0.0
MDT,Bear Call Spread,-55.31,-261.0,261.0,339.0,42.98,57.02,-0.16315634218289085,-46.00000000000001,-1.0000000000000009,2.0000000000000004,-2.0000000000000004,-1.0,0.0,0.0,0.0,0.0,0.0,-1.0,0.0,0.0,0.0,0.0,0.0,0.0,0.0,0.0,0.0,1.0,0.0,0.0,0.0,0.0,0.0,0.0,0.0,0.0,0.0,0.0,0.0,0.0,0.0,0.0,0.0,0.0,0.0,0.0
MDT,Bear Call Spread,-39.49,-209.0,209.0,241.0,42.98,57.02,-0.16385892116182574,-35.0,0.0,2.0000000000000004,-1.0000000000000009,-1.0,0.0,0.0,0.0,0.0,0.0,0.0,-1.0,0.0,0.0,0.0,0.0,0.0,0.0,0.0,1.0,0.0,0.0,0.0,0.0,0.0,0.0,0.0,0.0,0.0,0.0,0.0,0.0,0.0,0.0,0.0,0.0,0.0,0.0,0.0
MDT,Bear Call Spread,-77.03,-380.0,380.0,470.0,40.51,59.49,-0.1638936170212766,-61.0,-0.9999999999999996,1.9999999999999998,-1.0000000000000002,-1.0,0.0,0.0,-1.0,0.0,0.0,0.0,0.0,0.0,0.0,0.0,0.0,0.0,0.0,0.0,0.0,0.0,1.0,0.0,0.0,0.0,0.0,0.0,0.0,0.0,0.0,0.0,0.0,0.0,0.0,0.0,0.0,0.0,0.0,0.0
MDT,Bear Call Spread,-47.4,-162.99999999999997,162.99999999999997,287.0,47.29,52.71,-0.1651567944250871,-35.0,-2.0000000000000004,3.0,-2.0000000000000004,-1.0,0.0,0.0,0.0,0.0,0.0,0.0,0.0,0.0,-1.0,0.0,0.0,0.0,0.0,0.0,0.0,1.0,0.0,0.0,0.0,0.0,0.0,0.0,0.0,0.0,0.0,0.0,0.0,0.0,0.0,0.0,0.0,0.0,0.0,0.0
MDT,Bear Call Spread,-58.47,-296.0,296.0,354.0,41.32,58.68,-0.16516949152542373,-49.0,0.0,2.0000000000000004,-0.9999999999999996,-1.0,0.0,0.0,0.0,0.0,-1.0,0.0,0.0,0.0,0.0,0.0,0.0,0.0,0.0,0.0,0.0,1.0,0.0,0.0,0.0,0.0,0.0,0.0,0.0,0.0,0.0,0.0,0.0,0.0,0.0,0.0,0.0,0.0,0.0,0.0
MDT,Bear Call Spread,-37.13,-176.0,176.0,224.0,43.82,56.18,-0.16575892857142857,-31.0,0.0,2.0000000000000004,-1.0000000000000009,-1.0,0.0,0.0,0.0,0.0,0.0,0.0,0.0,-1.0,0.0,0.0,0.0,0.0,0.0,0.0,1.0,0.0,0.0,0.0,0.0,0.0,0.0,0.0,0.0,0.0,0.0,0.0,0.0,0.0,0.0,0.0,0.0,0.0,0.0,0.0
MDT,Bear Call Spread,-44.43,-133.99999999999997,133.99999999999997,266.0,49.07,50.93,-0.16703007518796992,-31.000000000000007,-2.0000000000000004,3.0,-2.0000000000000004,-1.0,0.0,0.0,0.0,0.0,0.0,0.0,0.0,0.0,0.0,-1.0,0.0,0.0,0.0,0.0,0.0,1.0,0.0,0.0,0.0,0.0,0.0,0.0,0.0,0.0,0.0,0.0,0.0,0.0,0.0,0.0,0.0,0.0,0.0,0.0
MDT,Bear Call Spread,-30.39,-178.0,178.0,172.0,40.51,59.49,-0.17668604651162792,-27.0,0.9999999999999996,0.9999999999999996,0.0,-1.0,0.0,0.0,0.0,0.0,0.0,0.0,-1.0,0.0,0.0,0.0,0.0,0.0,1.0,0.0,0.0,0.0,0.0,0.0,0.0,0.0,0.0,0.0,0.0,0.0,0.0,0.0,0.0,0.0,0.0,0.0,0.0,0.0,0.0,0.0
MDT,Bear Call Spread,-36.6,-193.0,193.0,207.0,41.32,58.68,-0.17681159420289855,-31.0,0.9999999999999996,2.0000000000000004,0.0,-1.0,0.0,0.0,0.0,0.0,0.0,0.0,-1.0,0.0,0.0,0.0,0.0,0.0,0.0,1.0,0.0,0.0,0.0,0.0,0.0,0.0,0.0,0.0,0.0,0.0,0.0,0.0,0.0,0.0,0.0,0.0,0.0,0.0,0.0,0.0
MDT,Bear Call Spread,-55.78,-388.99999999999994,388.99999999999994,311.00000000000006,37.38,62.62,-0.1793569131832797,-49.00000000000001,2.0000000000000004,1.0000000000000009,0.9999999999999996,-1.0,0.0,-1.0,0.0,0.0,0.0,0.0,0.0,0.0,0.0,0.0,0.0,0.0,0.0,0.0,1.0,0.0,0.0,0.0,0.0,0.0,0.0,0.0,0.0,0.0,0.0,0.0,0.0,0.0,0.0,0.0,0.0,0.0,0.0,0.0
MDT,Bear Call Spread,-39.42,-81.0,81.0,219.0,53.63,46.37,-0.18000000000000002,-23.0,-2.0000000000000004,2.0000000000000004,-2.0000000000000004,0.0,0.0,0.0,0.0,0.0,0.0,0.0,0.0,0.0,0.0,0.0,-1.0,0.0,0.0,0.0,0.0,1.0,0.0,0.0,0.0,0.0,0.0,0.0,0.0,0.0,0.0,0.0,0.0,0.0,0.0,0.0,0.0,0.0,0.0,0.0
MDT,Bear Call Spread,-34.25,-160.0,160.0,190.0,42.98,57.02,-0.18026315789473685,-26.999999999999996,0.9999999999999996,2.0000000000000004,0.0,-1.0,0.0,0.0,0.0,0.0,0.0,0.0,0.0,-1.0,0.0,0.0,0.0,0.0,0.0,1.0,0.0,0.0,0.0,0.0,0.0,0.0,0.0,0.0,0.0,0.0,0.0,0.0,0.0,0.0,0.0,0.0,0.0,0.0,0.0,0.0
MDT,Bear Call Spread,-28.04,-145.0,145.0,155.0,41.32,58.68,-0.1809032258064516,-23.0,0.9999999999999996,0.9999999999999996,0.0,-1.0,0.0,0.0,0.0,0.0,0.0,0.0,0.0,-1.0,0.0,0.0,0.0,0.0,1.0,0.0,0.0,0.0,0.0,0.0,0.0,0.0,0.0,0.0,0.0,0.0,0.0,0.0,0.0,0.0,0.0,0.0,0.0,0.0,0.0,0.0
MDT,Bear Call Spread,-58.18,-429.0,429.0,321.0,36.62,63.38,-0.18124610591900311,-51.0,2.0000000000000004,0.0,0.9999999999999996,-1.0,-1.0,0.0,0.0,0.0,0.0,0.0,0.0,0.0,0.0,0.0,0.0,0.0,0.0,0.0,1.0,0.0,0.0,0.0,0.0,0.0,0.0,0.0,0.0,0.0,0.0,0.0,0.0,0.0,0.0,0.0,0.0,0.0,0.0,0.0
MDT,Bear Call Spread,-53.84,-309.0,309.0,291.0,38.92,61.08,-0.1850171821305842,-45.0,1.0000000000000009,1.0000000000000009,0.0,-1.0,0.0,0.0,0.0,-1.0,0.0,0.0,0.0,0.0,0.0,0.0,0.0,0.0,0.0,0.0,1.0,0.0,0.0,0.0,0.0,0.0,0.0,0.0,0.0,0.0,0.0,0.0,0.0,0.0,0.0,0.0,0.0,0.0,0.0,0.0
MDT,Bear Call Spread,-36.62,-58.0,58.0,192.0,56.42,43.58,-0.19072916666666664,-18.999999999999996,-2.0000000000000004,2.0000000000000004,-2.0000000000000004,0.0,0.0,0.0,0.0,0.0,0.0,0.0,0.0,0.0,0.0,0.0,0.0,-1.0,0.0,0.0,0.0,1.0,0.0,0.0,0.0,0.0,0.0,0.0,0.0,0.0,0.0,0.0,0.0,0.0,0.0,0.0,0.0,0.0,0.0,0.0
MDT,Bear Call Spread,-52.9,-372.99999999999994,372.99999999999994,277.00000000000006,35.88,64.12,-0.19097472924187722,-45.0,3.0,1.0000000000000009,2.0000000000000004,-1.0,0.0,-1.0,0.0,0.0,0.0,0.0,0.0,0.0,0.0,0.0,0.0,0.0,0.0,1.0,0.0,0.0,0.0,0.0,0.0,0.0,0.0,0.0,0.0,0.0,0.0,0.0,0.0,0.0,0.0,0.0,0.0,0.0,0.0,0.0
MDT,Bear Call Spread,-55.3,-413.0,413.0,287.0,35.15,64.85,-0.19268292682926827,-47.0,3.0,0.0,2.0000000000000004,-1.0,-1.0,0.0,0.0,0.0,0.0,0.0,0.0,0.0,0.0,0.0,0.0,0.0,0.0,1.0,0.0,0.0,0.0,0.0,0.0,0.0,0.0,0.0,0.0,0.0,0.0,0.0,0.0,0.0,0.0,0.0,0.0,0.0,0.0,0.0
MDT,Bear Call Spread,-51.31,-234.0,234.0,266.0,40.51,59.49,-0.19289473684210529,-39.00000000000001,0.0,1.0000000000000009,-1.0000000000000009,-1.0,0.0,0.0,0.0,0.0,0.0,-1.0,0.0,0.0,0.0,0.0,0.0,0.0,0.0,0.0,1.0,0.0,0.0,0.0,0.0,0.0,0.0,0.0,0.0,0.0,0.0,0.0,0.0,0.0,0.0,0.0,0.0,0.0,0.0,0.0
MDT,Bear Call Spread,-46.69,-357.99999999999994,357.99999999999994,242.00000000000006,35.15,64.85,-0.19293388429752062,-41.0,3.0,0.0,2.0000000000000004,-1.0,0.0,-1.0,0.0,0.0,0.0,0.0,0.0,0.0,0.0,0.0,0.0,0.0,1.0,0.0,0.0,0.0,0.0,0.0,0.0,0.0,0.0,0.0,0.0,0.0,0.0,0.0,0.0,0.0,0.0,0.0,0.0,0.0,0.0,0.0
MDT,Bear Call Spread,-54.47,-269.0,269.0,281.0,39.71,60.29,-0.19384341637010677,-42.0,1.0000000000000009,1.0000000000000009,0.0,-1.0,0.0,0.0,0.0,0.0,-1.0,0.0,0.0,0.0,0.0,0.0,0.0,0.0,0.0,0.0,1.0,0.0,0.0,0.0,0.0,0.0,0.0,0.0,0.0,0.0,0.0,0.0,0.0,0.0,0.0,0.0,0.0,0.0,0.0,0.0
MDT,Bear Call Spread,-49.09,-398.0,398.0,252.0,34.43,65.57,-0.1948015873015873,-43.00000000000001,3.0,-1.0000000000000009,2.0000000000000004,-1.0,-1.0,0.0,0.0,0.0,0.0,0.0,0.0,0.0,0.0,0.0,0.0,0.0,1.0,0.0,0.0,0.0,0.0,0.0,0.0,0.0,0.0,0.0,0.0,0.0,0.0,0.0,0.0,0.0,0.0,0.0,0.0,0.0,0.0,0.0
MDT,Bear Call Spread,-50.95,-293.0,293.0,257.0,37.38,62.62,-0.1982490272373541,-41.0,2.0000000000000004,1.0000000000000009,1.0000000000000009,-1.0,0.0,0.0,0.0,-1.0,0.0,0.0,0.0,0.0,0.0,0.0,0.0,0.0,0.0,1.0,0.0,0.0,0.0,0.0,0.0,0.0,0.0,0.0,0.0,0.0,0.0,0.0,0.0,0.0,0.0,0.0,0.0,0.0,0.0,0.0
MDT,Bear Call Spread,-78.3,-356.0,356.0,394.0,38.14,61.86,-0.19873096446700506,-55.00000000000001,0.0,0.9999999999999996,0.0,-1.0,0.0,0.0,-1.0,0.0,0.0,0.0,0.0,0.0,0.0,0.0,0.0,0.0,0.0,0.0,0.0,1.0,0.0,0.0,0.0,0.0,0.0,0.0,0.0,0.0,0.0,0.0,0.0,0.0,0.0,0.0,0.0,0.0,0.0,0.0
MDT,Bear Call Spread,-44.74,-278.0,278.0,222.0,36.62,63.38,-0.20153153153153153,-37.0,2.0000000000000004,0.0,1.0000000000000009,-1.0,0.0,0.0,0.0,-1.0,0.0,0.0,0.0,0.0,0.0,0.0,0.0,0.0,1.0,0.0,0.0,0.0,0.0,0.0,0.0,0.0,0.0,0.0,0.0,0.0,0.0,0.0,0.0,0.0,0.0,0.0,0.0,0.0,0.0,0.0
MDT,Bear Call Spread,-43.4,-135.99999999999997,135.99999999999997,214.00000000000003,44.68,55.32,-0.20280373831775697,-27.999999999999996,-0.9999999999999996,2.0000000000000004,-1.0000000000000009,-1.0,0.0,0.0,0.0,0.0,0.0,0.0,0.0,0.0,-1.0,0.0,0.0,0.0,0.0,0.0,1.0,0.0,0.0,0.0,0.0,0.0,0.0,0.0,0.0,0.0,0.0,0.0,0.0,0.0,0.0,0.0,0.0,0.0,0.0,0.0
MDT,Bear Call Spread,-48.43,-218.0,218.0,232.0,39.71,60.29,-0.20875,-35.0,0.9999999999999996,1.0000000000000009,0.0,-1.0,0.0,0.0,0.0,0.0,0.0,-1.0,0.0,0.0,0.0,0.0,0.0,0.0,0.0,1.0,0.0,0.0,0.0,0.0,0.0,0.0,0.0,0.0,0.0,0.0,0.0,0.0,0.0,0.0,0.0,0.0,0.0,0.0,0.0,0.0
MDT,Bear Call Spread,-51.58,-253.0,253.0,247.0,38.14,61.86,-0.20882591093117409,-37.99999999999999,2.0000000000000004,1.0000000000000009,1.0000000000000009,-1.0,0.0,0.0,0.0,0.0,-1.0,0.0,0.0,0.0,0.0,0.0,0.0,0.0,0.0,1.0,0.0,0.0,0.0,0.0,0.0,0.0,0.0,0.0,0.0,0.0,0.0,0.0,0.0,0.0,0.0,0.0,0.0,0.0,0.0,0.0
MDT,Bear Call Spread,-34.09,-37.0,37.0,163.0,58.28,41.72,-0.20914110429447855,-15.0,-2.0000000000000004,2.0000000000000004,-2.0000000000000004,0.0,0.0,0.0,0.0,0.0,0.0,0.0,0.0,0.0,0.0,0.0,0.0,0.0,-1.0,0.0,0.0,1.0,0.0,0.0,0.0,0.0,0.0,0.0,0.0,0.0,0.0,0.0,0.0,0.0,0.0,0.0,0.0,0.0,0.0,0.0
MDT,Bear Call Spread,-40.44,-106.99999999999997,106.99999999999997,193.00000000000003,46.41,53.59,-0.20953367875647663,-24.000000000000004,-0.9999999999999996,2.0000000000000004,-1.0000000000000009,-1.0,0.0,0.0,0.0,0.0,0.0,0.0,0.0,0.0,0.0,-1.0,0.0,0.0,0.0,0.0,1.0,0.0,0.0,0.0,0.0,0.0,0.0,0.0,0.0,0.0,0.0,0.0,0.0,0.0,0.0,0.0,0.0,0.0,0.0,0.0
MDT,Bear Call Spread,-45.37,-238.0,238.0,212.0,37.38,62.62,-0.21400943396226413,-34.0,2.0000000000000004,0.0,1.0000000000000009,-1.0,0.0,0.0,0.0,0.0,-1.0,0.0,0.0,0.0,0.0,0.0,0.0,0.0,1.0,0.0,0.0,0.0,0.0,0.0,0.0,0.0,0.0,0.0,0.0,0.0,0.0,0.0,0.0,0.0,0.0,0.0,0.0,0.0,0.0,0.0
MDT,Bear Call Spread,-42.22,-203.0,203.0,197.0,38.14,61.86,-0.21431472081218272,-31.000000000000007,0.9999999999999996,0.0,0.0,-1.0,0.0,0.0,0.0,0.0,0.0,-1.0,0.0,0.0,0.0,0.0,0.0,0.0,1.0,0.0,0.0,0.0,0.0,0.0,0.0,0.0,0.0,0.0,0.0,0.0,0.0,0.0,0.0,0.0,0.0,0.0,0.0,0.0,0.0,0.0
MDT,Bear Call Spread,-31.86,-153.0,153.0,147.0,38.14,61.86,-0.216734693877551,-23.000000000000004,0.9999999999999996,0.9999999999999996,0.0,-1.0,0.0,0.0,0.0,0.0,0.0,0.0,-1.0,0.0,0.0,0.0,0.0,1.0,0.0,0.0,0.0,0.0,0.0,0.0,0.0,0.0,0.0,0.0,0.0,0.0,0.0,0.0,0.0,0.0,0.0,0.0,0.0,0.0,0.0,0.0
MDT,Bear Call Spread,-48.16,-332.99999999999994,332.99999999999994,217.00000000000006,33.03,66.97,-0.22193548387096768,-37.00000000000001,3.0,0.0,2.0000000000000004,-1.0,0.0,-1.0,0.0,0.0,0.0,0.0,0.0,0.0,0.0,0.0,0.0,1.0,0.0,0.0,0.0,0.0,0.0,0.0,0.0,0.0,0.0,0.0,0.0,0.0,0.0,0.0,0.0,0.0,0.0,0.0,0.0,0.0,0.0,0.0
MDT,Bear Call Spread,-50.56,-373.0,373.0,227.0,32.35,67.65,-0.22273127753303965,-39.00000000000001,3.0,-1.0000000000000009,2.0000000000000004,-1.0,-1.0,0.0,0.0,0.0,0.0,0.0,0.0,0.0,0.0,0.0,0.0,1.0,0.0,0.0,0.0,0.0,0.0,0.0,0.0,0.0,0.0,0.0,0.0,0.0,0.0,0.0,0.0,0.0,0.0,0.0,0.0,0.0,0.0,0.0
MDT,Bear Call Spread,-40.51,-119.99999999999996,119.99999999999996,180.00000000000006,43.82,56.18,-0.22505555555555548,-23.999999999999993,0.0,2.0000000000000004,0.0,-1.0,0.0,0.0,0.0,0.0,0.0,0.0,0.0,0.0,-1.0,0.0,0.0,0.0,0.0,1.0,0.0,0.0,0.0,0.0,0.0,0.0,0.0,0.0,0.0,0.0,0.0,0.0,0.0,0.0,0.0,0.0,0.0,0.0,0.0,0.0
MDT,Bear Call Spread,-29.51,-120.0,120.0,130.0,39.71,60.29,-0.227,-19.0,0.9999999999999996,0.9999999999999996,0.0,-1.0,0.0,0.0,0.0,0.0,0.0,0.0,0.0,-1.0,0.0,0.0,0.0,1.0,0.0,0.0,0.0,0.0,0.0,0.0,0.0,0.0,0.0,0.0,0.0,0.0,0.0,0.0,0.0,0.0,0.0,0.0,0.0,0.0,0.0,0.0
MDT,Bear Call Spread,-74.31,-329.0,329.0,321.0,36.62,63.38,-0.23149532710280374,-48.00000000000001,1.0000000000000009,0.0,0.9999999999999996,-1.0,0.0,0.0,-1.0,0.0,0.0,0.0,0.0,0.0,0.0,0.0,0.0,0.0,0.0,0.0,1.0,0.0,0.0,0.0,0.0,0.0,0.0,0.0,0.0,0.0,0.0,0.0,0.0,0.0,0.0,0.0,0.0,0.0,0.0,0.0
MDT,Bear Call Spread,-46.22,-253.0,253.0,197.0,34.43,65.57,-0.2346192893401015,-33.0,2.0000000000000004,0.0,1.0000000000000009,-1.0,0.0,0.0,0.0,-1.0,0.0,0.0,0.0,0.0,0.0,0.0,0.0,1.0,0.0,0.0,0.0,0.0,0.0,0.0,0.0,0.0,0.0,0.0,0.0,0.0,0.0,0.0,0.0,0.0,0.0,0.0,0.0,0.0,0.0,0.0
MDT,Bear Call Spread,-37.55,-90.99999999999996,90.99999999999996,159.00000000000006,45.54,54.46,-0.2361635220125785,-20.0,0.0,2.0000000000000004,0.0,-1.0,0.0,0.0,0.0,0.0,0.0,0.0,0.0,0.0,0.0,-1.0,0.0,0.0,0.0,1.0,0.0,0.0,0.0,0.0,0.0,0.0,0.0,0.0,0.0,0.0,0.0,0.0,0.0,0.0,0.0,0.0,0.0,0.0,0.0,0.0
MDT,Bear Call Spread,-34.3,-104.99999999999997,104.99999999999997,145.00000000000003,42.15,57.85,-0.23655172413793096,-19.999999999999996,0.0,0.9999999999999996,0.0,-1.0,0.0,0.0,0.0,0.0,0.0,0.0,0.0,0.0,-1.0,0.0,0.0,0.0,1.0,0.0,0.0,0.0,0.0,0.0,0.0,0.0,0.0,0.0,0.0,0.0,0.0,0.0,0.0,0.0,0.0,0.0,0.0,0.0,0.0,0.0
MDT,Bear Call Spread,-31.88,-18.0,18.0,132.0,62.0,38.0,-0.24151515151515152,-11.000000000000002,-2.0000000000000004,0.9999999999999996,-2.0000000000000004,0.0,0.0,0.0,0.0,0.0,0.0,0.0,0.0,0.0,0.0,0.0,0.0,0.0,0.0,-1.0,0.0,1.0,0.0,0.0,0.0,0.0,0.0,0.0,0.0,0.0,0.0,0.0,0.0,0.0,0.0,0.0,0.0,0.0,0.0,0.0
MDT,Bear Call Spread,-35.42,-54.0,54.0,146.0,50.88,49.12,-0.24260273972602742,-16.000000000000004,-0.9999999999999996,1.0000000000000009,-1.0000000000000009,0.0,0.0,0.0,0.0,0.0,0.0,0.0,0.0,0.0,0.0,0.0,-1.0,0.0,0.0,0.0,1.0,0.0,0.0,0.0,0.0,0.0,0.0,0.0,0.0,0.0,0.0,0.0,0.0,0.0,0.0,0.0,0.0,0.0,0.0,0.0
MDT,Bear Call Spread,-49.76,-348.0,348.0,202.0,31.02,68.98,-0.24633663366336633,-35.0,3.0,-1.0000000000000009,2.0000000000000004,-1.0,-1.0,0.0,0.0,0.0,0.0,0.0,0.0,0.0,0.0,0.0,1.0,0.0,0.0,0.0,0.0,0.0,0.0,0.0,0.0,0.0,0.0,0.0,0.0,0.0,0.0,0.0,0.0,0.0,0.0,0.0,0.0,0.0,0.0,0.0
MDT,Bear Call Spread,-47.36,-307.99999999999994,307.99999999999994,192.00000000000006,31.68,68.32,-0.2466666666666666,-33.0,3.0,0.0,2.0000000000000004,-1.0,0.0,-1.0,0.0,0.0,0.0,0.0,0.0,0.0,0.0,0.0,1.0,0.0,0.0,0.0,0.0,0.0,0.0,0.0,0.0,0.0,0.0,0.0,0.0,0.0,0.0,0.0,0.0,0.0,0.0,0.0,0.0,0.0,0.0,0.0
MDT,Bear Call Spread,-71.42,-313.0,313.0,287.0,35.15,64.85,-0.24885017421602787,-44.0,2.0000000000000004,0.0,2.0000000000000004,-1.0,0.0,0.0,-1.0,0.0,0.0,0.0,0.0,0.0,0.0,0.0,0.0,0.0,0.0,1.0,0.0,0.0,0.0,0.0,0.0,0.0,0.0,0.0,0.0,0.0,0.0,0.0,0.0,0.0,0.0,0.0,0.0,0.0,0.0,0.0
MDT,Bear Call Spread,-46.85,-213.0,213.0,187.0,35.15,64.85,-0.2505347593582888,-30.0,2.0000000000000004,0.0,1.0000000000000009,-1.0,0.0,0.0,0.0,0.0,-1.0,0.0,0.0,0.0,0.0,0.0,0.0,1.0,0.0,0.0,0.0,0.0,0.0,0.0,0.0,0.0,0.0,0.0,0.0,0.0,0.0,0.0,0.0,0.0,0.0,0.0,0.0,0.0,0.0,0.0
MDT,Bear Call Spread,-31.34,-75.99999999999997,75.99999999999997,124.00000000000003,43.82,56.18,-0.2527419354838709,-16.000000000000004,0.0,0.9999999999999996,0.0,-1.0,0.0,0.0,0.0,0.0,0.0,0.0,0.0,0.0,0.0,-1.0,0.0,0.0,1.0,0.0,0.0,0.0,0.0,0.0,0.0,0.0,0.0,0.0,0.0,0.0,0.0,0.0,0.0,0.0,0.0,0.0,0.0,0.0,0.0,0.0
MDT,Bear Call Spread,-43.69,-178.0,178.0,172.0,36.62,63.38,-0.25401162790697673,-27.000000000000007,0.9999999999999996,0.0,0.0,-1.0,0.0,0.0,0.0,0.0,0.0,-1.0,0.0,0.0,0.0,0.0,0.0,1.0,0.0,0.0,0.0,0.0,0.0,0.0,0.0,0.0,0.0,0.0,0.0,0.0,0.0,0.0,0.0,0.0,0.0,0.0,0.0,0.0,0.0,0.0
MDT,Bear Call Spread,-31.07,-128.0,128.0,122.0,36.62,63.38,-0.254672131147541,-19.0,0.9999999999999996,0.9999999999999996,0.0,-1.0,0.0,0.0,0.0,0.0,0.0,0.0,-1.0,0.0,0.0,0.0,1.0,0.0,0.0,0.0,0.0,0.0,0.0,0.0,0.0,0.0,0.0,0.0,0.0,0.0,0.0,0.0,0.0,0.0,0.0,0.0,0.0,0.0,0.0,0.0
MDT,Bear Call Spread,-65.21,-298.0,298.0,252.0,34.43,65.57,-0.25876984126984126,-40.0,2.0000000000000004,-1.0000000000000009,2.0000000000000004,-1.0,0.0,0.0,-1.0,0.0,0.0,0.0,0.0,0.0,0.0,0.0,0.0,0.0,1.0,0.0,0.0,0.0,0.0,0.0,0.0,0.0,0.0,0.0,0.0,0.0,0.0,0.0,0.0,0.0,0.0,0.0,0.0,0.0,0.0,0.0
MDT,Bear Call Spread,-45.42,-228.0,228.0,172.0,33.03,66.97,-0.26406976744186045,-28.999999999999996,2.0000000000000004,0.0,1.0000000000000009,-1.0,0.0,0.0,0.0,-1.0,0.0,0.0,0.0,0.0,0.0,0.0,1.0,0.0,0.0,0.0,0.0,0.0,0.0,0.0,0.0,0.0,0.0,0.0,0.0,0.0,0.0,0.0,0.0,0.0,0.0,0.0,0.0,0.0,0.0,0.0
MDT,Bear Call Spread,-28.71,-95.0,95.0,105.0,37.38,62.62,-0.2734285714285714,-14.999999999999996,0.9999999999999996,0.9999999999999996,0.0,-1.0,0.0,0.0,0.0,0.0,0.0,0.0,0.0,-1.0,0.0,0.0,1.0,0.0,0.0,0.0,0.0,0.0,0.0,0.0,0.0,0.0,0.0,0.0,0.0,0.0,0.0,0.0,0.0,0.0,0.0,0.0,0.0,0.0,0.0,0.0
MDT,Bear Call Spread,-32.62,-31.0,31.0,119.0,53.63,46.37,-0.2741176470588235,-12.0,-0.9999999999999996,1.0000000000000009,-1.0000000000000009,0.0,0.0,0.0,0.0,0.0,0.0,0.0,0.0,0.0,0.0,0.0,0.0,-1.0,0.0,0.0,1.0,0.0,0.0,0.0,0.0,0.0,0.0,0.0,0.0,0.0,0.0,0.0,0.0,0.0,0.0,0.0,0.0,0.0,0.0,0.0
MDT,Bear Call Spread,-46.05,-188.0,188.0,162.0,33.72,66.28,-0.28425925925925927,-25.999999999999996,2.0000000000000004,0.0,1.0000000000000009,-1.0,0.0,0.0,0.0,0.0,-1.0,0.0,0.0,0.0,0.0,0.0,1.0,0.0,0.0,0.0,0.0,0.0,0.0,0.0,0.0,0.0,0.0,0.0,0.0,0.0,0.0,0.0,0.0,0.0,0.0,0.0,0.0,0.0,0.0,0.0
MDT,Bear Call Spread,-28.0,-3.0,3.0,97.0,64.77,35.23,-0.28865979381443296,-6.999999999999998,-1.0000000000000009,0.9999999999999996,-0.9999999999999996,0.0,0.0,0.0,0.0,0.0,0.0,0.0,0.0,0.0,0.0,0.0,0.0,0.0,0.0,0.0,-1.0,1.0,0.0,0.0,0.0,0.0,0.0,0.0,0.0,0.0,0.0,0.0,0.0,0.0,0.0,0.0,0.0,0.0,0.0,0.0
MDT,Bear Call Spread,-32.53,-37.999999999999986,37.999999999999986,112.00000000000001,49.97,50.03,-0.29044642857142855,-12.0,0.0,1.0000000000000009,0.0,0.0,0.0,0.0,0.0,0.0,0.0,0.0,0.0,0.0,0.0,0.0,-1.0,0.0,0.0,1.0,0.0,0.0,0.0,0.0,0.0,0.0,0.0,0.0,0.0,0.0,0.0,0.0,0.0,0.0,0.0,0.0,0.0,0.0,0.0,0.0
MDT,Bear Call Spread,-42.89,-153.0,153.0,147.0,34.43,65.57,-0.2917687074829932,-23.000000000000004,0.9999999999999996,0.0,0.0,-1.0,0.0,0.0,0.0,0.0,0.0,-1.0,0.0,0.0,0.0,0.0,1.0,0.0,0.0,0.0,0.0,0.0,0.0,0.0,0.0,0.0,0.0,0.0,0.0,0.0,0.0,0.0,0.0,0.0,0.0,0.0,0.0,0.0,0.0,0.0
MDT,Bear Call Spread,-66.69,-273.0,273.0,227.0,32.35,67.65,-0.2937885462555066,-36.00000000000001,2.0000000000000004,-1.0000000000000009,2.0000000000000004,-1.0,0.0,0.0,-1.0,0.0,0.0,0.0,0.0,0.0,0.0,0.0,0.0,1.0,0.0,0.0,0.0,0.0,0.0,0.0,0.0,0.0,0.0,0.0,0.0,0.0,0.0,0.0,0.0,0.0,0.0,0.0,0.0,0.0,0.0,0.0
MDT,Bear Call Spread,-35.78,-79.99999999999997,79.99999999999997,120.00000000000003,40.51,59.49,-0.2981666666666666,-15.999999999999998,0.0,0.9999999999999996,0.0,-1.0,0.0,0.0,0.0,0.0,0.0,0.0,0.0,0.0,-1.0,0.0,0.0,1.0,0.0,0.0,0.0,0.0,0.0,0.0,0.0,0.0,0.0,0.0,0.0,0.0,0.0,0.0,0.0,0.0,0.0,0.0,0.0,0.0,0.0,0.0
MDT,Bear Call Spread,-50.74,-289.0,289.0,161.0,27.34,72.66,-0.3151552795031056,-27.0,3.0,-2.0000000000000004,2.0000000000000004,0.0,-1.0,0.0,0.0,0.0,0.0,0.0,0.0,0.0,0.0,1.0,0.0,0.0,0.0,0.0,0.0,0.0,0.0,0.0,0.0,0.0,0.0,0.0,0.0,0.0,0.0,0.0,0.0,0.0,0.0,0.0,0.0,0.0,0.0,0.0
MDT,Bear Call Spread,-48.35,-248.99999999999994,248.99999999999994,151.00000000000006,27.92,72.08,-0.3201986754966886,-25.0,3.0,-0.9999999999999996,2.0000000000000004,0.0,0.0,-1.0,0.0,0.0,0.0,0.0,0.0,0.0,0.0,1.0,0.0,0.0,0.0,0.0,0.0,0.0,0.0,0.0,0.0,0.0,0.0,0.0,0.0,0.0,0.0,0.0,0.0,0.0,0.0,0.0,0.0,0.0,0.0,0.0
MDT,Bear Call Spread,-65.89,-248.0,248.0,202.0,31.02,68.98,-0.3261881188118812,-32.0,2.0000000000000004,-1.0000000000000009,2.0000000000000004,-1.0,0.0,0.0,-1.0,0.0,0.0,0.0,0.0,0.0,0.0,0.0,1.0,0.0,0.0,0.0,0.0,0.0,0.0,0.0,0.0,0.0,0.0,0.0,0.0,0.0,0.0,0.0,0.0,0.0,0.0,0.0,0.0,0.0,0.0,0.0
MDT,Bear Call Spread,-32.81,-50.99999999999997,50.99999999999997,99.00000000000003,42.15,57.85,-0.33141414141414133,-12.000000000000005,0.0,0.9999999999999996,0.0,-1.0,0.0,0.0,0.0,0.0,0.0,0.0,0.0,0.0,0.0,-1.0,0.0,1.0,0.0,0.0,0.0,0.0,0.0,0.0,0.0,0.0,0.0,0.0,0.0,0.0,0.0,0.0,0.0,0.0,0.0,0.0,0.0,0.0,0.0,0.0
MDT,Bear Call Spread,-30.09,-10.0,10.0,90.0,56.42,43.58,-0.3343333333333333,-8.000000000000002,-0.9999999999999996,1.0000000000000009,-1.0000000000000009,0.0,0.0,0.0,0.0,0.0,0.0,0.0,0.0,0.0,0.0,0.0,0.0,0.0,-1.0,0.0,1.0,0.0,0.0,0.0,0.0,0.0,0.0,0.0,0.0,0.0,0.0,0.0,0.0,0.0,0.0,0.0,0.0,0.0,0.0,0.0
MDT,Bear Call Spread,-46.78,-261.0,261.0,139.0,25.65,74.35,-0.33654676258992805,-23.00000000000001,3.0,-2.0000000000000004,2.0000000000000004,0.0,-1.0,0.0,0.0,0.0,0.0,0.0,0.0,0.0,1.0,0.0,0.0,0.0,0.0,0.0,0.0,0.0,0.0,0.0,0.0,0.0,0.0,0.0,0.0,0.0,0.0,0.0,0.0,0.0,0.0,0.0,0.0,0.0,0.0,0.0
MDT,Bear Call Spread,-26.33,-23.0,23.0,77.0,48.18,51.82,-0.34194805194805195,-8.000000000000002,0.0,0.0,0.0,0.0,0.0,0.0,0.0,0.0,0.0,0.0,0.0,0.0,0.0,0.0,-1.0,0.0,1.0,0.0,0.0,0.0,0.0,0.0,0.0,0.0,0.0,0.0,0.0,0.0,0.0,0.0,0.0,0.0,0.0,0.0,0.0,0.0,0.0,0.0
MDT,Bear Call Spread,-44.38,-220.99999999999994,220.99999999999994,129.00000000000006,26.2,73.8,-0.34403100775193785,-21.000000000000007,3.0,-0.9999999999999996,2.0000000000000004,0.0,0.0,-1.0,0.0,0.0,0.0,0.0,0.0,0.0,1.0,0.0,0.0,0.0,0.0,0.0,0.0,0.0,0.0,0.0,0.0,0.0,0.0,0.0,0.0,0.0,0.0,0.0,0.0,0.0,0.0,0.0,0.0,0.0,0.0,0.0
MDT,Bear Call Spread,-29.74,-14.999999999999986,14.999999999999986,85.00000000000001,51.79,48.21,-0.34988235294117637,-7.9999999999999964,0.0,1.0000000000000009,0.0,0.0,0.0,0.0,0.0,0.0,0.0,0.0,0.0,0.0,0.0,0.0,0.0,-1.0,0.0,1.0,0.0,0.0,0.0,0.0,0.0,0.0,0.0,0.0,0.0,0.0,0.0,0.0,0.0,0.0,0.0,0.0,0.0,0.0,0.0,0.0
MDT,Bear Call Spread,-46.4,-169.0,169.0,131.0,29.13,70.87,-0.35419847328244275,-20.999999999999996,2.0000000000000004,-0.9999999999999996,1.0000000000000009,0.0,0.0,0.0,0.0,-1.0,0.0,0.0,0.0,0.0,0.0,1.0,0.0,0.0,0.0,0.0,0.0,0.0,0.0,0.0,0.0,0.0,0.0,0.0,0.0,0.0,0.0,0.0,0.0,0.0,0.0,0.0,0.0,0.0,0.0,0.0
MDT,Bear Call Spread,-34.98,-54.99999999999997,54.99999999999997,95.00000000000003,38.14,61.86,-0.3682105263157893,-11.999999999999995,0.0,0.9999999999999996,0.0,-1.0,0.0,0.0,0.0,0.0,0.0,0.0,0.0,0.0,-1.0,0.0,1.0,0.0,0.0,0.0,0.0,0.0,0.0,0.0,0.0,0.0,0.0,0.0,0.0,0.0,0.0,0.0,0.0,0.0,0.0,0.0,0.0,0.0,0.0,0.0
MDT,Bear Call Spread,-46.05,-228.0,228.0,122.0,24.06,75.94,-0.3774590163934426,-20.000000000000007,2.0000000000000004,-2.0000000000000004,2.0000000000000004,0.0,-1.0,0.0,0.0,0.0,0.0,0.0,0.0,1.0,0.0,0.0,0.0,0.0,0.0,0.0,0.0,0.0,0.0,0.0,0.0,0.0,0.0,0.0,0.0,0.0,0.0,0.0,0.0,0.0,0.0,0.0,0.0,0.0,0.0,0.0
MDT,Bear Call Spread,-47.03,-129.0,129.0,121.0,29.75,70.25,-0.38867768595041324,-17.999999999999993,2.0000000000000004,-0.9999999999999996,1.0000000000000009,0.0,0.0,0.0,0.0,0.0,-1.0,0.0,0.0,0.0,0.0,1.0,0.0,0.0,0.0,0.0,0.0,0.0,0.0,0.0,0.0,0.0,0.0,0.0,0.0,0.0,0.0,0.0,0.0,0.0,0.0,0.0,0.0,0.0,0.0,0.0
MDT,Bear Call Spread,-42.44,-141.0,141.0,109.0,27.34,72.66,-0.3893577981651376,-17.000000000000004,2.0000000000000004,-0.9999999999999996,1.0000000000000009,0.0,0.0,0.0,0.0,-1.0,0.0,0.0,0.0,0.0,1.0,0.0,0.0,0.0,0.0,0.0,0.0,0.0,0.0,0.0,0.0,0.0,0.0,0.0,0.0,0.0,0.0,0.0,0.0,0.0,0.0,0.0,0.0,0.0,0.0,0.0
MDT,Bear Call Spread,-43.65,-187.99999999999994,187.99999999999994,112.00000000000006,24.58,75.42,-0.38973214285714264,-18.000000000000004,2.0000000000000004,-0.9999999999999996,2.0000000000000004,0.0,0.0,-1.0,0.0,0.0,0.0,0.0,0.0,1.0,0.0,0.0,0.0,0.0,0.0,0.0,0.0,0.0,0.0,0.0,0.0,0.0,0.0,0.0,0.0,0.0,0.0,0.0,0.0,0.0,0.0,0.0,0.0,0.0,0.0,0.0
MDT,Bear Call Spread,-32.05,-69.0,69.0,81.0,32.35,67.65,-0.395679012345679,-10.999999999999998,0.9999999999999996,0.0,0.0,0.0,0.0,0.0,0.0,0.0,0.0,0.0,-1.0,0.0,0.0,1.0,0.0,0.0,0.0,0.0,0.0,0.0,0.0,0.0,0.0,0.0,0.0,0.0,0.0,0.0,0.0,0.0,0.0,0.0,0.0,0.0,0.0,0.0,0.0,0.0
MDT,Bear Call Spread,-43.87,-94.0,94.0,106.0,30.38,69.62,-0.41386792452830184,-15.000000000000002,0.9999999999999996,-0.9999999999999996,0.0,0.0,0.0,0.0,0.0,0.0,0.0,-1.0,0.0,0.0,0.0,1.0,0.0,0.0,0.0,0.0,0.0,0.0,0.0,0.0,0.0,0.0,0.0,0.0,0.0,0.0,0.0,0.0,0.0,0.0,0.0,0.0,0.0,0.0,0.0,0.0
MDT,Bear Call Spread,-66.87,-189.0,189.0,161.0,27.34,72.66,-0.4153416149068323,-24.0,2.0000000000000004,-2.0000000000000004,2.0000000000000004,0.0,0.0,0.0,-1.0,0.0,0.0,0.0,0.0,0.0,0.0,1.0,0.0,0.0,0.0,0.0,0.0,0.0,0.0,0.0,0.0,0.0,0.0,0.0,0.0,0.0,0.0,0.0,0.0,0.0,0.0,0.0,0.0,0.0,0.0,0.0
MDT,Bear Call Spread,-43.69,-195.0,195.0,105.0,22.07,77.93,-0.4160952380952381,-16.000000000000004,2.0000000000000004,-2.0000000000000004,2.0000000000000004,0.0,-1.0,0.0,0.0,0.0,0.0,0.0,1.0,0.0,0.0,0.0,0.0,0.0,0.0,0.0,0.0,0.0,0.0,0.0,0.0,0.0,0.0,0.0,0.0,0.0,0.0,0.0,0.0,0.0,0.0,0.0,0.0,0.0,0.0,0.0
MDT,Bear Call Spread,-32.02,-25.99999999999997,25.99999999999997,74.00000000000003,39.71,60.29,-0.43270270270270256,-8.000000000000002,0.0,0.9999999999999996,0.0,-1.0,0.0,0.0,0.0,0.0,0.0,0.0,0.0,0.0,0.0,-1.0,1.0,0.0,0.0,0.0,0.0,0.0,0.0,0.0,0.0,0.0,0.0,0.0,0.0,0.0,0.0,0.0,0.0,0.0,0.0,0.0,0.0,0.0,0.0,0.0
MDT,Bear Call Spread,-36.87,-165.0,165.0,85.0,20.68,79.32,-0.4337647058823529,-12.0,2.0000000000000004,-1.0000000000000009,2.0000000000000004,0.0,-1.0,0.0,0.0,0.0,0.0,1.0,0.0,0.0,0.0,0.0,0.0,0.0,0.0,0.0,0.0,0.0,0.0,0.0,0.0,0.0,0.0,0.0,0.0,0.0,0.0,0.0,0.0,0.0,0.0,0.0,0.0,0.0,0.0,0.0
MDT,Bear Call Spread,-41.3,-154.99999999999994,154.99999999999994,95.00000000000006,22.55,77.45,-0.43473684210526287,-14.000000000000002,2.0000000000000004,-0.9999999999999996,2.0000000000000004,0.0,0.0,-1.0,0.0,0.0,0.0,0.0,1.0,0.0,0.0,0.0,0.0,0.0,0.0,0.0,0.0,0.0,0.0,0.0,0.0,0.0,0.0,0.0,0.0,0.0,0.0,0.0,0.0,0.0,0.0,0.0,0.0,0.0,0.0,0.0
MDT,Bear Call Spread,-43.07,-101.0,101.0,99.0,27.92,72.08,-0.4350505050505051,-14.000000000000002,2.0000000000000004,-0.9999999999999996,1.0000000000000009,0.0,0.0,0.0,0.0,0.0,-1.0,0.0,0.0,0.0,1.0,0.0,0.0,0.0,0.0,0.0,0.0,0.0,0.0,0.0,0.0,0.0,0.0,0.0,0.0,0.0,0.0,0.0,0.0,0.0,0.0,0.0,0.0,0.0,0.0,0.0
MDT,Bear Call Spread,-62.91,-161.0,161.0,139.0,25.65,74.35,-0.45258992805755394,-20.000000000000007,2.0000000000000004,-2.0000000000000004,2.0000000000000004,0.0,0.0,0.0,-1.0,0.0,0.0,0.0,0.0,0.0,1.0,0.0,0.0,0.0,0.0,0.0,0.0,0.0,0.0,0.0,0.0,0.0,0.0,0.0,0.0,0.0,0.0,0.0,0.0,0.0,0.0,0.0,0.0,0.0,0.0,0.0
MDT,Bear Call Spread,-41.7,-108.0,108.0,92.0,25.65,74.35,-0.45326086956521744,-14.000000000000002,1.0000000000000009,-0.9999999999999996,1.0000000000000009,0.0,0.0,0.0,0.0,-1.0,0.0,0.0,0.0,1.0,0.0,0.0,0.0,0.0,0.0,0.0,0.0,0.0,0.0,0.0,0.0,0.0,0.0,0.0,0.0,0.0,0.0,0.0,0.0,0.0,0.0,0.0,0.0,0.0,0.0,0.0
MDT,Bear Call Spread,-34.47,-124.99999999999994,124.99999999999994,75.00000000000006,21.14,78.86,-0.4595999999999996,-9.999999999999998,2.0000000000000004,0.0,2.0000000000000004,0.0,0.0,-1.0,0.0,0.0,0.0,1.0,0.0,0.0,0.0,0.0,0.0,0.0,0.0,0.0,0.0,0.0,0.0,0.0,0.0,0.0,0.0,0.0,0.0,0.0,0.0,0.0,0.0,0.0,0.0,0.0,0.0,0.0,0.0,0.0
MDT,Bear Call Spread,-29.7,-36.0,36.0,64.0,33.03,66.97,-0.4640625,-6.999999999999995,0.9999999999999996,0.0,0.0,0.0,0.0,0.0,0.0,0.0,0.0,0.0,0.0,-1.0,0.0,1.0,0.0,0.0,0.0,0.0,0.0,0.0,0.0,0.0,0.0,0.0,0.0,0.0,0.0,0.0,0.0,0.0,0.0,0.0,0.0,0.0,0.0,0.0,0.0,0.0
MDT,Bear Call Spread,-39.91,-66.0,66.0,84.0,28.52,71.48,-0.47511904761904755,-11.00000000000001,0.9999999999999996,-0.9999999999999996,0.0,0.0,0.0,0.0,0.0,0.0,0.0,-1.0,0.0,0.0,1.0,0.0,0.0,0.0,0.0,0.0,0.0,0.0,0.0,0.0,0.0,0.0,0.0,0.0,0.0,0.0,0.0,0.0,0.0,0.0,0.0,0.0,0.0,0.0,0.0,0.0
MDT,Bear Call Spread,-28.09,-41.0,41.0,59.0,30.38,69.62,-0.4761016949152542,-7.000000000000006,0.9999999999999996,0.0,0.0,0.0,0.0,0.0,0.0,0.0,0.0,0.0,-1.0,0.0,1.0,0.0,0.0,0.0,0.0,0.0,0.0,0.0,0.0,0.0,0.0,0.0,0.0,0.0,0.0,0.0,0.0,0.0,0.0,0.0,0.0,0.0,0.0,0.0,0.0,0.0
MDT,Bear Call Spread,-62.17,-128.0,128.0,122.0,24.06,75.94,-0.5095901639344262,-17.000000000000004,1.0000000000000009,-2.0000000000000004,2.0000000000000004,0.0,0.0,0.0,-1.0,0.0,0.0,0.0,0.0,1.0,0.0,0.0,0.0,0.0,0.0,0.0,0.0,0.0,0.0,0.0,0.0,0.0,0.0,0.0,0.0,0.0,0.0,0.0,0.0,0.0,0.0,0.0,0.0,0.0,0.0,0.0
MDT,Bear Call Spread,-38.71,-125.0,125.0,75.0,18.95,81.05,-0.5161333333333333,-9.000000000000007,0.9999999999999996,-1.0000000000000009,0.9999999999999996,0.0,-1.0,0.0,0.0,0.0,1.0,0.0,0.0,0.0,0.0,0.0,0.0,0.0,0.0,0.0,0.0,0.0,0.0,0.0,0.0,0.0,0.0,0.0,0.0,0.0,0.0,0.0,0.0,0.0,0.0,0.0,0.0,0.0,0.0,0.0
MDT,Bear Call Spread,-42.34,-68.0,68.0,82.0,26.2,73.8,-0.5163414634146342,-10.999999999999998,1.0000000000000009,-0.9999999999999996,1.0000000000000009,0.0,0.0,0.0,0.0,0.0,-1.0,0.0,0.0,1.0,0.0,0.0,0.0,0.0,0.0,0.0,0.0,0.0,0.0,0.0,0.0,0.0,0.0,0.0,0.0,0.0,0.0,0.0,0.0,0.0,0.0,0.0,0.0,0.0,0.0,0.0
MDT,Bear Call Spread,-39.35,-75.0,75.0,75.0,23.55,76.45,-0.5246666666666667,-9.999999999999998,1.0000000000000009,-0.9999999999999996,1.0000000000000009,0.0,0.0,0.0,0.0,-1.0,0.0,0.0,1.0,0.0,0.0,0.0,0.0,0.0,0.0,0.0,0.0,0.0,0.0,0.0,0.0,0.0,0.0,0.0,0.0,0.0,0.0,0.0,0.0,0.0,0.0,0.0,0.0,0.0,0.0,0.0
MDT,Bear Call Spread,-36.31,-84.99999999999994,84.99999999999994,65.00000000000006,19.37,80.63,-0.5586153846153842,-7.000000000000006,0.9999999999999996,0.0,0.9999999999999996,0.0,0.0,-1.0,0.0,0.0,1.0,0.0,0.0,0.0,0.0,0.0,0.0,0.0,0.0,0.0,0.0,0.0,0.0,0.0,0.0,0.0,0.0,0.0,0.0,0.0,0.0,0.0,0.0,0.0,0.0,0.0,0.0,0.0,0.0,0.0
MDT,Bear Call Spread,-59.82,-95.0,95.0,105.0,22.07,77.93,-0.5697142857142857,-13.0,1.0000000000000009,-2.0000000000000004,2.0000000000000004,0.0,0.0,0.0,-1.0,0.0,0.0,0.0,1.0,0.0,0.0,0.0,0.0,0.0,0.0,0.0,0.0,0.0,0.0,0.0,0.0,0.0,0.0,0.0,0.0,0.0,0.0,0.0,0.0,0.0,0.0,0.0,0.0,0.0,0.0,0.0
MDT,Bear Call Spread,-34.34,-90.00000000000006,90.00000000000006,59.99999999999994,17.73,82.27,-0.5723333333333339,-6.000000000000005,0.9999999999999996,-1.0000000000000009,0.9999999999999996,0.0,-1.0,0.0,0.0,1.0,0.0,0.0,0.0,0.0,0.0,0.0,0.0,0.0,0.0,0.0,0.0,0.0,0.0,0.0,0.0,0.0,0.0,0.0,0.0,0.0,0.0,0.0,0.0,0.0,0.0,0.0,0.0,0.0,0.0,0.0
MDT,Bear Call Spread,-39.18,-33.0,33.0,67.0,26.76,73.24,-0.584776119402985,-8.000000000000007,0.0,-0.9999999999999996,0.0,0.0,0.0,0.0,0.0,0.0,0.0,-1.0,0.0,1.0,0.0,0.0,0.0,0.0,0.0,0.0,0.0,0.0,0.0,0.0,0.0,0.0,0.0,0.0,0.0,0.0,0.0,0.0,0.0,0.0,0.0,0.0,0.0,0.0,0.0,0.0
MDT,Bear Call Spread,-32.53,-45.0,45.0,55.0,22.07,77.93,-0.5914545454545455,-5.999999999999995,1.0000000000000009,0.0,1.0000000000000009,0.0,0.0,0.0,0.0,-1.0,0.0,1.0,0.0,0.0,0.0,0.0,0.0,0.0,0.0,0.0,0.0,0.0,0.0,0.0,0.0,0.0,0.0,0.0,0.0,0.0,0.0,0.0,0.0,0.0,0.0,0.0,0.0,0.0,0.0,0.0
MDT,Bear Call Spread,-25.73,-8.0,8.0,42.0,31.68,68.32,-0.6126190476190476,-3.0000000000000027,0.9999999999999996,0.0,0.0,0.0,0.0,0.0,0.0,0.0,0.0,0.0,0.0,-1.0,1.0,0.0,0.0,0.0,0.0,0.0,0.0,0.0,0.0,0.0,0.0,0.0,0.0,0.0,0.0,0.0,0.0,0.0,0.0,0.0,0.0,0.0,0.0,0.0,0.0,0.0
MDT,Bear Call Spread,-39.98,-35.0,35.0,65.0,24.06,75.94,-0.6150769230769231,-6.999999999999995,1.0000000000000009,-0.9999999999999996,1.0000000000000009,0.0,0.0,0.0,0.0,0.0,-1.0,0.0,1.0,0.0,0.0,0.0,0.0,0.0,0.0,0.0,0.0,0.0,0.0,0.0,0.0,0.0,0.0,0.0,0.0,0.0,0.0,0.0,0.0,0.0,0.0,0.0,0.0,0.0,0.0,0.0
MDT,Bear Call Spread,-53.0,-65.0,65.0,85.0,20.68,79.32,-0.6235294117647059,-8.999999999999996,1.0000000000000009,-1.0000000000000009,2.0000000000000004,0.0,0.0,0.0,-1.0,0.0,0.0,1.0,0.0,0.0,0.0,0.0,0.0,0.0,0.0,0.0,0.0,0.0,0.0,0.0,0.0,0.0,0.0,0.0,0.0,0.0,0.0,0.0,0.0,0.0,0.0,0.0,0.0,0.0,0.0,0.0
MDT,Bear Call Spread,-31.95,-50.0,50.0,50.0,18.13,81.87,-0.639,-4.0000000000000036,0.9999999999999996,0.0,0.9999999999999996,0.0,0.0,-1.0,0.0,1.0,0.0,0.0,0.0,0.0,0.0,0.0,0.0,0.0,0.0,0.0,0.0,0.0,0.0,0.0,0.0,0.0,0.0,0.0,0.0,0.0,0.0,0.0,0.0,0.0,0.0,0.0,0.0,0.0,0.0,0.0
MDT,Bear Call Spread,-27.35,-8.0,8.0,42.0,28.52,71.48,-0.6511904761904762,-4.0000000000000036,0.0,0.0,0.0,0.0,0.0,0.0,0.0,0.0,0.0,0.0,-1.0,1.0,0.0,0.0,0.0,0.0,0.0,0.0,0.0,0.0,0.0,0.0,0.0,0.0,0.0,0.0,0.0,0.0,0.0,0.0,0.0,0.0,0.0,0.0,0.0,0.0,0.0,0.0
MDT,Bear Call Spread,-33.87,-50.0,50.0,50.0,16.19,83.81,-0.6774,-3.0000000000000027,0.9999999999999996,0.0,0.0,0.0,-1.0,0.0,1.0,0.0,0.0,0.0,0.0,0.0,0.0,0.0,0.0,0.0,0.0,0.0,0.0,0.0,0.0,0.0,0.0,0.0,0.0,0.0,0.0,0.0,0.0,0.0,0.0,0.0,0.0,0.0,0.0,0.0,0.0,0.0
MDT,Bear Call Spread,-54.84,-25.0,25.0,75.0,18.95,81.05,-0.7312000000000001,-6.000000000000005,0.0,-1.0000000000000009,0.9999999999999996,0.0,0.0,0.0,-1.0,0.0,1.0,0.0,0.0,0.0,0.0,0.0,0.0,0.0,0.0,0.0,0.0,0.0,0.0,0.0,0.0,0.0,0.0,0.0,0.0,0.0,0.0,0.0,0.0,0.0,0.0,0.0,0.0,0.0,0.0,0.0
MDT,Bear Call Spread,-33.16,-5.0,5.0,45.0,22.55,77.45,-0.7368888888888888,-2.9999999999999916,1.0000000000000009,0.0,1.0000000000000009,0.0,0.0,0.0,0.0,0.0,-1.0,1.0,0.0,0.0,0.0,0.0,0.0,0.0,0.0,0.0,0.0,0.0,0.0,0.0,0.0,0.0,0.0,0.0,0.0,0.0,0.0,0.0,0.0,0.0,0.0,0.0,0.0,0.0,0.0,0.0
MDT,Bear Call Spread,-34.37,-5.0,5.0,45.0,20.24,79.76,-0.7637777777777777,-3.0000000000000027,0.0,0.0,0.0,0.0,0.0,0.0,0.0,-1.0,1.0,0.0,0.0,0.0,0.0,0.0,0.0,0.0,0.0,0.0,0.0,0.0,0.0,0.0,0.0,0.0,0.0,0.0,0.0,0.0,0.0,0.0,0.0,0.0,0.0,0.0,0.0,0.0,0.0,0.0
MDT,Bear Call Spread,-31.48,-9.999999999999943,9.999999999999943,40.00000000000006,16.57,83.43,-0.7869999999999989,-1.0000000000000009,0.9999999999999996,1.0000000000000009,0.0,0.0,0.0,-1.0,1.0,0.0,0.0,0.0,0.0,0.0,0.0,0.0,0.0,0.0,0.0,0.0,0.0,0.0,0.0,0.0,0.0,0.0,0.0,0.0,0.0,0.0,0.0,0.0,0.0,0.0,0.0,0.0,0.0,0.0,0.0,0.0
MDT,Bear Put Spread,-57.91,467.0,483.0,467.0,40.51,59.49,-0.12400428265524624,-67.0,0.0,1.9999999999999998,-1.0000000000000002,-1.9999999999999998,0.0,0.0,0.0,0.0,0.0,0.0,0.0,0.0,0.0,0.0,0.0,0.0,0.0,0.0,0.0,0.0,0.0,-1.0,0.0,0.0,0.0,0.0,0.0,0.0,0.0,0.0,0.0,0.0,0.0,0.0,0.0,0.0,0.0,1.0
MDT,Bear Put Spread,-57.51,459.0,441.0,459.0,41.32,58.68,-0.1252941176470588,-65.0,0.0,1.9999999999999998,-1.0000000000000002,-1.9999999999999998,0.0,0.0,0.0,0.0,0.0,0.0,0.0,0.0,0.0,0.0,0.0,0.0,0.0,0.0,0.0,0.0,0.0,0.0,-1.0,0.0,0.0,0.0,0.0,0.0,0.0,0.0,0.0,0.0,0.0,0.0,0.0,0.0,0.0,1.0
MDT,Bear Put Spread,-57.03,450.0,400.0,450.0,42.15,57.85,-0.12673333333333334,-63.0,-0.9999999999999996,3.0000000000000004,-1.9999999999999998,-1.9999999999999998,0.0,0.0,0.0,0.0,0.0,0.0,0.0,0.0,0.0,0.0,0.0,0.0,0.0,0.0,0.0,0.0,0.0,0.0,0.0,-1.0,0.0,0.0,0.0,0.0,0.0,0.0,0.0,0.0,0.0,0.0,0.0,0.0,0.0,1.0
MDT,Bear Put Spread,-56.56,440.0,360.0,440.0,42.98,57.02,-0.12854545454545455,-60.0,-0.9999999999999996,3.0000000000000004,-1.9999999999999998,-1.9999999999999998,0.0,0.0,0.0,0.0,0.0,0.0,0.0,0.0,0.0,0.0,0.0,0.0,0.0,0.0,0.0,0.0,0.0,0.0,0.0,0.0,-1.0,0.0,0.0,0.0,0.0,0.0,0.0,0.0,0.0,0.0,0.0,0.0,0.0,1.0
MDT,Bear Put Spread,-54.04,415.0,285.0,415.0,44.68,55.32,-0.1302168674698795,-54.0,-2.0000000000000004,4.0,-3.0000000000000004,-1.9999999999999998,0.0,0.0,0.0,0.0,0.0,0.0,0.0,0.0,0.0,0.0,0.0,0.0,0.0,0.0,0.0,0.0,0.0,0.0,0.0,0.0,0.0,0.0,-1.0,0.0,0.0,0.0,0.0,0.0,0.0,0.0,0.0,0.0,0.0,1.0
MDT,Bear Put Spread,-53.21,401.0,249.0,401.0,46.41,53.59,-0.1326932668329177,-50.0,-2.0000000000000004,4.0,-3.0000000000000004,-1.9999999999999998,0.0,0.0,0.0,0.0,0.0,0.0,0.0,0.0,0.0,0.0,0.0,0.0,0.0,0.0,0.0,0.0,0.0,0.0,0.0,0.0,0.0,0.0,0.0,-1.0,0.0,0.0,0.0,0.0,0.0,0.0,0.0,0.0,0.0,1.0
MDT,Bear Put Spread,-51.86,385.0,215.0,385.0,47.29,52.71,-0.1347012987012987,-47.0,-2.0000000000000004,4.0,-3.0000000000000004,-1.9999999999999998,0.0,0.0,0.0,0.0,0.0,0.0,0.0,0.0,0.0,0.0,0.0,0.0,0.0,0.0,0.0,0.0,0.0,0.0,0.0,0.0,0.0,0.0,0.0,0.0,-1.0,0.0,0.0,0.0,0.0,0.0,0.0,0.0,0.0,1.0
MDT,Bear Put Spread,-50.12,367.0,183.0,367.0,49.07,50.93,-0.136566757493188,-43.0,-3.0,4.0,-3.0000000000000004,-0.9999999999999999,0.0,0.0,0.0,0.0,0.0,0.0,0.0,0.0,0.0,0.0,0.0,0.0,0.0,0.0,0.0,0.0,0.0,0.0,0.0,0.0,0.0,0.0,0.0,0.0,0.0,-1.0,0.0,0.0,0.0,0.0,0.0,0.0,0.0,1.0
MDT,Bear Put Spread,-59.19,432.0,318.0,432.0,43.82,56.18,-0.13701388888888888,-57.00000000000001,-0.9999999999999996,3.0000000000000004,-1.9999999999999998,-1.9999999999999998,0.0,0.0,0.0,0.0,0.0,0.0,0.0,0.0,0.0,0.0,0.0,0.0,0.0,0.0,0.0,0.0,0.0,0.0,0.0,0.0,0.0,-1.0,0.0,0.0,0.0,0.0,0.0,0.0,0.0,0.0,0.0,0.0,0.0,1.0
MDT,Bear Put Spread,-48.16,347.0,153.0,347.0,50.88,49.12,-0.13878962536023054,-39.0,-3.0,4.0,-3.0000000000000004,-0.9999999999999999,0.0,0.0,0.0,0.0,0.0,0.0,0.0,0.0,0.0,0.0,0.0,0.0,0.0,0.0,0.0,0.0,0.0,0.0,0.0,0.0,0.0,0.0,0.0,0.0,0.0,0.0,-1.0,0.0,0.0,0.0,0.0,0.0,0.0,1.0
MDT,Bear Put Spread,-44.14,301.0,99.0,301.0,55.48,44.52,-0.14664451827242525,-30.999999999999993,-3.0,4.0,-3.0000000000000004,-0.9999999999999999,0.0,0.0,0.0,0.0,0.0,0.0,0.0,0.0,0.0,0.0,0.0,0.0,0.0,0.0,0.0,0.0,0.0,0.0,0.0,0.0,0.0,0.0,0.0,0.0,0.0,0.0,0.0,-1.0,0.0,0.0,0.0,0.0,0.0,1.0
MDT,Bear Put Spread,-60.18,392.0,458.0,392.0,38.92,61.08,-0.15352040816326532,-61.00000000000001,2.0000000000000004,0.9999999999999996,0.0,-1.9999999999999998,0.0,0.0,0.0,0.0,0.0,0.0,0.0,0.0,0.0,0.0,0.0,0.0,0.0,0.0,0.0,0.0,0.0,-1.0,0.0,0.0,0.0,0.0,0.0,0.0,0.0,0.0,0.0,0.0,0.0,0.0,0.0,0.0,1.0,0.0
MDT,Bear Put Spread,-59.78,384.0,416.0,384.0,38.92,61.08,-0.15567708333333333,-59.00000000000001,2.0000000000000004,0.9999999999999996,0.0,-1.9999999999999998,0.0,0.0,0.0,0.0,0.0,0.0,0.0,0.0,0.0,0.0,0.0,0.0,0.0,0.0,0.0,0.0,0.0,0.0,-1.0,0.0,0.0,0.0,0.0,0.0,0.0,0.0,0.0,0.0,0.0,0.0,0.0,0.0,1.0,0.0
MDT,Bear Put Spread,-59.3,375.0,375.0,375.0,39.71,60.29,-0.15813333333333332,-57.00000000000001,1.0000000000000009,2.0000000000000004,-0.9999999999999996,-1.9999999999999998,0.0,0.0,0.0,0.0,0.0,0.0,0.0,0.0,0.0,0.0,0.0,0.0,0.0,0.0,0.0,0.0,0.0,0.0,0.0,-1.0,0.0,0.0,0.0,0.0,0.0,0.0,0.0,0.0,0.0,0.0,0.0,0.0,1.0,0.0
MDT,Bear Put Spread,-44.35,277.0,73.0,277.0,57.35,42.65,-0.16010830324909747,-27.0,-3.0,4.0,-3.0000000000000004,-0.9999999999999999,0.0,0.0,0.0,0.0,0.0,0.0,0.0,0.0,0.0,0.0,0.0,0.0,0.0,0.0,0.0,0.0,0.0,0.0,0.0,0.0,0.0,0.0,0.0,0.0,0.0,0.0,0.0,0.0,-1.0,0.0,0.0,0.0,0.0,1.0
MDT,Bear Put Spread,-58.83,365.0,335.0,365.0,40.51,59.49,-0.1611780821917808,-54.0,1.0000000000000009,2.0000000000000004,-0.9999999999999996,-1.9999999999999998,0.0,0.0,0.0,0.0,0.0,0.0,0.0,0.0,0.0,0.0,0.0,0.0,0.0,0.0,0.0,0.0,0.0,0.0,0.0,0.0,-1.0,0.0,0.0,0.0,0.0,0.0,0.0,0.0,0.0,0.0,0.0,0.0,1.0,0.0
MDT,Bear Put Spread,-56.31,340.0,260.0,340.0,42.98,57.02,-0.16561764705882354,-48.00000000000001,0.0,3.0,-2.0000000000000004,-1.9999999999999998,0.0,0.0,0.0,0.0,0.0,0.0,0.0,0.0,0.0,0.0,0.0,0.0,0.0,0.0,0.0,0.0,0.0,0.0,0.0,0.0,0.0,0.0,-1.0,0.0,0.0,0.0,0.0,0.0,0.0,0.0,0.0,0.0,1.0,0.0
MDT,Bear Put Spread,-55.48,326.0,224.0,326.0,43.82,56.18,-0.1701840490797546,-44.00000000000001,0.0,3.0,-2.0000000000000004,-1.9999999999999998,0.0,0.0,0.0,0.0,0.0,0.0,0.0,0.0,0.0,0.0,0.0,0.0,0.0,0.0,0.0,0.0,0.0,0.0,0.0,0.0,0.0,0.0,0.0,-1.0,0.0,0.0,0.0,0.0,0.0,0.0,0.0,0.0,1.0,0.0
MDT,Bear Put Spread,-54.18,317.0,433.0,317.0,36.62,63.38,-0.1709148264984227,-52.0,2.0000000000000004,0.0,0.9999999999999996,-1.9999999999999998,0.0,0.0,0.0,0.0,0.0,0.0,0.0,0.0,0.0,0.0,0.0,0.0,0.0,0.0,0.0,0.0,0.0,-1.0,0.0,0.0,0.0,0.0,0.0,0.0,0.0,0.0,0.0,0.0,0.0,0.0,0.0,1.0,0.0,0.0
MDT,Bear Put Spread,-42.09,245.0,405.0,245.0,34.43,65.57,-0.17179591836734695,-45.0,3.0,-1.0000000000000009,2.0000000000000004,-1.0,0.0,0.0,0.0,0.0,0.0,0.0,0.0,0.0,0.0,0.0,0.0,0.0,0.0,0.0,0.0,0.0,0.0,-1.0,0.0,0.0,0.0,0.0,0.0,0.0,0.0,0.0,0.0,0.0,0.0,1.0,0.0,0.0,0.0,0.0
MDT,Bear Put Spread,-61.47,357.0,293.0,357.0,41.32,58.68,-0.17218487394957982,-51.0,1.0000000000000009,2.0000000000000004,-0.9999999999999996,-1.9999999999999998,0.0,0.0,0.0,0.0,0.0,0.0,0.0,0.0,0.0,0.0,0.0,0.0,0.0,0.0,0.0,0.0,0.0,0.0,0.0,0.0,0.0,-1.0,0.0,0.0,0.0,0.0,0.0,0.0,0.0,0.0,0.0,0.0,1.0,0.0
MDT,Bear Put Spread,-53.78,309.0,391.0,309.0,37.38,62.62,-0.1740453074433657,-50.0,2.0000000000000004,0.0,0.9999999999999996,-1.9999999999999998,0.0,0.0,0.0,0.0,0.0,0.0,0.0,0.0,0.0,0.0,0.0,0.0,0.0,0.0,0.0,0.0,0.0,0.0,-1.0,0.0,0.0,0.0,0.0,0.0,0.0,0.0,0.0,0.0,0.0,0.0,0.0,1.0,0.0,0.0
MDT,Bear Put Spread,-54.13,310.0,190.0,310.0,45.54,54.46,-0.17461290322580647,-41.0,0.0,3.0,-2.0000000000000004,-1.9999999999999998,0.0,0.0,0.0,0.0,0.0,0.0,0.0,0.0,0.0,0.0,0.0,0.0,0.0,0.0,0.0,0.0,0.0,0.0,0.0,0.0,0.0,0.0,0.0,0.0,-1.0,0.0,0.0,0.0,0.0,0.0,0.0,0.0,1.0,0.0
MDT,Bear Put Spread,-43.82,250.0,50.0,250.0,60.14,39.86,-0.17528,-21.999999999999996,-3.0,3.0000000000000004,-3.0000000000000004,-0.9999999999999999,0.0,0.0,0.0,0.0,0.0,0.0,0.0,0.0,0.0,0.0,0.0,0.0,0.0,0.0,0.0,0.0,0.0,0.0,0.0,0.0,0.0,0.0,0.0,0.0,0.0,0.0,0.0,0.0,0.0,-1.0,0.0,0.0,0.0,1.0
MDT,Bear Put Spread,-41.69,237.0,363.0,237.0,35.15,64.85,-0.17590717299578057,-43.00000000000001,3.0,-1.0000000000000009,2.0000000000000004,-1.0,0.0,0.0,0.0,0.0,0.0,0.0,0.0,0.0,0.0,0.0,0.0,0.0,0.0,0.0,0.0,0.0,0.0,0.0,-1.0,0.0,0.0,0.0,0.0,0.0,0.0,0.0,0.0,0.0,0.0,1.0,0.0,0.0,0.0,0.0
MDT,Bear Put Spread,-53.31,300.0,350.0,300.0,38.14,61.86,-0.1777,-48.0,1.0000000000000009,1.0000000000000009,0.0,-1.9999999999999998,0.0,0.0,0.0,0.0,0.0,0.0,0.0,0.0,0.0,0.0,0.0,0.0,0.0,0.0,0.0,0.0,0.0,0.0,0.0,-1.0,0.0,0.0,0.0,0.0,0.0,0.0,0.0,0.0,0.0,0.0,0.0,1.0,0.0,0.0
MDT,Bear Put Spread,-50.3,282.0,418.0,282.0,35.88,64.12,-0.17836879432624111,-49.00000000000001,3.0,-1.0000000000000009,2.0000000000000004,-1.0,0.0,0.0,0.0,0.0,0.0,0.0,0.0,0.0,0.0,0.0,0.0,0.0,0.0,0.0,0.0,0.0,0.0,-1.0,0.0,0.0,0.0,0.0,0.0,0.0,0.0,0.0,0.0,0.0,0.0,0.0,1.0,0.0,0.0,0.0
MDT,Bear Put Spread,-52.4,292.0,158.0,292.0,47.29,52.71,-0.17945205479452053,-37.00000000000001,-0.9999999999999996,3.0,-2.0000000000000004,-0.9999999999999999,0.0,0.0,0.0,0.0,0.0,0.0,0.0,0.0,0.0,0.0,0.0,0.0,0.0,0.0,0.0,0.0,0.0,0.0,0.0,0.0,0.0,0.0,0.0,0.0,0.0,-1.0,0.0,0.0,0.0,0.0,0.0,0.0,1.0,0.0
MDT,Bear Put Spread,-41.21,228.0,322.0,228.0,35.88,64.12,-0.1807456140350877,-41.0,2.0000000000000004,0.0,1.0000000000000009,-1.0,0.0,0.0,0.0,0.0,0.0,0.0,0.0,0.0,0.0,0.0,0.0,0.0,0.0,0.0,0.0,0.0,0.0,0.0,0.0,-1.0,0.0,0.0,0.0,0.0,0.0,0.0,0.0,0.0,0.0,1.0,0.0,0.0,0.0,0.0
MDT,Bear Put Spread,-49.9,274.0,376.0,274.0,35.88,64.12,-0.18211678832116787,-47.00000000000001,3.0,-1.0000000000000009,2.0000000000000004,-1.0,0.0,0.0,0.0,0.0,0.0,0.0,0.0,0.0,0.0,0.0,0.0,0.0,0.0,0.0,0.0,0.0,0.0,0.0,-1.0,0.0,0.0,0.0,0.0,0.0,0.0,0.0,0.0,0.0,0.0,0.0,1.0,0.0,0.0,0.0
MDT,Bear Put Spread,-52.84,290.0,310.0,290.0,38.92,61.08,-0.18220689655172415,-44.99999999999999,1.0000000000000009,1.0000000000000009,0.0,-1.9999999999999998,0.0,0.0,0.0,0.0,0.0,0.0,0.0,0.0,0.0,0.0,0.0,0.0,0.0,0.0,0.0,0.0,0.0,0.0,0.0,0.0,-1.0,0.0,0.0,0.0,0.0,0.0,0.0,0.0,0.0,0.0,0.0,1.0,0.0,0.0
MDT,Bear Put Spread,-50.43,272.0,128.0,272.0,49.07,50.93,-0.18540441176470587,-33.00000000000001,-0.9999999999999996,3.0,-2.0000000000000004,-0.9999999999999999,0.0,0.0,0.0,0.0,0.0,0.0,0.0,0.0,0.0,0.0,0.0,0.0,0.0,0.0,0.0,0.0,0.0,0.0,0.0,0.0,0.0,0.0,0.0,0.0,0.0,0.0,-1.0,0.0,0.0,0.0,0.0,0.0,1.0,0.0
MDT,Bear Put Spread,-49.42,265.0,335.0,265.0,36.62,63.38,-0.18649056603773587,-45.00000000000001,2.0000000000000004,0.0,1.0000000000000009,-1.0,0.0,0.0,0.0,0.0,0.0,0.0,0.0,0.0,0.0,0.0,0.0,0.0,0.0,0.0,0.0,0.0,0.0,0.0,0.0,-1.0,0.0,0.0,0.0,0.0,0.0,0.0,0.0,0.0,0.0,0.0,1.0,0.0,0.0,0.0
MDT,Bear Put Spread,-40.74,218.0,282.0,218.0,36.62,63.38,-0.18688073394495414,-38.0,2.0000000000000004,0.0,1.0000000000000009,-1.0,0.0,0.0,0.0,0.0,0.0,0.0,0.0,0.0,0.0,0.0,0.0,0.0,0.0,0.0,0.0,0.0,0.0,0.0,0.0,0.0,-1.0,0.0,0.0,0.0,0.0,0.0,0.0,0.0,0.0,1.0,0.0,0.0,0.0,0.0
MDT,Bear Put Spread,-50.31,265.0,235.0,265.0,40.51,59.49,-0.1898490566037736,-38.99999999999999,0.0,2.0000000000000004,-1.0000000000000009,-1.9999999999999998,0.0,0.0,0.0,0.0,0.0,0.0,0.0,0.0,0.0,0.0,0.0,0.0,0.0,0.0,0.0,0.0,0.0,0.0,0.0,0.0,0.0,0.0,-1.0,0.0,0.0,0.0,0.0,0.0,0.0,0.0,0.0,1.0,0.0,0.0
MDT,Bear Put Spread,-48.95,255.0,295.0,255.0,37.38,62.62,-0.1919607843137255,-42.00000000000001,2.0000000000000004,0.0,1.0000000000000009,-1.0,0.0,0.0,0.0,0.0,0.0,0.0,0.0,0.0,0.0,0.0,0.0,0.0,0.0,0.0,0.0,0.0,0.0,0.0,0.0,0.0,-1.0,0.0,0.0,0.0,0.0,0.0,0.0,0.0,0.0,0.0,1.0,0.0,0.0,0.0
MDT,Bear Put Spread,-42.61,220.0,30.0,220.0,62.93,37.07,-0.19368181818181818,-17.999999999999993,-3.0,3.0000000000000004,-3.0000000000000004,-0.9999999999999999,0.0,0.0,0.0,0.0,0.0,0.0,0.0,0.0,0.0,0.0,0.0,0.0,0.0,0.0,0.0,0.0,0.0,0.0,0.0,0.0,0.0,0.0,0.0,0.0,0.0,0.0,0.0,0.0,0.0,0.0,-1.0,0.0,0.0,1.0
MDT,Bear Put Spread,-55.47,282.0,268.0,282.0,39.71,60.29,-0.19670212765957445,-42.0,1.0000000000000009,1.0000000000000009,0.0,-1.9999999999999998,0.0,0.0,0.0,0.0,0.0,0.0,0.0,0.0,0.0,0.0,0.0,0.0,0.0,0.0,0.0,0.0,0.0,0.0,0.0,0.0,0.0,-1.0,0.0,0.0,0.0,0.0,0.0,0.0,0.0,0.0,0.0,1.0,0.0,0.0
MDT,Bear Put Spread,-49.49,251.0,199.0,251.0,42.15,57.85,-0.19717131474103586,-35.0,0.0,2.0000000000000004,-1.0000000000000009,-1.9999999999999998,0.0,0.0,0.0,0.0,0.0,0.0,0.0,0.0,0.0,0.0,0.0,0.0,0.0,0.0,0.0,0.0,0.0,0.0,0.0,0.0,0.0,0.0,0.0,-1.0,0.0,0.0,0.0,0.0,0.0,0.0,0.0,1.0,0.0,0.0
MDT,Bear Put Spread,-38.22,193.0,207.0,193.0,38.14,61.86,-0.19803108808290154,-32.0,0.9999999999999996,0.9999999999999996,0.0,-1.0,0.0,0.0,0.0,0.0,0.0,0.0,0.0,0.0,0.0,0.0,0.0,0.0,0.0,0.0,0.0,0.0,0.0,0.0,0.0,0.0,0.0,0.0,-1.0,0.0,0.0,0.0,0.0,0.0,0.0,1.0,0.0,0.0,0.0,0.0
MDT,Bear Put Spread,-46.43,230.0,220.0,230.0,39.71,60.29,-0.2018695652173913,-36.00000000000001,0.9999999999999996,0.9999999999999996,0.0,-1.0,0.0,0.0,0.0,0.0,0.0,0.0,0.0,0.0,0.0,0.0,0.0,0.0,0.0,0.0,0.0,0.0,0.0,0.0,0.0,0.0,0.0,0.0,-1.0,0.0,0.0,0.0,0.0,0.0,0.0,0.0,1.0,0.0,0.0,0.0
MDT,Bear Put Spread,-48.13,235.0,165.0,235.0,42.98,57.02,-0.20480851063829789,-31.999999999999996,0.0,2.0000000000000004,-1.0000000000000009,-1.9999999999999998,0.0,0.0,0.0,0.0,0.0,0.0,0.0,0.0,0.0,0.0,0.0,0.0,0.0,0.0,0.0,0.0,0.0,0.0,0.0,0.0,0.0,0.0,0.0,0.0,-1.0,0.0,0.0,0.0,0.0,0.0,0.0,1.0,0.0,0.0
MDT,Bear Put Spread,-46.42,226.0,74.0,226.0,52.71,47.29,-0.2053982300884956,-25.0,-0.9999999999999996,3.0,-2.0000000000000004,-0.9999999999999999,0.0,0.0,0.0,0.0,0.0,0.0,0.0,0.0,0.0,0.0,0.0,0.0,0.0,0.0,0.0,0.0,0.0,0.0,0.0,0.0,0.0,0.0,0.0,0.0,0.0,0.0,0.0,-1.0,0.0,0.0,0.0,0.0,1.0,0.0
MDT,Bear Put Spread,-43.37,210.0,240.0,210.0,37.38,62.62,-0.2065238095238095,-35.0,2.0000000000000004,0.0,1.0000000000000009,-1.0,0.0,0.0,0.0,0.0,0.0,0.0,0.0,0.0,0.0,0.0,0.0,0.0,0.0,0.0,0.0,0.0,0.0,0.0,0.0,0.0,0.0,-1.0,0.0,0.0,0.0,0.0,0.0,0.0,0.0,1.0,0.0,0.0,0.0,0.0
MDT,Bear Put Spread,-51.58,247.0,253.0,247.0,38.14,61.86,-0.20882591093117409,-39.00000000000001,2.0000000000000004,0.0,1.0000000000000009,-1.0,0.0,0.0,0.0,0.0,0.0,0.0,0.0,0.0,0.0,0.0,0.0,0.0,0.0,0.0,0.0,0.0,0.0,0.0,0.0,0.0,0.0,-1.0,0.0,0.0,0.0,0.0,0.0,0.0,0.0,0.0,1.0,0.0,0.0,0.0
MDT,Bear Put Spread,-37.39,179.0,171.0,179.0,39.71,60.29,-0.2088826815642458,-28.000000000000004,0.9999999999999996,0.9999999999999996,0.0,-1.0,0.0,0.0,0.0,0.0,0.0,0.0,0.0,0.0,0.0,0.0,0.0,0.0,0.0,0.0,0.0,0.0,0.0,0.0,0.0,0.0,0.0,0.0,0.0,-1.0,0.0,0.0,0.0,0.0,0.0,1.0,0.0,0.0,0.0,0.0
MDT,Bear Put Spread,-38.73,185.0,15.0,185.0,65.68,34.32,-0.20935135135135133,-15.000000000000002,-2.0000000000000004,1.9999999999999998,-1.9999999999999998,0.0,0.0,0.0,0.0,0.0,0.0,0.0,0.0,0.0,0.0,0.0,0.0,0.0,0.0,0.0,0.0,0.0,0.0,0.0,0.0,0.0,0.0,0.0,0.0,0.0,0.0,0.0,0.0,0.0,0.0,0.0,0.0,-1.0,0.0,1.0
MDT,Bear Put Spread,-45.6,216.0,184.0,216.0,40.51,59.49,-0.2111111111111111,-32.00000000000001,0.9999999999999996,0.9999999999999996,0.0,-1.0,0.0,0.0,0.0,0.0,0.0,0.0,0.0,0.0,0.0,0.0,0.0,0.0,0.0,0.0,0.0,0.0,0.0,0.0,0.0,0.0,0.0,0.0,0.0,-1.0,0.0,0.0,0.0,0.0,0.0,0.0,1.0,0.0,0.0,0.0
MDT,Bear Put Spread,-46.4,217.0,133.0,217.0,44.68,55.32,-0.21382488479262673,-27.999999999999996,-0.9999999999999996,2.0000000000000004,-1.0000000000000009,-0.9999999999999999,0.0,0.0,0.0,0.0,0.0,0.0,0.0,0.0,0.0,0.0,0.0,0.0,0.0,0.0,0.0,0.0,0.0,0.0,0.0,0.0,0.0,0.0,0.0,0.0,0.0,-1.0,0.0,0.0,0.0,0.0,0.0,1.0,0.0,0.0
MDT,Bear Put Spread,-41.76,194.00000000000003,356.0,194.00000000000003,31.02,68.98,-0.21525773195876285,-36.00000000000001,3.0,-2.0000000000000004,2.0000000000000004,-1.0,0.0,0.0,0.0,0.0,0.0,0.0,0.0,0.0,0.0,0.0,0.0,0.0,0.0,0.0,0.0,0.0,0.0,-1.0,0.0,0.0,0.0,0.0,0.0,0.0,0.0,0.0,0.0,1.0,0.0,0.0,0.0,0.0,0.0,0.0
MDT,Bear Put Spread,-48.56,225.0,375.0,225.0,32.35,67.65,-0.21582222222222222,-40.0,3.0,-2.0000000000000004,2.0000000000000004,-1.0,0.0,0.0,0.0,0.0,0.0,0.0,0.0,0.0,0.0,0.0,0.0,0.0,0.0,0.0,0.0,0.0,0.0,-1.0,0.0,0.0,0.0,0.0,0.0,0.0,0.0,0.0,0.0,0.0,1.0,0.0,0.0,0.0,0.0,0.0
MDT,Bear Put Spread,-36.04,163.0,137.0,163.0,40.51,59.49,-0.2211042944785276,-25.0,0.9999999999999996,0.9999999999999996,0.0,-1.0,0.0,0.0,0.0,0.0,0.0,0.0,0.0,0.0,0.0,0.0,0.0,0.0,0.0,0.0,0.0,0.0,0.0,0.0,0.0,0.0,0.0,0.0,0.0,0.0,-1.0,0.0,0.0,0.0,0.0,1.0,0.0,0.0,0.0,0.0
MDT,Bear Put Spread,-44.25,200.0,150.0,200.0,42.15,57.85,-0.22125,-29.000000000000004,0.9999999999999996,0.9999999999999996,0.0,-1.0,0.0,0.0,0.0,0.0,0.0,0.0,0.0,0.0,0.0,0.0,0.0,0.0,0.0,0.0,0.0,0.0,0.0,0.0,0.0,0.0,0.0,0.0,0.0,0.0,-1.0,0.0,0.0,0.0,0.0,0.0,1.0,0.0,0.0,0.0
MDT,Bear Put Spread,-48.16,217.0,333.0,217.0,33.03,66.97,-0.22193548387096773,-38.0,3.0,-2.0000000000000004,2.0000000000000004,-1.0,0.0,0.0,0.0,0.0,0.0,0.0,0.0,0.0,0.0,0.0,0.0,0.0,0.0,0.0,0.0,0.0,0.0,0.0,-1.0,0.0,0.0,0.0,0.0,0.0,0.0,0.0,0.0,0.0,1.0,0.0,0.0,0.0,0.0,0.0
MDT,Bear Put Spread,-41.36,186.00000000000003,314.0,186.00000000000003,31.68,68.32,-0.22236559139784942,-34.00000000000001,3.0,-2.0000000000000004,2.0000000000000004,-1.0,0.0,0.0,0.0,0.0,0.0,0.0,0.0,0.0,0.0,0.0,0.0,0.0,0.0,0.0,0.0,0.0,0.0,0.0,-1.0,0.0,0.0,0.0,0.0,0.0,0.0,0.0,0.0,1.0,0.0,0.0,0.0,0.0,0.0,0.0
MDT,Bear Put Spread,-44.44,197.0,103.0,197.0,46.41,53.59,-0.22558375634517766,-24.0,-0.9999999999999996,2.0000000000000004,-1.0000000000000009,-0.9999999999999999,0.0,0.0,0.0,0.0,0.0,0.0,0.0,0.0,0.0,0.0,0.0,0.0,0.0,0.0,0.0,0.0,0.0,0.0,0.0,0.0,0.0,0.0,0.0,0.0,0.0,0.0,-1.0,0.0,0.0,0.0,0.0,1.0,0.0,0.0
MDT,Bear Put Spread,-47.69,208.0,292.0,208.0,33.72,66.28,-0.22927884615384614,-36.0,2.0000000000000004,-0.9999999999999996,1.0000000000000009,-1.0,0.0,0.0,0.0,0.0,0.0,0.0,0.0,0.0,0.0,0.0,0.0,0.0,0.0,0.0,0.0,0.0,0.0,0.0,0.0,-1.0,0.0,0.0,0.0,0.0,0.0,0.0,0.0,0.0,1.0,0.0,0.0,0.0,0.0,0.0
MDT,Bear Put Spread,-46.62,201.99999999999997,48.00000000000003,201.99999999999997,55.48,44.52,-0.2307920792079208,-21.000000000000007,-0.9999999999999996,3.0,-2.0000000000000004,-0.9999999999999999,0.0,0.0,0.0,0.0,0.0,0.0,0.0,0.0,0.0,0.0,0.0,0.0,0.0,0.0,0.0,0.0,0.0,0.0,0.0,0.0,0.0,0.0,0.0,0.0,0.0,0.0,0.0,0.0,-1.0,0.0,0.0,0.0,1.0,0.0
MDT,Bear Put Spread,-40.89,177.00000000000003,273.0,177.00000000000003,32.35,67.65,-0.23101694915254234,-32.00000000000001,2.0000000000000004,-0.9999999999999996,1.0000000000000009,-1.0,0.0,0.0,0.0,0.0,0.0,0.0,0.0,0.0,0.0,0.0,0.0,0.0,0.0,0.0,0.0,0.0,0.0,0.0,0.0,-1.0,0.0,0.0,0.0,0.0,0.0,0.0,0.0,1.0,0.0,0.0,0.0,0.0,0.0,0.0
MDT,Bear Put Spread,-42.51,182.0,118.0,182.0,43.82,56.18,-0.23357142857142857,-25.000000000000007,0.0,0.9999999999999996,0.0,0.0,0.0,0.0,0.0,0.0,0.0,0.0,0.0,0.0,0.0,0.0,0.0,0.0,0.0,0.0,0.0,0.0,0.0,0.0,0.0,0.0,0.0,0.0,0.0,0.0,0.0,-1.0,0.0,0.0,0.0,0.0,1.0,0.0,0.0,0.0
MDT,Bear Put Spread,-34.3,145.0,105.0,145.0,42.15,57.85,-0.23655172413793102,-21.000000000000004,0.0,0.9999999999999996,0.0,0.0,0.0,0.0,0.0,0.0,0.0,0.0,0.0,0.0,0.0,0.0,0.0,0.0,0.0,0.0,0.0,0.0,0.0,0.0,0.0,0.0,0.0,0.0,0.0,0.0,0.0,-1.0,0.0,0.0,0.0,1.0,0.0,0.0,0.0,0.0
MDT,Bear Put Spread,-47.22,198.0,252.0,198.0,34.43,65.57,-0.23848484848484847,-32.99999999999999,2.0000000000000004,-0.9999999999999996,1.0000000000000009,-1.0,0.0,0.0,0.0,0.0,0.0,0.0,0.0,0.0,0.0,0.0,0.0,0.0,0.0,0.0,0.0,0.0,0.0,0.0,0.0,0.0,-1.0,0.0,0.0,0.0,0.0,0.0,0.0,0.0,1.0,0.0,0.0,0.0,0.0,0.0
MDT,Bear Put Spread,-40.42,167.00000000000003,232.99999999999997,167.00000000000003,33.03,66.97,-0.24203592814371255,-29.000000000000004,2.0000000000000004,-0.9999999999999996,1.0000000000000009,-1.0,0.0,0.0,0.0,0.0,0.0,0.0,0.0,0.0,0.0,0.0,0.0,0.0,0.0,0.0,0.0,0.0,0.0,0.0,0.0,0.0,-1.0,0.0,0.0,0.0,0.0,0.0,0.0,1.0,0.0,0.0,0.0,0.0,0.0,0.0
MDT,Bear Put Spread,-35.74,146.0,304.0,146.0,27.92,72.08,-0.24479452054794523,-27.999999999999996,3.0,-2.0000000000000004,2.0000000000000004,-1.0,0.0,0.0,0.0,0.0,0.0,0.0,0.0,0.0,0.0,0.0,0.0,0.0,0.0,0.0,0.0,0.0,0.0,-1.0,0.0,0.0,0.0,0.0,0.0,0.0,0.0,0.0,1.0,0.0,0.0,0.0,0.0,0.0,0.0,0.0
MDT,Bear Put Spread,-40.55,162.0,88.0,162.0,45.54,54.46,-0.2503086419753086,-21.000000000000007,0.0,0.9999999999999996,0.0,0.0,0.0,0.0,0.0,0.0,0.0,0.0,0.0,0.0,0.0,0.0,0.0,0.0,0.0,0.0,0.0,0.0,0.0,0.0,0.0,0.0,0.0,0.0,0.0,0.0,0.0,0.0,-1.0,0.0,0.0,0.0,1.0,0.0,0.0,0.0
MDT,Bear Put Spread,-35.35,138.0,262.0,138.0,28.52,71.48,-0.25615942028985506,-26.0,3.0,-2.0000000000000004,2.0000000000000004,-1.0,0.0,0.0,0.0,0.0,0.0,0.0,0.0,0.0,0.0,0.0,0.0,0.0,0.0,0.0,0.0,0.0,0.0,0.0,-1.0,0.0,0.0,0.0,0.0,0.0,0.0,0.0,1.0,0.0,0.0,0.0,0.0,0.0,0.0,0.0
MDT,Bear Put Spread,-44.69,173.0,177.0,173.0,35.88,64.12,-0.2583236994219653,-26.999999999999996,0.9999999999999996,0.0,0.0,-1.0,0.0,0.0,0.0,0.0,0.0,0.0,0.0,0.0,0.0,0.0,0.0,0.0,0.0,0.0,0.0,0.0,0.0,0.0,0.0,0.0,0.0,0.0,-1.0,0.0,0.0,0.0,0.0,0.0,1.0,0.0,0.0,0.0,0.0,0.0
MDT,Bear Put Spread,-32.34,125.0,75.0,125.0,43.82,56.18,-0.25872,-17.000000000000004,0.0,0.9999999999999996,0.0,0.0,0.0,0.0,0.0,0.0,0.0,0.0,0.0,0.0,0.0,0.0,0.0,0.0,0.0,0.0,0.0,0.0,0.0,0.0,0.0,0.0,0.0,0.0,0.0,0.0,0.0,0.0,-1.0,0.0,0.0,1.0,0.0,0.0,0.0,0.0
MDT,Bear Put Spread,-49.85,190.0,210.0,190.0,35.15,64.85,-0.2623684210526316,-30.0,2.0000000000000004,-0.9999999999999996,1.0000000000000009,-1.0,0.0,0.0,0.0,0.0,0.0,0.0,0.0,0.0,0.0,0.0,0.0,0.0,0.0,0.0,0.0,0.0,0.0,0.0,0.0,0.0,0.0,-1.0,0.0,0.0,0.0,0.0,0.0,0.0,1.0,0.0,0.0,0.0,0.0,0.0
MDT,Bear Put Spread,-46.09,175.0,25.0,175.0,57.35,42.65,-0.2633714285714286,-16.000000000000004,-0.9999999999999996,2.0000000000000004,-2.0000000000000004,-0.9999999999999999,0.0,0.0,0.0,0.0,0.0,0.0,0.0,0.0,0.0,0.0,0.0,0.0,0.0,0.0,0.0,0.0,0.0,0.0,0.0,0.0,0.0,0.0,0.0,0.0,0.0,0.0,0.0,0.0,0.0,-1.0,0.0,0.0,1.0,0.0
MDT,Bear Put Spread,-37.89,142.00000000000003,157.99999999999997,142.00000000000003,35.15,64.85,-0.2668309859154929,-23.000000000000004,0.9999999999999996,0.0,0.0,-1.0,0.0,0.0,0.0,0.0,0.0,0.0,0.0,0.0,0.0,0.0,0.0,0.0,0.0,0.0,0.0,0.0,0.0,0.0,0.0,0.0,0.0,0.0,-1.0,0.0,0.0,0.0,0.0,1.0,0.0,0.0,0.0,0.0,0.0,0.0
MDT,Bear Put Spread,-40.42,151.0,49.0,151.0,50.88,49.12,-0.267682119205298,-15.999999999999993,-0.9999999999999996,2.0000000000000004,-1.0000000000000009,-0.9999999999999999,0.0,0.0,0.0,0.0,0.0,0.0,0.0,0.0,0.0,0.0,0.0,0.0,0.0,0.0,0.0,0.0,0.0,0.0,0.0,0.0,0.0,0.0,0.0,0.0,0.0,0.0,0.0,-1.0,0.0,0.0,0.0,1.0,0.0,0.0
MDT,Bear Put Spread,-34.87,129.0,221.0,129.0,29.13,70.87,-0.2703100775193798,-23.999999999999996,2.0000000000000004,-0.9999999999999996,1.0000000000000009,-1.0,0.0,0.0,0.0,0.0,0.0,0.0,0.0,0.0,0.0,0.0,0.0,0.0,0.0,0.0,0.0,0.0,0.0,0.0,0.0,-1.0,0.0,0.0,0.0,0.0,0.0,0.0,1.0,0.0,0.0,0.0,0.0,0.0,0.0,0.0
MDT,Bear Put Spread,-43.05,159.00000000000003,190.99999999999997,159.00000000000003,33.72,66.28,-0.270754716981132,-26.000000000000007,2.0000000000000004,-0.9999999999999996,1.0000000000000009,-1.0,0.0,0.0,0.0,0.0,0.0,0.0,0.0,0.0,0.0,0.0,0.0,0.0,0.0,0.0,0.0,0.0,0.0,0.0,0.0,0.0,0.0,-1.0,0.0,0.0,0.0,0.0,0.0,1.0,0.0,0.0,0.0,0.0,0.0,0.0
MDT,Bear Put Spread,-43.86,159.0,141.0,159.0,37.38,62.62,-0.27584905660377357,-23.0,0.9999999999999996,0.0,0.0,-1.0,0.0,0.0,0.0,0.0,0.0,0.0,0.0,0.0,0.0,0.0,0.0,0.0,0.0,0.0,0.0,0.0,0.0,0.0,0.0,0.0,0.0,0.0,0.0,-1.0,0.0,0.0,0.0,0.0,1.0,0.0,0.0,0.0,0.0,0.0
MDT,Bear Put Spread,-35.78,128.0,272.0,128.0,26.2,73.8,-0.27953125,-24.0,3.0,-2.0000000000000004,2.0000000000000004,-1.0,0.0,0.0,0.0,0.0,0.0,0.0,0.0,0.0,0.0,0.0,0.0,0.0,0.0,0.0,0.0,0.0,0.0,-1.0,0.0,0.0,0.0,0.0,0.0,0.0,0.0,1.0,0.0,0.0,0.0,0.0,0.0,0.0,0.0,0.0
MDT,Bear Put Spread,-30.05,106.0,244.0,106.0,24.58,75.42,-0.28349056603773587,-20.0,2.0000000000000004,-2.0000000000000004,2.0000000000000004,0.0,0.0,0.0,0.0,0.0,0.0,0.0,0.0,0.0,0.0,0.0,0.0,0.0,0.0,0.0,0.0,0.0,0.0,-1.0,0.0,0.0,0.0,0.0,0.0,0.0,1.0,0.0,0.0,0.0,0.0,0.0,0.0,0.0,0.0,0.0
MDT,Bear Put Spread,-34.4,119.0,181.0,119.0,29.75,70.25,-0.2890756302521008,-20.999999999999996,2.0000000000000004,-0.9999999999999996,1.0000000000000009,-1.0,0.0,0.0,0.0,0.0,0.0,0.0,0.0,0.0,0.0,0.0,0.0,0.0,0.0,0.0,0.0,0.0,0.0,0.0,0.0,0.0,-1.0,0.0,0.0,0.0,0.0,0.0,1.0,0.0,0.0,0.0,0.0,0.0,0.0,0.0
MDT,Bear Put Spread,-37.07,128.00000000000003,121.99999999999997,128.00000000000003,35.88,64.12,-0.28960937499999995,-19.000000000000007,0.9999999999999996,0.0,0.0,-1.0,0.0,0.0,0.0,0.0,0.0,0.0,0.0,0.0,0.0,0.0,0.0,0.0,0.0,0.0,0.0,0.0,0.0,0.0,0.0,0.0,0.0,0.0,0.0,-1.0,0.0,0.0,0.0,1.0,0.0,0.0,0.0,0.0,0.0,0.0
MDT,Bear Put Spread,-35.38,120.0,230.0,120.0,26.76,73.24,-0.29483333333333334,-22.0,3.0,-2.0000000000000004,2.0000000000000004,-1.0,0.0,0.0,0.0,0.0,0.0,0.0,0.0,0.0,0.0,0.0,0.0,0.0,0.0,0.0,0.0,0.0,0.0,0.0,-1.0,0.0,0.0,0.0,0.0,0.0,0.0,1.0,0.0,0.0,0.0,0.0,0.0,0.0,0.0,0.0
MDT,Bear Put Spread,-25.69,87.0,213.0,87.0,23.05,76.95,-0.2952873563218391,-17.0,2.0000000000000004,-2.0000000000000004,2.0000000000000004,0.0,0.0,0.0,0.0,0.0,0.0,0.0,0.0,0.0,0.0,0.0,0.0,0.0,0.0,0.0,0.0,0.0,0.0,-1.0,0.0,0.0,0.0,0.0,0.0,1.0,0.0,0.0,0.0,0.0,0.0,0.0,0.0,0.0,0.0,0.0
MDT,Bear Put Spread,-42.51,143.0,107.0,143.0,38.14,61.86,-0.29727272727272724,-19.999999999999996,0.9999999999999996,0.0,0.0,-1.0,0.0,0.0,0.0,0.0,0.0,0.0,0.0,0.0,0.0,0.0,0.0,0.0,0.0,0.0,0.0,0.0,0.0,0.0,0.0,0.0,0.0,0.0,0.0,0.0,-1.0,0.0,0.0,0.0,1.0,0.0,0.0,0.0,0.0,0.0
MDT,Bear Put Spread,-29.65,98.0,202.0,98.0,25.11,74.89,-0.30255102040816323,-18.000000000000004,2.0000000000000004,-2.0000000000000004,2.0000000000000004,0.0,0.0,0.0,0.0,0.0,0.0,0.0,0.0,0.0,0.0,0.0,0.0,0.0,0.0,0.0,0.0,0.0,0.0,0.0,-1.0,0.0,0.0,0.0,0.0,0.0,1.0,0.0,0.0,0.0,0.0,0.0,0.0,0.0,0.0,0.0
MDT,Bear Put Spread,-44.88,145.0,5.0,145.0,60.14,39.86,-0.30951724137931036,-12.0,-0.9999999999999996,2.0000000000000004,-2.0000000000000004,-0.9999999999999999,0.0,0.0,0.0,0.0,0.0,0.0,0.0,0.0,0.0,0.0,0.0,0.0,0.0,0.0,0.0,0.0,0.0,0.0,0.0,0.0,0.0,0.0,0.0,0.0,0.0,0.0,0.0,0.0,0.0,0.0,-1.0,0.0,1.0,0.0
MDT,Bear Put Spread,-34.91,111.0,189.0,111.0,27.34,72.66,-0.31450450450450446,-20.0,2.0000000000000004,-0.9999999999999996,1.0000000000000009,-1.0,0.0,0.0,0.0,0.0,0.0,0.0,0.0,0.0,0.0,0.0,0.0,0.0,0.0,0.0,0.0,0.0,0.0,0.0,0.0,-1.0,0.0,0.0,0.0,0.0,0.0,1.0,0.0,0.0,0.0,0.0,0.0,0.0,0.0,0.0
MDT,Bear Put Spread,-36.53,116.0,34.0,116.0,49.07,50.93,-0.3149137931034483,-13.0,0.0,0.9999999999999996,0.0,0.0,0.0,0.0,0.0,0.0,0.0,0.0,0.0,0.0,0.0,0.0,0.0,0.0,0.0,0.0,0.0,0.0,0.0,0.0,0.0,0.0,0.0,0.0,0.0,0.0,0.0,0.0,0.0,-1.0,0.0,0.0,1.0,0.0,0.0,0.0
MDT,Bear Put Spread,-35.71,112.00000000000003,87.99999999999997,112.00000000000003,37.38,62.62,-0.31883928571428566,-16.000000000000004,0.9999999999999996,0.0,0.0,-1.0,0.0,0.0,0.0,0.0,0.0,0.0,0.0,0.0,0.0,0.0,0.0,0.0,0.0,0.0,0.0,0.0,0.0,0.0,0.0,0.0,0.0,0.0,0.0,0.0,-1.0,0.0,0.0,1.0,0.0,0.0,0.0,0.0,0.0,0.0
MDT,Bear Put Spread,-40.62,126.99999999999997,23.00000000000003,126.99999999999997,52.71,47.29,-0.3198425196850394,-12.0,-0.9999999999999996,2.0000000000000004,-1.0000000000000009,-0.9999999999999999,0.0,0.0,0.0,0.0,0.0,0.0,0.0,0.0,0.0,0.0,0.0,0.0,0.0,0.0,0.0,0.0,0.0,0.0,0.0,0.0,0.0,0.0,0.0,0.0,0.0,0.0,0.0,0.0,-1.0,0.0,0.0,1.0,0.0,0.0
MDT,Bear Put Spread,-25.3,79.0,171.0,79.0,23.55,76.45,-0.320253164556962,-15.0,2.0000000000000004,-2.0000000000000004,2.0000000000000004,0.0,0.0,0.0,0.0,0.0,0.0,0.0,0.0,0.0,0.0,0.0,0.0,0.0,0.0,0.0,0.0,0.0,0.0,0.0,-1.0,0.0,0.0,0.0,0.0,1.0,0.0,0.0,0.0,0.0,0.0,0.0,0.0,0.0,0.0,0.0
MDT,Bear Put Spread,-40.78,125.0,75.0,125.0,39.71,60.29,-0.32624000000000003,-15.999999999999998,0.0,0.0,0.0,0.0,0.0,0.0,0.0,0.0,0.0,0.0,0.0,0.0,0.0,0.0,0.0,0.0,0.0,0.0,0.0,0.0,0.0,0.0,0.0,0.0,0.0,0.0,0.0,0.0,0.0,-1.0,0.0,0.0,1.0,0.0,0.0,0.0,0.0,0.0
MDT,Bear Put Spread,-29.17,89.0,161.0,89.0,25.65,74.35,-0.3277528089887641,-16.0,1.0000000000000009,-0.9999999999999996,1.0000000000000009,0.0,0.0,0.0,0.0,0.0,0.0,0.0,0.0,0.0,0.0,0.0,0.0,0.0,0.0,0.0,0.0,0.0,0.0,0.0,0.0,-1.0,0.0,0.0,0.0,0.0,1.0,0.0,0.0,0.0,0.0,0.0,0.0,0.0,0.0,0.0
MDT,Bear Put Spread,-23.87,72.0,178.0,72.0,21.6,78.4,-0.3315277777777778,-13.0,2.0000000000000004,-2.0000000000000004,2.0000000000000004,0.0,0.0,0.0,0.0,0.0,0.0,0.0,0.0,0.0,0.0,0.0,0.0,0.0,0.0,0.0,0.0,0.0,0.0,-1.0,0.0,0.0,0.0,0.0,1.0,0.0,0.0,0.0,0.0,0.0,0.0,0.0,0.0,0.0,0.0,0.0
MDT,Bear Put Spread,-37.03,111.0,139.0,111.0,30.38,69.62,-0.33360360360360364,-18.0,2.0000000000000004,-0.9999999999999996,1.0000000000000009,-1.0,0.0,0.0,0.0,0.0,0.0,0.0,0.0,0.0,0.0,0.0,0.0,0.0,0.0,0.0,0.0,0.0,0.0,0.0,0.0,0.0,0.0,-1.0,0.0,0.0,0.0,0.0,1.0,0.0,0.0,0.0,0.0,0.0,0.0,0.0
MDT,Bear Put Spread,-31.87,94.0,106.0,94.0,31.02,68.98,-0.33904255319148935,-14.999999999999996,0.9999999999999996,0.0,0.0,-1.0,0.0,0.0,0.0,0.0,0.0,0.0,0.0,0.0,0.0,0.0,0.0,0.0,0.0,0.0,0.0,0.0,0.0,0.0,0.0,0.0,0.0,0.0,-1.0,0.0,0.0,0.0,1.0,0.0,0.0,0.0,0.0,0.0,0.0,0.0
MDT,Bear Put Spread,-34.44,101.0,149.0,101.0,27.92,72.08,-0.34099009900990096,-17.0,2.0000000000000004,-0.9999999999999996,1.0000000000000009,-1.0,0.0,0.0,0.0,0.0,0.0,0.0,0.0,0.0,0.0,0.0,0.0,0.0,0.0,0.0,0.0,0.0,0.0,0.0,0.0,0.0,-1.0,0.0,0.0,0.0,0.0,1.0,0.0,0.0,0.0,0.0,0.0,0.0,0.0,0.0
MDT,Bear Put Spread,-24.82,70.0,130.0,70.0,24.06,75.94,-0.3545714285714286,-12.999999999999998,1.0000000000000009,-0.9999999999999996,1.0000000000000009,0.0,0.0,0.0,0.0,0.0,0.0,0.0,0.0,0.0,0.0,0.0,0.0,0.0,0.0,0.0,0.0,0.0,0.0,0.0,0.0,-1.0,0.0,0.0,0.0,1.0,0.0,0.0,0.0,0.0,0.0,0.0,0.0,0.0,0.0,0.0
MDT,Bear Put Spread,-28.33,79.0,21.0,79.0,48.18,51.82,-0.35860759493670885,-8.999999999999996,0.0,0.9999999999999996,0.0,0.0,0.0,0.0,0.0,0.0,0.0,0.0,0.0,0.0,0.0,0.0,0.0,0.0,0.0,0.0,0.0,0.0,0.0,0.0,0.0,0.0,0.0,0.0,0.0,0.0,0.0,0.0,0.0,-1.0,0.0,1.0,0.0,0.0,0.0,0.0
MDT,Bear Put Spread,-33.98,94.00000000000003,55.99999999999997,94.00000000000003,38.14,61.86,-0.36148936170212753,-12.000000000000005,0.0,0.0,0.0,0.0,0.0,0.0,0.0,0.0,0.0,0.0,0.0,0.0,0.0,0.0,0.0,0.0,0.0,0.0,0.0,0.0,0.0,0.0,0.0,0.0,0.0,0.0,0.0,0.0,0.0,-1.0,0.0,1.0,0.0,0.0,0.0,0.0,0.0,0.0
MDT,Bear Put Spread,-28.7,79.0,121.0,79.0,26.2,73.8,-0.3632911392405063,-13.0,1.0000000000000009,-0.9999999999999996,1.0000000000000009,0.0,0.0,0.0,0.0,0.0,0.0,0.0,0.0,0.0,0.0,0.0,0.0,0.0,0.0,0.0,0.0,0.0,0.0,0.0,0.0,0.0,-1.0,0.0,0.0,0.0,1.0,0.0,0.0,0.0,0.0,0.0,0.0,0.0,0.0,0.0
MDT,Bear Put Spread,-23.47,64.0,136.0,64.0,21.6,78.4,-0.36671875,-11.000000000000002,2.0000000000000004,-2.0000000000000004,2.0000000000000004,0.0,0.0,0.0,0.0,0.0,0.0,0.0,0.0,0.0,0.0,0.0,0.0,0.0,0.0,0.0,0.0,0.0,0.0,0.0,-1.0,0.0,0.0,0.0,1.0,0.0,0.0,0.0,0.0,0.0,0.0,0.0,0.0,0.0,0.0,0.0
MDT,Bear Put Spread,-38.81,105.0,45.0,105.0,41.32,58.68,-0.3696190476190476,-12.0,0.0,0.0,0.0,0.0,0.0,0.0,0.0,0.0,0.0,0.0,0.0,0.0,0.0,0.0,0.0,0.0,0.0,0.0,0.0,0.0,0.0,0.0,0.0,0.0,0.0,0.0,0.0,0.0,0.0,0.0,-1.0,0.0,1.0,0.0,0.0,0.0,0.0,0.0
MDT,Bear Put Spread,-31.05,80.0,70.0,80.0,32.35,67.65,-0.388125,-10.999999999999998,0.9999999999999996,0.0,0.0,-1.0,0.0,0.0,0.0,0.0,0.0,0.0,0.0,0.0,0.0,0.0,0.0,0.0,0.0,0.0,0.0,0.0,0.0,0.0,0.0,0.0,0.0,0.0,0.0,-1.0,0.0,0.0,1.0,0.0,0.0,0.0,0.0,0.0,0.0,0.0
MDT,Bear Put Spread,-37.07,93.0,107.0,93.0,27.92,72.08,-0.3986021505376344,-14.000000000000002,2.0000000000000004,-0.9999999999999996,1.0000000000000009,-1.0,0.0,0.0,0.0,0.0,0.0,0.0,0.0,0.0,0.0,0.0,0.0,0.0,0.0,0.0,0.0,0.0,0.0,0.0,0.0,0.0,0.0,-1.0,0.0,0.0,0.0,1.0,0.0,0.0,0.0,0.0,0.0,0.0,0.0,0.0
MDT,Bear Put Spread,-36.74,91.99999999999997,8.000000000000028,91.99999999999997,51.79,48.21,-0.3993478260869567,-9.000000000000007,0.0,0.9999999999999996,0.0,0.0,0.0,0.0,0.0,0.0,0.0,0.0,0.0,0.0,0.0,0.0,0.0,0.0,0.0,0.0,0.0,0.0,0.0,0.0,0.0,0.0,0.0,0.0,0.0,0.0,0.0,0.0,0.0,0.0,-1.0,0.0,1.0,0.0,0.0,0.0
MDT,Bear Put Spread,-24.71,60.999999999999986,139.0,60.999999999999986,19.8,80.2,-0.40508196721311485,-9.999999999999998,0.9999999999999996,-1.0000000000000009,0.9999999999999996,0.0,0.0,0.0,0.0,0.0,0.0,0.0,0.0,0.0,0.0,0.0,0.0,0.0,0.0,0.0,0.0,0.0,0.0,-1.0,0.0,0.0,0.0,1.0,0.0,0.0,0.0,0.0,0.0,0.0,0.0,0.0,0.0,0.0,0.0,0.0
MDT,Bear Put Spread,-24.35,60.0,90.0,60.0,24.58,75.42,-0.4058333333333334,-9.999999999999998,1.0000000000000009,-0.9999999999999996,1.0000000000000009,0.0,0.0,0.0,0.0,0.0,0.0,0.0,0.0,0.0,0.0,0.0,0.0,0.0,0.0,0.0,0.0,0.0,0.0,0.0,0.0,0.0,-1.0,0.0,0.0,1.0,0.0,0.0,0.0,0.0,0.0,0.0,0.0,0.0,0.0,0.0
MDT,Bear Put Spread,-23.0,55.0,95.0,55.0,22.07,77.93,-0.41818181818181815,-9.0,1.0000000000000009,-0.9999999999999996,1.0000000000000009,0.0,0.0,0.0,0.0,0.0,0.0,0.0,0.0,0.0,0.0,0.0,0.0,0.0,0.0,0.0,0.0,0.0,0.0,0.0,0.0,-1.0,0.0,0.0,1.0,0.0,0.0,0.0,0.0,0.0,0.0,0.0,0.0,0.0,0.0,0.0
MDT,Bear Put Spread,-31.91,76.0,74.0,76.0,29.13,70.87,-0.41986842105263156,-10.999999999999998,0.9999999999999996,0.0,0.0,-1.0,0.0,0.0,0.0,0.0,0.0,0.0,0.0,0.0,0.0,0.0,0.0,0.0,0.0,0.0,0.0,0.0,0.0,0.0,0.0,0.0,0.0,0.0,-1.0,0.0,0.0,1.0,0.0,0.0,0.0,0.0,0.0,0.0,0.0,0.0
MDT,Bear Put Spread,-19.34,45.0,105.0,45.0,18.13,81.87,-0.42977777777777776,-7.000000000000001,0.9999999999999996,-1.0000000000000009,0.9999999999999996,0.0,0.0,0.0,0.0,0.0,0.0,0.0,0.0,0.0,0.0,0.0,0.0,0.0,0.0,0.0,0.0,0.0,0.0,-1.0,0.0,0.0,1.0,0.0,0.0,0.0,0.0,0.0,0.0,0.0,0.0,0.0,0.0,0.0,0.0,0.0
MDT,Bear Put Spread,-32.02,74.00000000000003,25.99999999999997,74.00000000000003,39.71,60.29,-0.43270270270270256,-8.000000000000007,0.0,0.0,0.0,0.0,0.0,0.0,0.0,0.0,0.0,0.0,0.0,0.0,0.0,0.0,0.0,0.0,0.0,0.0,0.0,0.0,0.0,0.0,0.0,0.0,0.0,0.0,0.0,0.0,0.0,0.0,-1.0,1.0,0.0,0.0,0.0,0.0,0.0,0.0
MDT,Bear Put Spread,-31.34,71.0,79.0,71.0,26.76,73.24,-0.44140845070422535,-10.000000000000004,1.0000000000000009,-0.9999999999999996,1.0000000000000009,0.0,0.0,0.0,0.0,0.0,0.0,0.0,0.0,0.0,0.0,0.0,0.0,0.0,0.0,0.0,0.0,0.0,0.0,0.0,0.0,0.0,0.0,-1.0,0.0,0.0,1.0,0.0,0.0,0.0,0.0,0.0,0.0,0.0,0.0,0.0
MDT,Bear Put Spread,-24.31,52.999999999999986,97.00000000000001,52.999999999999986,19.8,80.2,-0.45867924528301895,-7.999999999999999,0.9999999999999996,-1.0000000000000009,0.9999999999999996,0.0,0.0,0.0,0.0,0.0,0.0,0.0,0.0,0.0,0.0,0.0,0.0,0.0,0.0,0.0,0.0,0.0,0.0,0.0,-1.0,0.0,0.0,1.0,0.0,0.0,0.0,0.0,0.0,0.0,0.0,0.0,0.0,0.0,0.0,0.0
MDT,Bear Put Spread,-29.7,64.0,36.0,64.0,33.03,66.97,-0.4640625,-7.9999999999999964,0.9999999999999996,0.0,0.0,-1.0,0.0,0.0,0.0,0.0,0.0,0.0,0.0,0.0,0.0,0.0,0.0,0.0,0.0,0.0,0.0,0.0,0.0,0.0,0.0,0.0,0.0,0.0,0.0,0.0,-1.0,0.0,1.0,0.0,0.0,0.0,0.0,0.0,0.0,0.0
MDT,Bear Put Spread,-14.87,31.0,69.0,31.0,16.95,83.05,-0.4796774193548387,-4.000000000000001,0.9999999999999996,-1.0000000000000009,0.9999999999999996,0.0,0.0,0.0,0.0,0.0,0.0,0.0,0.0,0.0,0.0,0.0,0.0,0.0,0.0,0.0,0.0,0.0,0.0,-1.0,0.0,1.0,0.0,0.0,0.0,0.0,0.0,0.0,0.0,0.0,0.0,0.0,0.0,0.0,0.0,0.0
MDT,Bear Put Spread,-26.18,54.0,46.0,54.0,27.34,72.66,-0.4848148148148148,-7.000000000000001,0.0,0.0,0.0,0.0,0.0,0.0,0.0,0.0,0.0,0.0,0.0,0.0,0.0,0.0,0.0,0.0,0.0,0.0,0.0,0.0,0.0,0.0,0.0,0.0,0.0,0.0,-1.0,0.0,1.0,0.0,0.0,0.0,0.0,0.0,0.0,0.0,0.0,0.0
MDT,Bear Put Spread,-22.53,45.0,55.0,45.0,22.55,77.45,-0.5006666666666667,-6.0,1.0000000000000009,-0.9999999999999996,1.0000000000000009,0.0,0.0,0.0,0.0,0.0,0.0,0.0,0.0,0.0,0.0,0.0,0.0,0.0,0.0,0.0,0.0,0.0,0.0,0.0,0.0,0.0,-1.0,0.0,1.0,0.0,0.0,0.0,0.0,0.0,0.0,0.0,0.0,0.0,0.0,0.0
MDT,Bear Put Spread,-31.09,62.0,38.0,62.0,30.38,69.62,-0.5014516129032258,-7.000000000000001,0.9999999999999996,0.0,0.0,-1.0,0.0,0.0,0.0,0.0,0.0,0.0,0.0,0.0,0.0,0.0,0.0,0.0,0.0,0.0,0.0,0.0,0.0,0.0,0.0,0.0,0.0,0.0,0.0,-1.0,0.0,1.0,0.0,0.0,0.0,0.0,0.0,0.0,0.0,0.0
MDT,Bear Put Spread,-18.95,37.0,63.0,37.0,18.53,81.47,-0.5121621621621621,-5.000000000000002,0.9999999999999996,-1.0000000000000009,0.9999999999999996,0.0,0.0,0.0,0.0,0.0,0.0,0.0,0.0,0.0,0.0,0.0,0.0,0.0,0.0,0.0,0.0,0.0,0.0,0.0,-1.0,0.0,1.0,0.0,0.0,0.0,0.0,0.0,0.0,0.0,0.0,0.0,0.0,0.0,0.0,0.0
MDT,Bear Put Spread,-26.98,52.0,48.0,52.0,25.11,74.89,-0.5188461538461538,-7.000000000000001,1.0000000000000009,-0.9999999999999996,1.0000000000000009,0.0,0.0,0.0,0.0,0.0,0.0,0.0,0.0,0.0,0.0,0.0,0.0,0.0,0.0,0.0,0.0,0.0,0.0,0.0,0.0,0.0,0.0,-1.0,0.0,1.0,0.0,0.0,0.0,0.0,0.0,0.0,0.0,0.0,0.0,0.0
MDT,Bear Put Spread,-23.84,43.999999999999986,56.000000000000014,43.999999999999986,20.24,79.76,-0.541818181818182,-5.999999999999997,0.0,0.0,0.0,0.0,0.0,0.0,0.0,0.0,0.0,0.0,0.0,0.0,0.0,0.0,0.0,0.0,0.0,0.0,0.0,0.0,0.0,0.0,0.0,-1.0,0.0,1.0,0.0,0.0,0.0,0.0,0.0,0.0,0.0,0.0,0.0,0.0,0.0,0.0
MDT,Bear Put Spread,-27.96,46.0,4.0,46.0,34.43,65.57,-0.6078260869565217,-3.9999999999999982,0.0,0.0,0.0,0.0,0.0,0.0,0.0,0.0,0.0,0.0,0.0,0.0,0.0,0.0,0.0,0.0,0.0,0.0,0.0,0.0,0.0,0.0,0.0,0.0,0.0,0.0,0.0,0.0,0.0,-1.0,1.0,0.0,0.0,0.0,0.0,0.0,0.0,0.0
MDT,Bear Put Spread,-21.82,35.0,15.0,35.0,25.65,74.35,-0.6234285714285714,-3.9999999999999982,0.0,0.0,0.0,0.0,0.0,0.0,0.0,0.0,0.0,0.0,0.0,0.0,0.0,0.0,0.0,0.0,0.0,0.0,0.0,0.0,0.0,0.0,0.0,0.0,0.0,0.0,-1.0,1.0,0.0,0.0,0.0,0.0,0.0,0.0,0.0,0.0,0.0,0.0
MDT,Bear Put Spread,-14.48,23.0,27.0,23.0,16.95,83.05,-0.6295652173913043,-2.0000000000000018,0.9999999999999996,-1.0000000000000009,0.9999999999999996,0.0,0.0,0.0,0.0,0.0,0.0,0.0,0.0,0.0,0.0,0.0,0.0,0.0,0.0,0.0,0.0,0.0,0.0,0.0,-1.0,1.0,0.0,0.0,0.0,0.0,0.0,0.0,0.0,0.0,0.0,0.0,0.0,0.0,0.0,0.0
MDT,Bear Put Spread,-25.35,40.0,10.0,40.0,28.52,71.48,-0.63375,-3.0000000000000027,0.0,0.0,0.0,0.0,0.0,0.0,0.0,0.0,0.0,0.0,0.0,0.0,0.0,0.0,0.0,0.0,0.0,0.0,0.0,0.0,0.0,0.0,0.0,0.0,0.0,0.0,0.0,-1.0,1.0,0.0,0.0,0.0,0.0,0.0,0.0,0.0,0.0,0.0
MDT,Bear Put Spread,-29.73,46.0,4.0,46.0,31.02,68.98,-0.6463043478260869,-3.9999999999999982,0.9999999999999996,0.0,0.0,-1.0,0.0,0.0,0.0,0.0,0.0,0.0,0.0,0.0,0.0,0.0,0.0,0.0,0.0,0.0,0.0,0.0,0.0,0.0,0.0,0.0,0.0,0.0,0.0,0.0,-1.0,1.0,0.0,0.0,0.0,0.0,0.0,0.0,0.0,0.0
MDT,Bear Put Spread,-18.47,28.0,22.0,28.0,18.95,81.05,-0.6596428571428571,-3.0,0.0,0.0,0.0,0.0,0.0,0.0,0.0,0.0,0.0,0.0,0.0,0.0,0.0,0.0,0.0,0.0,0.0,0.0,0.0,0.0,0.0,0.0,0.0,-1.0,1.0,0.0,0.0,0.0,0.0,0.0,0.0,0.0,0.0,0.0,0.0,0.0,0.0,0.0
MDT,Bear Put Spread,-25.16,37.0,13.0,37.0,23.05,76.95,-0.68,-3.0000000000000027,1.0000000000000009,-0.9999999999999996,1.0000000000000009,0.0,0.0,0.0,0.0,0.0,0.0,0.0,0.0,0.0,0.0,0.0,0.0,0.0,0.0,0.0,0.0,0.0,0.0,0.0,0.0,0.0,0.0,-1.0,1.0,0.0,0.0,0.0,0.0,0.0,0.0,0.0,0.0,0.0,0.0,0.0
MDT,Bear Put Spread,-16.4,24.0,26.0,24.0,15.11,84.89,-0.6833333333333332,-1.9999999999999991,0.0,0.0,0.0,0.0,0.0,0.0,0.0,0.0,0.0,0.0,0.0,0.0,0.0,0.0,0.0,0.0,0.0,0.0,0.0,0.0,0.0,-1.0,1.0,0.0,0.0,0.0,0.0,0.0,0.0,0.0,0.0,0.0,0.0,0.0,0.0,0.0,0.0,0.0
MDT,Bear Put Spread,-23.37,33.999999999999986,16.000000000000014,33.999999999999986,20.68,79.32,-0.6873529411764709,-2.9999999999999973,0.0,0.0,0.0,0.0,0.0,0.0,0.0,0.0,0.0,0.0,0.0,0.0,0.0,0.0,0.0,0.0,0.0,0.0,0.0,0.0,0.0,0.0,0.0,0.0,-1.0,1.0,0.0,0.0,0.0,0.0,0.0,0.0,0.0,0.0,0.0,0.0,0.0,0.0
