Underlying,Name,Expected PnL,Cost of Strategy,Max_Profit,Max_Loss,Prob of Profit,Prob of Loss,Exp_Pnl/Max_Loss,Strategy_Delta,Strategy_Gamma,Strategy_Theta,Strategy_Vega,Strategy_Rho,C_73.0,C_73.5,C_74.0,C_74.5,C_75.0,C_75.5,C_76.0,C_76.5,C_77.0,C_77.5,C_78.0,C_78.5,C_79.0,C_79.5,C_80.0,C_80.5,C_81.0,P_73.0,P_73.5,P_74.0,P_74.5,P_75.0,P_75.5,P_76.0,P_76.5,P_77.0,P_77.5,P_78.0,P_78.5,P_79.0,P_79.5,P_80.0,P_80.5,P_81.0
MRK,Bear Call Spread,-35.19,-149.0,149.0,301.0,52.69,47.31,-0.11691029900332225,-35.00000000000001,-2.0000000000000004,2.0000000000000004,-1.9999999999999998,0.0,0.0,0.0,0.0,0.0,0.0,0.0,0.0,-1.0,0.0,0.0,0.0,0.0,0.0,0.0,0.0,0.0,1.0,0.0,0.0,0.0,0.0,0.0,0.0,0.0,0.0,0.0,0.0,0.0,0.0,0.0,0.0,0.0,0.0,0.0
MRK,Bear Call Spread,-44.23,-241.0,241.0,359.0,47.14,52.86,-0.12320334261838439,-46.00000000000001,-1.0000000000000009,2.0000000000000004,-1.0000000000000002,-1.0,0.0,0.0,0.0,0.0,-1.0,0.0,0.0,0.0,0.0,0.0,0.0,0.0,0.0,0.0,0.0,0.0,1.0,0.0,0.0,0.0,0.0,0.0,0.0,0.0,0.0,0.0,0.0,0.0,0.0,0.0,0.0,0.0,0.0,0.0
MRK,Bear Call Spread,-42.52,-207.0,207.0,343.0,48.99,51.01,-0.12396501457725949,-43.00000000000001,-2.0000000000000004,2.0000000000000004,-1.0000000000000002,-1.0,0.0,0.0,0.0,0.0,0.0,-1.0,0.0,0.0,0.0,0.0,0.0,0.0,0.0,0.0,0.0,0.0,1.0,0.0,0.0,0.0,0.0,0.0,0.0,0.0,0.0,0.0,0.0,0.0,0.0,0.0,0.0,0.0,0.0,0.0
MRK,Bear Call Spread,-46.77,-276.0,276.0,374.0,46.21,53.79,-0.12505347593582888,-50.0,-1.0000000000000009,0.9999999999999996,-1.0000000000000002,-1.0,0.0,0.0,0.0,-1.0,0.0,0.0,0.0,0.0,0.0,0.0,0.0,0.0,0.0,0.0,0.0,0.0,1.0,0.0,0.0,0.0,0.0,0.0,0.0,0.0,0.0,0.0,0.0,0.0,0.0,0.0,0.0,0.0,0.0,0.0
MRK,Bear Call Spread,-35.79,-119.0,119.0,281.0,54.53,45.47,-0.1273665480427046,-30.000000000000004,-3.0,2.0000000000000004,-1.9999999999999998,0.0,0.0,0.0,0.0,0.0,0.0,0.0,0.0,0.0,-1.0,0.0,0.0,0.0,0.0,0.0,0.0,0.0,1.0,0.0,0.0,0.0,0.0,0.0,0.0,0.0,0.0,0.0,0.0,0.0,0.0,0.0,0.0,0.0,0.0,0.0
MRK,Bear Call Spread,-51.72,-350.99999999999994,350.99999999999994,399.00000000000006,43.46,56.54,-0.12962406015037592,-56.00000000000001,0.0,0.9999999999999996,0.0,-1.0,0.0,-1.0,0.0,0.0,0.0,0.0,0.0,0.0,0.0,0.0,0.0,0.0,0.0,0.0,0.0,0.0,1.0,0.0,0.0,0.0,0.0,0.0,0.0,0.0,0.0,0.0,0.0,0.0,0.0,0.0,0.0,0.0,0.0,0.0
MRK,Bear Call Spread,-42.8,-172.99999999999997,172.99999999999997,327.0,49.91,50.09,-0.1308868501529052,-39.0,-2.0000000000000004,2.0000000000000004,-1.9999999999999998,0.0,0.0,0.0,0.0,0.0,0.0,0.0,-1.0,0.0,0.0,0.0,0.0,0.0,0.0,0.0,0.0,0.0,1.0,0.0,0.0,0.0,0.0,0.0,0.0,0.0,0.0,0.0,0.0,0.0,0.0,0.0,0.0,0.0,0.0,0.0
MRK,Bear Call Spread,-50.99,-311.0,311.0,389.0,44.37,55.63,-0.1310796915167095,-53.0,-1.0000000000000009,0.9999999999999996,-1.0000000000000002,-1.0,0.0,0.0,-1.0,0.0,0.0,0.0,0.0,0.0,0.0,0.0,0.0,0.0,0.0,0.0,0.0,0.0,1.0,0.0,0.0,0.0,0.0,0.0,0.0,0.0,0.0,0.0,0.0,0.0,0.0,0.0,0.0,0.0,0.0,0.0
MRK,Bear Call Spread,-53.79,-391.0,391.0,409.0,42.55,57.45,-0.1315158924205379,-59.00000000000001,0.0,0.0,0.0,-1.0,-1.0,0.0,0.0,0.0,0.0,0.0,0.0,0.0,0.0,0.0,0.0,0.0,0.0,0.0,0.0,0.0,1.0,0.0,0.0,0.0,0.0,0.0,0.0,0.0,0.0,0.0,0.0,0.0,0.0,0.0,0.0,0.0,0.0,0.0
MRK,Bear Call Spread,-33.67,-94.0,94.0,256.0,56.37,43.63,-0.1315234375,-26.0,-3.0,2.0000000000000004,-1.9999999999999998,0.0,0.0,0.0,0.0,0.0,0.0,0.0,0.0,0.0,0.0,-1.0,0.0,0.0,0.0,0.0,0.0,0.0,1.0,0.0,0.0,0.0,0.0,0.0,0.0,0.0,0.0,0.0,0.0,0.0,0.0,0.0,0.0,0.0,0.0,0.0
MRK,Bear Call Spread,-35.04,-137.0,137.0,263.0,51.77,48.23,-0.1332319391634981,-32.00000000000001,-0.9999999999999996,2.0000000000000004,-0.9999999999999996,0.0,0.0,0.0,0.0,0.0,0.0,0.0,0.0,-1.0,0.0,0.0,0.0,0.0,0.0,0.0,0.0,1.0,0.0,0.0,0.0,0.0,0.0,0.0,0.0,0.0,0.0,0.0,0.0,0.0,0.0,0.0,0.0,0.0,0.0,0.0
MRK,Bear Call Spread,-30.86,-72.0,72.0,228.0,59.08,40.92,-0.13535087719298244,-22.0,-2.0000000000000004,2.0000000000000004,-1.9999999999999998,0.0,0.0,0.0,0.0,0.0,0.0,0.0,0.0,0.0,0.0,0.0,-1.0,0.0,0.0,0.0,0.0,0.0,1.0,0.0,0.0,0.0,0.0,0.0,0.0,0.0,0.0,0.0,0.0,0.0,0.0,0.0,0.0,0.0,0.0,0.0
MRK,Bear Call Spread,-44.07,-229.0,229.0,321.0,46.21,53.79,-0.13728971962616823,-43.00000000000001,0.0,2.0000000000000004,0.0,-1.0,0.0,0.0,0.0,0.0,-1.0,0.0,0.0,0.0,0.0,0.0,0.0,0.0,0.0,0.0,0.0,1.0,0.0,0.0,0.0,0.0,0.0,0.0,0.0,0.0,0.0,0.0,0.0,0.0,0.0,0.0,0.0,0.0,0.0,0.0
MRK,Bear Call Spread,-46.61,-264.0,264.0,336.0,44.37,55.63,-0.1387202380952381,-47.0,0.0,0.9999999999999996,0.0,-1.0,0.0,0.0,0.0,-1.0,0.0,0.0,0.0,0.0,0.0,0.0,0.0,0.0,0.0,0.0,0.0,1.0,0.0,0.0,0.0,0.0,0.0,0.0,0.0,0.0,0.0,0.0,0.0,0.0,0.0,0.0,0.0,0.0,0.0,0.0
MRK,Bear Call Spread,-42.37,-195.0,195.0,305.0,47.14,52.86,-0.13891803278688525,-40.0,-0.9999999999999996,2.0000000000000004,0.0,-1.0,0.0,0.0,0.0,0.0,0.0,-1.0,0.0,0.0,0.0,0.0,0.0,0.0,0.0,0.0,0.0,1.0,0.0,0.0,0.0,0.0,0.0,0.0,0.0,0.0,0.0,0.0,0.0,0.0,0.0,0.0,0.0,0.0,0.0,0.0
MRK,Bear Call Spread,-31.06,-127.0,127.0,223.0,50.84,49.16,-0.13928251121076232,-29.000000000000004,-0.9999999999999996,1.0000000000000009,-0.9999999999999996,0.0,0.0,0.0,0.0,0.0,0.0,0.0,0.0,-1.0,0.0,0.0,0.0,0.0,0.0,0.0,1.0,0.0,0.0,0.0,0.0,0.0,0.0,0.0,0.0,0.0,0.0,0.0,0.0,0.0,0.0,0.0,0.0,0.0,0.0,0.0
MRK,Bear Call Spread,-40.09,-219.0,219.0,281.0,45.29,54.71,-0.14266903914590748,-40.0,0.0,1.0000000000000009,0.0,-1.0,0.0,0.0,0.0,0.0,-1.0,0.0,0.0,0.0,0.0,0.0,0.0,0.0,0.0,0.0,1.0,0.0,0.0,0.0,0.0,0.0,0.0,0.0,0.0,0.0,0.0,0.0,0.0,0.0,0.0,0.0,0.0,0.0,0.0,0.0
MRK,Bear Call Spread,-51.57,-338.99999999999994,338.99999999999994,361.00000000000006,42.55,57.45,-0.14285318559556784,-53.0,1.0000000000000009,0.9999999999999996,1.0000000000000002,-1.0,0.0,-1.0,0.0,0.0,0.0,0.0,0.0,0.0,0.0,0.0,0.0,0.0,0.0,0.0,0.0,1.0,0.0,0.0,0.0,0.0,0.0,0.0,0.0,0.0,0.0,0.0,0.0,0.0,0.0,0.0,0.0,0.0,0.0,0.0
MRK,Bear Call Spread,-28.35,-52.000000000000014,52.000000000000014,198.0,61.75,38.25,-0.1431818181818182,-18.000000000000004,-2.0000000000000004,2.0000000000000004,-1.9999999999999998,0.0,0.0,0.0,0.0,0.0,0.0,0.0,0.0,0.0,0.0,0.0,0.0,-1.0,0.0,0.0,0.0,0.0,1.0,0.0,0.0,0.0,0.0,0.0,0.0,0.0,0.0,0.0,0.0,0.0,0.0,0.0,0.0,0.0,0.0,0.0
MRK,Bear Call Spread,-42.64,-254.0,254.0,296.0,43.46,56.54,-0.14405405405405405,-43.99999999999999,0.0,0.0,0.0,-1.0,0.0,0.0,0.0,-1.0,0.0,0.0,0.0,0.0,0.0,0.0,0.0,0.0,0.0,0.0,1.0,0.0,0.0,0.0,0.0,0.0,0.0,0.0,0.0,0.0,0.0,0.0,0.0,0.0,0.0,0.0,0.0,0.0,0.0,0.0
MRK,Bear Call Spread,-53.64,-379.0,379.0,371.0,41.65,58.35,-0.1445822102425876,-56.00000000000001,1.0000000000000009,0.0,1.0000000000000002,-1.0,-1.0,0.0,0.0,0.0,0.0,0.0,0.0,0.0,0.0,0.0,0.0,0.0,0.0,0.0,0.0,1.0,0.0,0.0,0.0,0.0,0.0,0.0,0.0,0.0,0.0,0.0,0.0,0.0,0.0,0.0,0.0,0.0,0.0,0.0
MRK,Bear Call Spread,-50.83,-299.0,299.0,351.0,43.46,56.54,-0.1448148148148148,-50.0,0.0,0.9999999999999996,0.0,-1.0,0.0,0.0,-1.0,0.0,0.0,0.0,0.0,0.0,0.0,0.0,0.0,0.0,0.0,0.0,0.0,1.0,0.0,0.0,0.0,0.0,0.0,0.0,0.0,0.0,0.0,0.0,0.0,0.0,0.0,0.0,0.0,0.0,0.0,0.0
MRK,Bear Call Spread,-38.39,-185.0,185.0,265.0,46.21,53.79,-0.14486792452830188,-37.0,-0.9999999999999996,1.0000000000000009,0.0,-1.0,0.0,0.0,0.0,0.0,0.0,-1.0,0.0,0.0,0.0,0.0,0.0,0.0,0.0,0.0,1.0,0.0,0.0,0.0,0.0,0.0,0.0,0.0,0.0,0.0,0.0,0.0,0.0,0.0,0.0,0.0,0.0,0.0,0.0,0.0
MRK,Bear Call Spread,-35.64,-107.0,107.0,243.0,53.61,46.39,-0.14666666666666667,-27.0,-1.9999999999999991,2.0000000000000004,-0.9999999999999996,0.0,0.0,0.0,0.0,0.0,0.0,0.0,0.0,0.0,-1.0,0.0,0.0,0.0,0.0,0.0,0.0,1.0,0.0,0.0,0.0,0.0,0.0,0.0,0.0,0.0,0.0,0.0,0.0,0.0,0.0,0.0,0.0,0.0,0.0,0.0
MRK,Bear Call Spread,-42.65,-160.99999999999997,160.99999999999997,289.0,48.99,51.01,-0.14757785467128026,-36.0,-0.9999999999999996,2.0000000000000004,-0.9999999999999996,0.0,0.0,0.0,0.0,0.0,0.0,0.0,-1.0,0.0,0.0,0.0,0.0,0.0,0.0,0.0,0.0,1.0,0.0,0.0,0.0,0.0,0.0,0.0,0.0,0.0,0.0,0.0,0.0,0.0,0.0,0.0,0.0,0.0,0.0,0.0
MRK,Bear Call Spread,-47.59,-328.99999999999994,328.99999999999994,321.00000000000006,41.65,58.35,-0.14825545171339563,-50.0,1.0000000000000009,0.0,1.0000000000000002,-1.0,0.0,-1.0,0.0,0.0,0.0,0.0,0.0,0.0,0.0,0.0,0.0,0.0,0.0,0.0,1.0,0.0,0.0,0.0,0.0,0.0,0.0,0.0,0.0,0.0,0.0,0.0,0.0,0.0,0.0,0.0,0.0,0.0,0.0,0.0
MRK,Bear Call Spread,-49.66,-369.0,369.0,331.0,40.75,59.25,-0.15003021148036252,-53.0,1.0000000000000009,-0.9999999999999996,1.0000000000000002,-1.0,-1.0,0.0,0.0,0.0,0.0,0.0,0.0,0.0,0.0,0.0,0.0,0.0,0.0,0.0,1.0,0.0,0.0,0.0,0.0,0.0,0.0,0.0,0.0,0.0,0.0,0.0,0.0,0.0,0.0,0.0,0.0,0.0,0.0,0.0
MRK,Bear Call Spread,-46.86,-289.0,289.0,311.0,42.55,57.45,-0.15067524115755626,-47.0,0.0,0.0,0.0,-1.0,0.0,0.0,-1.0,0.0,0.0,0.0,0.0,0.0,0.0,0.0,0.0,0.0,0.0,0.0,1.0,0.0,0.0,0.0,0.0,0.0,0.0,0.0,0.0,0.0,0.0,0.0,0.0,0.0,0.0,0.0,0.0,0.0,0.0,0.0
MRK,Bear Call Spread,-25.12,-35.0,35.0,165.0,64.36,35.64,-0.15224242424242423,-13.999999999999998,-2.0000000000000004,0.9999999999999996,-1.0000000000000002,0.0,0.0,0.0,0.0,0.0,0.0,0.0,0.0,0.0,0.0,0.0,0.0,0.0,-1.0,0.0,0.0,0.0,1.0,0.0,0.0,0.0,0.0,0.0,0.0,0.0,0.0,0.0,0.0,0.0,0.0,0.0,0.0,0.0,0.0,0.0
MRK,Bear Call Spread,-33.52,-82.0,82.0,218.0,55.45,44.55,-0.15376146788990827,-23.0,-1.9999999999999991,2.0000000000000004,-0.9999999999999996,0.0,0.0,0.0,0.0,0.0,0.0,0.0,0.0,0.0,0.0,-1.0,0.0,0.0,0.0,0.0,0.0,1.0,0.0,0.0,0.0,0.0,0.0,0.0,0.0,0.0,0.0,0.0,0.0,0.0,0.0,0.0,0.0,0.0,0.0,0.0
MRK,Bear Call Spread,-38.67,-150.99999999999997,150.99999999999997,249.00000000000003,48.06,51.94,-0.1553012048192771,-32.99999999999999,-0.9999999999999996,1.0000000000000009,-0.9999999999999996,0.0,0.0,0.0,0.0,0.0,0.0,0.0,-1.0,0.0,0.0,0.0,0.0,0.0,0.0,0.0,1.0,0.0,0.0,0.0,0.0,0.0,0.0,0.0,0.0,0.0,0.0,0.0,0.0,0.0,0.0,0.0,0.0,0.0,0.0,0.0
MRK,Bear Call Spread,-31.66,-97.0,97.0,203.0,52.69,47.31,-0.15596059113300492,-24.0,-1.9999999999999991,1.0000000000000009,-0.9999999999999996,0.0,0.0,0.0,0.0,0.0,0.0,0.0,0.0,0.0,-1.0,0.0,0.0,0.0,0.0,0.0,1.0,0.0,0.0,0.0,0.0,0.0,0.0,0.0,0.0,0.0,0.0,0.0,0.0,0.0,0.0,0.0,0.0,0.0,0.0,0.0
MRK,Bear Call Spread,-39.15,-204.0,204.0,246.0,43.46,56.54,-0.15914634146341464,-36.00000000000001,0.9999999999999996,1.0000000000000009,0.0,-1.0,0.0,0.0,0.0,0.0,-1.0,0.0,0.0,0.0,0.0,0.0,0.0,0.0,0.0,1.0,0.0,0.0,0.0,0.0,0.0,0.0,0.0,0.0,0.0,0.0,0.0,0.0,0.0,0.0,0.0,0.0,0.0,0.0,0.0,0.0
MRK,Bear Call Spread,-41.69,-239.0,239.0,261.0,42.55,57.45,-0.15973180076628352,-40.0,0.9999999999999996,0.0,0.0,-1.0,0.0,0.0,0.0,-1.0,0.0,0.0,0.0,0.0,0.0,0.0,0.0,0.0,0.0,1.0,0.0,0.0,0.0,0.0,0.0,0.0,0.0,0.0,0.0,0.0,0.0,0.0,0.0,0.0,0.0,0.0,0.0,0.0,0.0,0.0
MRK,Bear Call Spread,-30.12,-112.0,112.0,188.0,48.99,51.01,-0.16021276595744682,-25.000000000000007,0.0,1.0000000000000009,-0.9999999999999996,0.0,0.0,0.0,0.0,0.0,0.0,0.0,0.0,-1.0,0.0,0.0,0.0,0.0,0.0,1.0,0.0,0.0,0.0,0.0,0.0,0.0,0.0,0.0,0.0,0.0,0.0,0.0,0.0,0.0,0.0,0.0,0.0,0.0,0.0,0.0
MRK,Bear Call Spread,-30.71,-60.0,60.0,190.0,58.18,41.82,-0.16163157894736843,-19.0,-0.9999999999999996,2.0000000000000004,-0.9999999999999996,0.0,0.0,0.0,0.0,0.0,0.0,0.0,0.0,0.0,0.0,0.0,-1.0,0.0,0.0,0.0,0.0,1.0,0.0,0.0,0.0,0.0,0.0,0.0,0.0,0.0,0.0,0.0,0.0,0.0,0.0,0.0,0.0,0.0,0.0,0.0
MRK,Bear Call Spread,-37.44,-170.0,170.0,230.0,45.29,54.71,-0.16278260869565217,-33.0,0.0,1.0000000000000009,0.0,-1.0,0.0,0.0,0.0,0.0,0.0,-1.0,0.0,0.0,0.0,0.0,0.0,0.0,0.0,1.0,0.0,0.0,0.0,0.0,0.0,0.0,0.0,0.0,0.0,0.0,0.0,0.0,0.0,0.0,0.0,0.0,0.0,0.0,0.0,0.0
MRK,Bear Call Spread,-46.64,-313.99999999999994,313.99999999999994,286.00000000000006,39.85,60.15,-0.16307692307692304,-46.0,2.0000000000000004,0.0,1.0000000000000002,-1.0,0.0,-1.0,0.0,0.0,0.0,0.0,0.0,0.0,0.0,0.0,0.0,0.0,0.0,1.0,0.0,0.0,0.0,0.0,0.0,0.0,0.0,0.0,0.0,0.0,0.0,0.0,0.0,0.0,0.0,0.0,0.0,0.0,0.0,0.0
MRK,Bear Call Spread,-48.72,-354.0,354.0,296.0,38.96,61.04,-0.16459459459459458,-49.00000000000001,2.0000000000000004,-0.9999999999999996,1.0000000000000002,-1.0,-1.0,0.0,0.0,0.0,0.0,0.0,0.0,0.0,0.0,0.0,0.0,0.0,0.0,1.0,0.0,0.0,0.0,0.0,0.0,0.0,0.0,0.0,0.0,0.0,0.0,0.0,0.0,0.0,0.0,0.0,0.0,0.0,0.0,0.0
MRK,Bear Call Spread,-29.54,-72.0,72.0,178.0,54.53,45.47,-0.16595505617977527,-19.999999999999996,-1.9999999999999991,1.0000000000000009,-0.9999999999999996,0.0,0.0,0.0,0.0,0.0,0.0,0.0,0.0,0.0,0.0,-1.0,0.0,0.0,0.0,0.0,1.0,0.0,0.0,0.0,0.0,0.0,0.0,0.0,0.0,0.0,0.0,0.0,0.0,0.0,0.0,0.0,0.0,0.0,0.0,0.0
MRK,Bear Call Spread,-45.91,-274.0,274.0,276.0,40.75,59.25,-0.1663405797101449,-43.0,0.9999999999999996,0.0,0.0,-1.0,0.0,0.0,-1.0,0.0,0.0,0.0,0.0,0.0,0.0,0.0,0.0,0.0,0.0,1.0,0.0,0.0,0.0,0.0,0.0,0.0,0.0,0.0,0.0,0.0,0.0,0.0,0.0,0.0,0.0,0.0,0.0,0.0,0.0,0.0
MRK,Bear Call Spread,-22.08,-20.0,20.0,130.0,67.71,32.29,-0.16984615384615384,-10.0,-2.0000000000000004,0.9999999999999996,-1.0000000000000002,0.0,0.0,0.0,0.0,0.0,0.0,0.0,0.0,0.0,0.0,0.0,0.0,0.0,0.0,-1.0,0.0,0.0,1.0,0.0,0.0,0.0,0.0,0.0,0.0,0.0,0.0,0.0,0.0,0.0,0.0,0.0,0.0,0.0,0.0,0.0
MRK,Bear Call Spread,-39.65,-223.0,223.0,227.0,40.75,59.25,-0.17466960352422906,-36.0,0.9999999999999996,0.0,0.0,-1.0,0.0,0.0,0.0,-1.0,0.0,0.0,0.0,0.0,0.0,0.0,0.0,0.0,1.0,0.0,0.0,0.0,0.0,0.0,0.0,0.0,0.0,0.0,0.0,0.0,0.0,0.0,0.0,0.0,0.0,0.0,0.0,0.0,0.0,0.0
MRK,Bear Call Spread,-37.11,-188.0,188.0,212.0,42.55,57.45,-0.17504716981132076,-32.00000000000001,0.9999999999999996,1.0000000000000009,0.0,-1.0,0.0,0.0,0.0,0.0,-1.0,0.0,0.0,0.0,0.0,0.0,0.0,0.0,1.0,0.0,0.0,0.0,0.0,0.0,0.0,0.0,0.0,0.0,0.0,0.0,0.0,0.0,0.0,0.0,0.0,0.0,0.0,0.0,0.0,0.0
MRK,Bear Call Spread,-28.2,-40.000000000000014,40.000000000000014,160.0,60.87,39.13,-0.17625,-15.000000000000002,-0.9999999999999996,2.0000000000000004,-0.9999999999999996,0.0,0.0,0.0,0.0,0.0,0.0,0.0,0.0,0.0,0.0,0.0,0.0,-1.0,0.0,0.0,0.0,1.0,0.0,0.0,0.0,0.0,0.0,0.0,0.0,0.0,0.0,0.0,0.0,0.0,0.0,0.0,0.0,0.0,0.0,0.0
MRK,Bear Call Spread,-37.73,-135.99999999999997,135.99999999999997,214.00000000000003,47.14,52.86,-0.17630841121495322,-28.999999999999996,0.0,1.0000000000000009,-0.9999999999999996,0.0,0.0,0.0,0.0,0.0,0.0,0.0,-1.0,0.0,0.0,0.0,0.0,0.0,0.0,1.0,0.0,0.0,0.0,0.0,0.0,0.0,0.0,0.0,0.0,0.0,0.0,0.0,0.0,0.0,0.0,0.0,0.0,0.0,0.0,0.0
MRK,Bear Call Spread,-44.6,-297.99999999999994,297.99999999999994,252.00000000000006,38.96,61.04,-0.17698412698412694,-42.00000000000001,2.0000000000000004,0.0,1.0000000000000002,-1.0,0.0,-1.0,0.0,0.0,0.0,0.0,0.0,0.0,0.0,0.0,0.0,0.0,1.0,0.0,0.0,0.0,0.0,0.0,0.0,0.0,0.0,0.0,0.0,0.0,0.0,0.0,0.0,0.0,0.0,0.0,0.0,0.0,0.0,0.0
MRK,Bear Call Spread,-46.68,-338.0,338.0,262.0,38.08,61.92,-0.1781679389312977,-45.00000000000001,2.0000000000000004,-0.9999999999999996,1.0000000000000002,-1.0,-1.0,0.0,0.0,0.0,0.0,0.0,0.0,0.0,0.0,0.0,0.0,0.0,1.0,0.0,0.0,0.0,0.0,0.0,0.0,0.0,0.0,0.0,0.0,0.0,0.0,0.0,0.0,0.0,0.0,0.0,0.0,0.0,0.0,0.0
MRK,Bear Call Spread,-26.73,-50.0,50.0,150.0,57.28,42.72,-0.1782,-15.999999999999998,-0.9999999999999996,1.0000000000000009,-0.9999999999999996,0.0,0.0,0.0,0.0,0.0,0.0,0.0,0.0,0.0,0.0,0.0,-1.0,0.0,0.0,0.0,1.0,0.0,0.0,0.0,0.0,0.0,0.0,0.0,0.0,0.0,0.0,0.0,0.0,0.0,0.0,0.0,0.0,0.0,0.0,0.0
MRK,Bear Call Spread,-35.4,-154.0,154.0,196.0,43.46,56.54,-0.18061224489795918,-29.000000000000004,0.0,1.0000000000000009,0.0,-1.0,0.0,0.0,0.0,0.0,0.0,-1.0,0.0,0.0,0.0,0.0,0.0,0.0,1.0,0.0,0.0,0.0,0.0,0.0,0.0,0.0,0.0,0.0,0.0,0.0,0.0,0.0,0.0,0.0,0.0,0.0,0.0,0.0,0.0,0.0
MRK,Bear Call Spread,-43.87,-258.0,258.0,242.0,39.85,60.15,-0.1812809917355372,-39.0,0.9999999999999996,0.0,0.0,-1.0,0.0,0.0,-1.0,0.0,0.0,0.0,0.0,0.0,0.0,0.0,0.0,0.0,1.0,0.0,0.0,0.0,0.0,0.0,0.0,0.0,0.0,0.0,0.0,0.0,0.0,0.0,0.0,0.0,0.0,0.0,0.0,0.0,0.0,0.0
MRK,Bear Call Spread,-28.08,-95.99999999999999,95.99999999999999,154.0,48.06,51.94,-0.18233766233766233,-21.000000000000007,0.0,1.0000000000000009,-0.9999999999999996,0.0,0.0,0.0,0.0,0.0,0.0,0.0,0.0,-1.0,0.0,0.0,0.0,0.0,1.0,0.0,0.0,0.0,0.0,0.0,0.0,0.0,0.0,0.0,0.0,0.0,0.0,0.0,0.0,0.0,0.0,0.0,0.0,0.0,0.0,0.0
MRK,Bear Call Spread,-30.72,-82.0,82.0,168.0,50.84,49.16,-0.18285714285714286,-20.0,-0.9999999999999996,1.0000000000000009,-0.9999999999999996,0.0,0.0,0.0,0.0,0.0,0.0,0.0,0.0,0.0,-1.0,0.0,0.0,0.0,0.0,1.0,0.0,0.0,0.0,0.0,0.0,0.0,0.0,0.0,0.0,0.0,0.0,0.0,0.0,0.0,0.0,0.0,0.0,0.0,0.0,0.0
MRK,Bear Call Spread,-38.41,-204.0,204.0,196.0,38.96,61.04,-0.19596938775510203,-31.999999999999996,0.9999999999999996,-1.0000000000000009,0.9999999999999996,-1.0,0.0,0.0,0.0,-1.0,0.0,0.0,0.0,0.0,0.0,0.0,0.0,1.0,0.0,0.0,0.0,0.0,0.0,0.0,0.0,0.0,0.0,0.0,0.0,0.0,0.0,0.0,0.0,0.0,0.0,0.0,0.0,0.0,0.0,0.0
MRK,Bear Call Spread,-43.36,-278.99999999999994,278.99999999999994,221.00000000000006,37.21,62.79,-0.1961990950226244,-38.0,2.0000000000000004,-1.0000000000000009,1.9999999999999998,-1.0,0.0,-1.0,0.0,0.0,0.0,0.0,0.0,0.0,0.0,0.0,0.0,1.0,0.0,0.0,0.0,0.0,0.0,0.0,0.0,0.0,0.0,0.0,0.0,0.0,0.0,0.0,0.0,0.0,0.0,0.0,0.0,0.0,0.0,0.0
MRK,Bear Call Spread,-24.96,-23.0,23.0,127.0,63.5,36.5,-0.19653543307086616,-10.999999999999998,-0.9999999999999996,0.9999999999999996,0.0,0.0,0.0,0.0,0.0,0.0,0.0,0.0,0.0,0.0,0.0,0.0,0.0,0.0,-1.0,0.0,0.0,1.0,0.0,0.0,0.0,0.0,0.0,0.0,0.0,0.0,0.0,0.0,0.0,0.0,0.0,0.0,0.0,0.0,0.0,0.0
MRK,Bear Call Spread,-45.44,-319.0,319.0,231.0,36.34,63.66,-0.1967099567099567,-41.0,2.0000000000000004,-2.0000000000000004,1.9999999999999998,-1.0,-1.0,0.0,0.0,0.0,0.0,0.0,0.0,0.0,0.0,0.0,0.0,1.0,0.0,0.0,0.0,0.0,0.0,0.0,0.0,0.0,0.0,0.0,0.0,0.0,0.0,0.0,0.0,0.0,0.0,0.0,0.0,0.0,0.0,0.0
MRK,Bear Call Spread,-35.87,-169.0,169.0,181.0,40.75,59.25,-0.19817679558011048,-28.000000000000004,0.9999999999999996,0.0,0.9999999999999996,-1.0,0.0,0.0,0.0,0.0,-1.0,0.0,0.0,0.0,0.0,0.0,0.0,1.0,0.0,0.0,0.0,0.0,0.0,0.0,0.0,0.0,0.0,0.0,0.0,0.0,0.0,0.0,0.0,0.0,0.0,0.0,0.0,0.0,0.0,0.0
MRK,Bear Call Spread,-35.68,-119.99999999999996,119.99999999999996,180.00000000000006,45.29,54.71,-0.19822222222222216,-25.0,0.0,1.0000000000000009,-0.9999999999999996,0.0,0.0,0.0,0.0,0.0,0.0,0.0,-1.0,0.0,0.0,0.0,0.0,0.0,1.0,0.0,0.0,0.0,0.0,0.0,0.0,0.0,0.0,0.0,0.0,0.0,0.0,0.0,0.0,0.0,0.0,0.0,0.0,0.0,0.0,0.0
MRK,Bear Call Spread,-28.59,-57.0,57.0,143.0,53.61,46.39,-0.19993006993006993,-15.999999999999998,-0.9999999999999996,1.0000000000000009,-0.9999999999999996,0.0,0.0,0.0,0.0,0.0,0.0,0.0,0.0,0.0,0.0,-1.0,0.0,0.0,0.0,1.0,0.0,0.0,0.0,0.0,0.0,0.0,0.0,0.0,0.0,0.0,0.0,0.0,0.0,0.0,0.0,0.0,0.0,0.0,0.0,0.0
MRK,Bear Call Spread,-24.22,-30.000000000000014,30.000000000000014,119.99999999999999,59.98,40.02,-0.20183333333333334,-12.0,-0.9999999999999996,1.0000000000000009,-0.9999999999999996,0.0,0.0,0.0,0.0,0.0,0.0,0.0,0.0,0.0,0.0,0.0,0.0,-1.0,0.0,0.0,1.0,0.0,0.0,0.0,0.0,0.0,0.0,0.0,0.0,0.0,0.0,0.0,0.0,0.0,0.0,0.0,0.0,0.0,0.0,0.0
MRK,Bear Call Spread,-42.63,-239.0,239.0,211.0,38.08,61.92,-0.20203791469194313,-35.0,0.9999999999999996,-1.0000000000000009,0.9999999999999996,-1.0,0.0,0.0,-1.0,0.0,0.0,0.0,0.0,0.0,0.0,0.0,0.0,1.0,0.0,0.0,0.0,0.0,0.0,0.0,0.0,0.0,0.0,0.0,0.0,0.0,0.0,0.0,0.0,0.0,0.0,0.0,0.0,0.0,0.0,0.0
MRK,Bear Call Spread,-19.13,-7.0,7.0,93.0,70.91,29.09,-0.2056989247311828,-6.000000000000003,-1.0000000000000009,0.9999999999999996,-1.0000000000000002,0.0,0.0,0.0,0.0,0.0,0.0,0.0,0.0,0.0,0.0,0.0,0.0,0.0,0.0,0.0,-1.0,0.0,1.0,0.0,0.0,0.0,0.0,0.0,0.0,0.0,0.0,0.0,0.0,0.0,0.0,0.0,0.0,0.0,0.0,0.0
MRK,Bear Call Spread,-34.17,-135.0,135.0,165.0,41.65,58.35,-0.2070909090909091,-25.0,0.0,0.0,0.9999999999999996,-1.0,0.0,0.0,0.0,0.0,0.0,-1.0,0.0,0.0,0.0,0.0,0.0,1.0,0.0,0.0,0.0,0.0,0.0,0.0,0.0,0.0,0.0,0.0,0.0,0.0,0.0,0.0,0.0,0.0,0.0,0.0,0.0,0.0,0.0,0.0
MRK,Bear Call Spread,-41.93,-300.0,300.0,200.0,34.63,65.37,-0.20965,-37.00000000000001,2.0000000000000004,-2.0000000000000004,1.9999999999999998,-1.0,-1.0,0.0,0.0,0.0,0.0,0.0,0.0,0.0,0.0,0.0,1.0,0.0,0.0,0.0,0.0,0.0,0.0,0.0,0.0,0.0,0.0,0.0,0.0,0.0,0.0,0.0,0.0,0.0,0.0,0.0,0.0,0.0,0.0,0.0
MRK,Bear Call Spread,-39.86,-259.99999999999994,259.99999999999994,190.00000000000006,35.48,64.52,-0.20978947368421047,-34.0,2.0000000000000004,-1.0000000000000009,1.9999999999999998,-1.0,0.0,-1.0,0.0,0.0,0.0,0.0,0.0,0.0,0.0,0.0,1.0,0.0,0.0,0.0,0.0,0.0,0.0,0.0,0.0,0.0,0.0,0.0,0.0,0.0,0.0,0.0,0.0,0.0,0.0,0.0,0.0,0.0,0.0,0.0
MRK,Bear Call Spread,-34.91,-185.0,185.0,165.0,37.21,62.79,-0.21157575757575756,-27.999999999999996,0.9999999999999996,-1.0000000000000009,0.9999999999999996,-1.0,0.0,0.0,0.0,-1.0,0.0,0.0,0.0,0.0,0.0,0.0,1.0,0.0,0.0,0.0,0.0,0.0,0.0,0.0,0.0,0.0,0.0,0.0,0.0,0.0,0.0,0.0,0.0,0.0,0.0,0.0,0.0,0.0,0.0,0.0
MRK,Bear Call Spread,-28.68,-65.99999999999999,65.99999999999999,134.0,49.91,50.09,-0.21402985074626865,-16.000000000000004,-0.9999999999999996,1.0000000000000009,-0.9999999999999996,0.0,0.0,0.0,0.0,0.0,0.0,0.0,0.0,0.0,-1.0,0.0,0.0,0.0,1.0,0.0,0.0,0.0,0.0,0.0,0.0,0.0,0.0,0.0,0.0,0.0,0.0,0.0,0.0,0.0,0.0,0.0,0.0,0.0,0.0,0.0
MRK,Bear Call Spread,-32.37,-150.0,150.0,150.0,38.96,61.04,-0.2158,-24.000000000000004,0.9999999999999996,0.0,0.9999999999999996,-1.0,0.0,0.0,0.0,0.0,-1.0,0.0,0.0,0.0,0.0,0.0,1.0,0.0,0.0,0.0,0.0,0.0,0.0,0.0,0.0,0.0,0.0,0.0,0.0,0.0,0.0,0.0,0.0,0.0,0.0,0.0,0.0,0.0,0.0,0.0
MRK,Bear Call Spread,-39.13,-220.0,220.0,180.0,36.34,63.66,-0.2173888888888889,-31.0,0.9999999999999996,-1.0000000000000009,0.9999999999999996,-1.0,0.0,0.0,-1.0,0.0,0.0,0.0,0.0,0.0,0.0,0.0,1.0,0.0,0.0,0.0,0.0,0.0,0.0,0.0,0.0,0.0,0.0,0.0,0.0,0.0,0.0,0.0,0.0,0.0,0.0,0.0,0.0,0.0,0.0,0.0
MRK,Bear Call Spread,-26.84,-77.0,77.0,123.0,46.21,53.79,-0.21821138211382113,-17.000000000000004,0.0,0.0,0.0,0.0,0.0,0.0,0.0,0.0,0.0,0.0,0.0,-1.0,0.0,0.0,0.0,1.0,0.0,0.0,0.0,0.0,0.0,0.0,0.0,0.0,0.0,0.0,0.0,0.0,0.0,0.0,0.0,0.0,0.0,0.0,0.0,0.0,0.0,0.0
MRK,Bear Call Spread,-25.78,-35.0,35.0,115.0,55.45,44.55,-0.22417391304347828,-12.0,0.0,1.0000000000000009,-0.9999999999999996,0.0,0.0,0.0,0.0,0.0,0.0,0.0,0.0,0.0,0.0,0.0,-1.0,0.0,0.0,1.0,0.0,0.0,0.0,0.0,0.0,0.0,0.0,0.0,0.0,0.0,0.0,0.0,0.0,0.0,0.0,0.0,0.0,0.0,0.0,0.0
MRK,Bear Call Spread,-30.66,-116.0,116.0,134.0,40.75,59.25,-0.22880597014925375,-21.000000000000004,0.0,0.0,0.9999999999999996,-1.0,0.0,0.0,0.0,0.0,0.0,-1.0,0.0,0.0,0.0,0.0,1.0,0.0,0.0,0.0,0.0,0.0,0.0,0.0,0.0,0.0,0.0,0.0,0.0,0.0,0.0,0.0,0.0,0.0,0.0,0.0,0.0,0.0,0.0,0.0
MRK,Bear Call Spread,-34.45,-100.99999999999997,100.99999999999997,149.00000000000003,43.46,56.54,-0.23120805369127514,-20.999999999999996,0.0,0.0,0.0,0.0,0.0,0.0,0.0,0.0,0.0,0.0,-1.0,0.0,0.0,0.0,0.0,1.0,0.0,0.0,0.0,0.0,0.0,0.0,0.0,0.0,0.0,0.0,0.0,0.0,0.0,0.0,0.0,0.0,0.0,0.0,0.0,0.0,0.0,0.0
MRK,Bear Call Spread,-40.12,-277.0,277.0,173.0,32.96,67.04,-0.23190751445086705,-33.00000000000001,3.0,-2.0000000000000004,1.9999999999999998,-1.0,-1.0,0.0,0.0,0.0,0.0,0.0,0.0,0.0,0.0,1.0,0.0,0.0,0.0,0.0,0.0,0.0,0.0,0.0,0.0,0.0,0.0,0.0,0.0,0.0,0.0,0.0,0.0,0.0,0.0,0.0,0.0,0.0,0.0,0.0
MRK,Bear Call Spread,-38.05,-236.99999999999994,236.99999999999994,163.00000000000006,33.79,66.21,-0.2334355828220858,-30.000000000000004,3.0,-1.0000000000000009,1.9999999999999998,-1.0,0.0,-1.0,0.0,0.0,0.0,0.0,0.0,0.0,0.0,1.0,0.0,0.0,0.0,0.0,0.0,0.0,0.0,0.0,0.0,0.0,0.0,0.0,0.0,0.0,0.0,0.0,0.0,0.0,0.0,0.0,0.0,0.0,0.0,0.0
MRK,Bear Call Spread,-21.92,-8.0,8.0,92.0,66.89,33.11,-0.23826086956521741,-7.000000000000001,-0.9999999999999996,0.9999999999999996,0.0,0.0,0.0,0.0,0.0,0.0,0.0,0.0,0.0,0.0,0.0,0.0,0.0,0.0,0.0,-1.0,0.0,1.0,0.0,0.0,0.0,0.0,0.0,0.0,0.0,0.0,0.0,0.0,0.0,0.0,0.0,0.0,0.0,0.0,0.0,0.0
MRK,Bear Call Spread,-33.1,-162.0,162.0,138.0,35.48,64.52,-0.23985507246376814,-24.0,1.9999999999999991,-1.0000000000000009,0.9999999999999996,-1.0,0.0,0.0,0.0,-1.0,0.0,0.0,0.0,0.0,0.0,1.0,0.0,0.0,0.0,0.0,0.0,0.0,0.0,0.0,0.0,0.0,0.0,0.0,0.0,0.0,0.0,0.0,0.0,0.0,0.0,0.0,0.0,0.0,0.0,0.0
MRK,Bear Call Spread,-20.99,-13.0,13.0,87.0,62.63,37.37,-0.24126436781609192,-7.9999999999999964,-0.9999999999999996,0.0,0.0,0.0,0.0,0.0,0.0,0.0,0.0,0.0,0.0,0.0,0.0,0.0,0.0,0.0,-1.0,0.0,1.0,0.0,0.0,0.0,0.0,0.0,0.0,0.0,0.0,0.0,0.0,0.0,0.0,0.0,0.0,0.0,0.0,0.0,0.0,0.0
MRK,Bear Call Spread,-26.55,-40.999999999999986,40.999999999999986,109.00000000000001,51.77,48.23,-0.24357798165137612,-12.0,-0.9999999999999996,1.0000000000000009,-0.9999999999999996,0.0,0.0,0.0,0.0,0.0,0.0,0.0,0.0,0.0,0.0,-1.0,0.0,0.0,1.0,0.0,0.0,0.0,0.0,0.0,0.0,0.0,0.0,0.0,0.0,0.0,0.0,0.0,0.0,0.0,0.0,0.0,0.0,0.0,0.0,0.0
MRK,Bear Call Spread,-37.32,-197.0,197.0,153.0,34.63,65.37,-0.24392156862745099,-27.0,1.9999999999999991,-1.0000000000000009,0.9999999999999996,-1.0,0.0,0.0,-1.0,0.0,0.0,0.0,0.0,0.0,0.0,1.0,0.0,0.0,0.0,0.0,0.0,0.0,0.0,0.0,0.0,0.0,0.0,0.0,0.0,0.0,0.0,0.0,0.0,0.0,0.0,0.0,0.0,0.0,0.0,0.0
MRK,Bear Call Spread,-30.55,-127.0,127.0,123.0,37.21,62.79,-0.2483739837398374,-20.000000000000007,1.9999999999999991,0.0,0.9999999999999996,-1.0,0.0,0.0,0.0,0.0,-1.0,0.0,0.0,0.0,0.0,1.0,0.0,0.0,0.0,0.0,0.0,0.0,0.0,0.0,0.0,0.0,0.0,0.0,0.0,0.0,0.0,0.0,0.0,0.0,0.0,0.0,0.0,0.0,0.0,0.0
MRK,Bear Call Spread,-23.33,-58.0,58.0,92.0,44.37,55.63,-0.2535869565217391,-13.000000000000005,0.0,0.0,0.0,0.0,0.0,0.0,0.0,0.0,0.0,0.0,0.0,-1.0,0.0,0.0,1.0,0.0,0.0,0.0,0.0,0.0,0.0,0.0,0.0,0.0,0.0,0.0,0.0,0.0,0.0,0.0,0.0,0.0,0.0,0.0,0.0,0.0,0.0,0.0
MRK,Bear Call Spread,-38.0,-252.0,252.0,148.0,30.53,69.47,-0.25675675675675674,-29.000000000000004,3.0,-2.0000000000000004,1.9999999999999998,-1.0,-1.0,0.0,0.0,0.0,0.0,0.0,0.0,0.0,1.0,0.0,0.0,0.0,0.0,0.0,0.0,0.0,0.0,0.0,0.0,0.0,0.0,0.0,0.0,0.0,0.0,0.0,0.0,0.0,0.0,0.0,0.0,0.0,0.0,0.0
MRK,Bear Call Spread,-35.93,-211.99999999999994,211.99999999999994,138.00000000000006,31.33,68.67,-0.2603623188405796,-26.0,3.0,-1.0000000000000009,1.9999999999999998,-1.0,0.0,-1.0,0.0,0.0,0.0,0.0,0.0,0.0,1.0,0.0,0.0,0.0,0.0,0.0,0.0,0.0,0.0,0.0,0.0,0.0,0.0,0.0,0.0,0.0,0.0,0.0,0.0,0.0,0.0,0.0,0.0,0.0,0.0,0.0
MRK,Bear Call Spread,-30.94,-81.99999999999997,81.99999999999997,118.00000000000003,41.65,58.35,-0.26220338983050845,-17.0,0.0,0.0,0.0,0.0,0.0,0.0,0.0,0.0,0.0,0.0,-1.0,0.0,0.0,0.0,1.0,0.0,0.0,0.0,0.0,0.0,0.0,0.0,0.0,0.0,0.0,0.0,0.0,0.0,0.0,0.0,0.0,0.0,0.0,0.0,0.0,0.0,0.0,0.0
MRK,Bear Call Spread,-27.44,-47.0,47.0,103.0,48.06,51.94,-0.2664077669902913,-12.0,-0.9999999999999996,0.0,0.0,0.0,0.0,0.0,0.0,0.0,0.0,0.0,0.0,0.0,-1.0,0.0,0.0,1.0,0.0,0.0,0.0,0.0,0.0,0.0,0.0,0.0,0.0,0.0,0.0,0.0,0.0,0.0,0.0,0.0,0.0,0.0,0.0,0.0,0.0,0.0
MRK,Bear Call Spread,-28.85,-93.0,93.0,107.0,38.08,61.92,-0.2696261682242991,-17.000000000000004,0.9999999999999996,0.0,0.9999999999999996,-1.0,0.0,0.0,0.0,0.0,0.0,-1.0,0.0,0.0,0.0,1.0,0.0,0.0,0.0,0.0,0.0,0.0,0.0,0.0,0.0,0.0,0.0,0.0,0.0,0.0,0.0,0.0,0.0,0.0,0.0,0.0,0.0,0.0,0.0,0.0
MRK,Bear Call Spread,-23.28,-15.000000000000014,15.000000000000014,84.99999999999999,58.18,41.82,-0.2738823529411765,-8.000000000000002,0.0,1.0000000000000009,-0.9999999999999996,0.0,0.0,0.0,0.0,0.0,0.0,0.0,0.0,0.0,0.0,0.0,0.0,-1.0,0.0,1.0,0.0,0.0,0.0,0.0,0.0,0.0,0.0,0.0,0.0,0.0,0.0,0.0,0.0,0.0,0.0,0.0,0.0,0.0,0.0,0.0
MRK,Bear Call Spread,-30.97,-137.0,137.0,113.0,33.79,66.21,-0.27407079646017696,-19.999999999999996,1.9999999999999991,-1.0000000000000009,0.9999999999999996,-1.0,0.0,0.0,0.0,-1.0,0.0,0.0,0.0,0.0,1.0,0.0,0.0,0.0,0.0,0.0,0.0,0.0,0.0,0.0,0.0,0.0,0.0,0.0,0.0,0.0,0.0,0.0,0.0,0.0,0.0,0.0,0.0,0.0,0.0,0.0
MRK,Bear Call Spread,-35.19,-172.0,172.0,128.0,32.14,67.86,-0.274921875,-23.0,1.9999999999999991,-1.0000000000000009,0.9999999999999996,-1.0,0.0,0.0,-1.0,0.0,0.0,0.0,0.0,0.0,1.0,0.0,0.0,0.0,0.0,0.0,0.0,0.0,0.0,0.0,0.0,0.0,0.0,0.0,0.0,0.0,0.0,0.0,0.0,0.0,0.0,0.0,0.0,0.0,0.0,0.0
MRK,Bear Call Spread,-35.6,-225.0,225.0,125.0,28.2,71.8,-0.2848,-24.0,2.0000000000000004,-2.0000000000000004,1.9999999999999998,-1.0,-1.0,0.0,0.0,0.0,0.0,0.0,0.0,1.0,0.0,0.0,0.0,0.0,0.0,0.0,0.0,0.0,0.0,0.0,0.0,0.0,0.0,0.0,0.0,0.0,0.0,0.0,0.0,0.0,0.0,0.0,0.0,0.0,0.0,0.0
MRK,Bear Call Spread,-28.43,-102.0,102.0,98.0,34.63,65.37,-0.2901020408163265,-16.000000000000004,1.9999999999999991,0.0,0.9999999999999996,-1.0,0.0,0.0,0.0,0.0,-1.0,0.0,0.0,0.0,1.0,0.0,0.0,0.0,0.0,0.0,0.0,0.0,0.0,0.0,0.0,0.0,0.0,0.0,0.0,0.0,0.0,0.0,0.0,0.0,0.0,0.0,0.0,0.0,0.0,0.0
MRK,Bear Call Spread,-33.53,-184.99999999999994,184.99999999999994,115.00000000000006,28.96,71.04,-0.2915652173913042,-20.999999999999996,2.0000000000000004,-1.0000000000000009,1.9999999999999998,-1.0,0.0,-1.0,0.0,0.0,0.0,0.0,0.0,1.0,0.0,0.0,0.0,0.0,0.0,0.0,0.0,0.0,0.0,0.0,0.0,0.0,0.0,0.0,0.0,0.0,0.0,0.0,0.0,0.0,0.0,0.0,0.0,0.0,0.0,0.0
MRK,Bear Call Spread,-23.74,-18.999999999999986,18.999999999999986,81.00000000000001,54.53,45.47,-0.29308641975308636,-8.000000000000002,0.0,1.0000000000000009,-0.9999999999999996,0.0,0.0,0.0,0.0,0.0,0.0,0.0,0.0,0.0,0.0,0.0,-1.0,0.0,1.0,0.0,0.0,0.0,0.0,0.0,0.0,0.0,0.0,0.0,0.0,0.0,0.0,0.0,0.0,0.0,0.0,0.0,0.0,0.0,0.0,0.0
MRK,Bear Call Spread,-32.79,-145.0,145.0,105.0,29.74,70.26,-0.3122857142857143,-17.999999999999993,0.9999999999999996,-1.0000000000000009,0.9999999999999996,-1.0,0.0,0.0,-1.0,0.0,0.0,0.0,0.0,1.0,0.0,0.0,0.0,0.0,0.0,0.0,0.0,0.0,0.0,0.0,0.0,0.0,0.0,0.0,0.0,0.0,0.0,0.0,0.0,0.0,0.0,0.0,0.0,0.0,0.0,0.0
MRK,Bear Call Spread,-28.57,-110.0,110.0,90.0,31.33,68.67,-0.3174444444444445,-14.999999999999991,0.9999999999999996,-1.0000000000000009,0.9999999999999996,-1.0,0.0,0.0,0.0,-1.0,0.0,0.0,0.0,1.0,0.0,0.0,0.0,0.0,0.0,0.0,0.0,0.0,0.0,0.0,0.0,0.0,0.0,0.0,0.0,0.0,0.0,0.0,0.0,0.0,0.0,0.0,0.0,0.0,0.0,0.0
MRK,Bear Call Spread,-29.13,-58.99999999999997,58.99999999999997,91.00000000000003,39.85,60.15,-0.32010989010989,-13.0,0.9999999999999996,0.0,0.0,0.0,0.0,0.0,0.0,0.0,0.0,0.0,-1.0,0.0,0.0,1.0,0.0,0.0,0.0,0.0,0.0,0.0,0.0,0.0,0.0,0.0,0.0,0.0,0.0,0.0,0.0,0.0,0.0,0.0,0.0,0.0,0.0,0.0,0.0,0.0
MRK,Bear Call Spread,-25.32,-22.0,22.0,78.0,49.91,50.09,-0.32461538461538464,-7.9999999999999964,-0.9999999999999996,0.0,0.0,0.0,0.0,0.0,0.0,0.0,0.0,0.0,0.0,0.0,0.0,-1.0,0.0,1.0,0.0,0.0,0.0,0.0,0.0,0.0,0.0,0.0,0.0,0.0,0.0,0.0,0.0,0.0,0.0,0.0,0.0,0.0,0.0,0.0,0.0,0.0
MRK,Bear Call Spread,-26.73,-68.0,68.0,82.0,36.34,63.66,-0.3259756097560976,-13.0,0.9999999999999996,0.0,0.9999999999999996,-1.0,0.0,0.0,0.0,0.0,0.0,-1.0,0.0,0.0,1.0,0.0,0.0,0.0,0.0,0.0,0.0,0.0,0.0,0.0,0.0,0.0,0.0,0.0,0.0,0.0,0.0,0.0,0.0,0.0,0.0,0.0,0.0,0.0,0.0,0.0
MRK,Bear Call Spread,-34.99,-194.0,194.0,106.0,25.97,74.03,-0.3300943396226415,-20.000000000000007,2.0000000000000004,-2.0000000000000004,1.9999999999999998,-1.0,-1.0,0.0,0.0,0.0,0.0,0.0,1.0,0.0,0.0,0.0,0.0,0.0,0.0,0.0,0.0,0.0,0.0,0.0,0.0,0.0,0.0,0.0,0.0,0.0,0.0,0.0,0.0,0.0,0.0,0.0,0.0,0.0,0.0,0.0
MRK,Bear Call Spread,-21.52,-35.0,35.0,65.0,41.65,58.35,-0.33107692307692305,-9.000000000000007,0.9999999999999996,0.0,0.0,0.0,0.0,0.0,0.0,0.0,0.0,0.0,0.0,-1.0,0.0,1.0,0.0,0.0,0.0,0.0,0.0,0.0,0.0,0.0,0.0,0.0,0.0,0.0,0.0,0.0,0.0,0.0,0.0,0.0,0.0,0.0,0.0,0.0,0.0,0.0
MRK,Bear Call Spread,-23.93,-28.0,28.0,72.0,46.21,53.79,-0.3323611111111111,-8.000000000000002,-0.9999999999999996,0.0,0.0,0.0,0.0,0.0,0.0,0.0,0.0,0.0,0.0,0.0,-1.0,0.0,1.0,0.0,0.0,0.0,0.0,0.0,0.0,0.0,0.0,0.0,0.0,0.0,0.0,0.0,0.0,0.0,0.0,0.0,0.0,0.0,0.0,0.0,0.0,0.0
MRK,Bear Call Spread,-32.92,-153.99999999999994,153.99999999999994,96.00000000000006,26.7,73.3,-0.3429166666666665,-17.000000000000004,2.0000000000000004,-1.0000000000000009,1.9999999999999998,-1.0,0.0,-1.0,0.0,0.0,0.0,0.0,1.0,0.0,0.0,0.0,0.0,0.0,0.0,0.0,0.0,0.0,0.0,0.0,0.0,0.0,0.0,0.0,0.0,0.0,0.0,0.0,0.0,0.0,0.0,0.0,0.0,0.0,0.0,0.0
MRK,Bear Call Spread,-26.03,-75.0,75.0,75.0,32.14,67.86,-0.3470666666666667,-10.999999999999998,0.9999999999999996,0.0,0.9999999999999996,-1.0,0.0,0.0,0.0,0.0,-1.0,0.0,0.0,1.0,0.0,0.0,0.0,0.0,0.0,0.0,0.0,0.0,0.0,0.0,0.0,0.0,0.0,0.0,0.0,0.0,0.0,0.0,0.0,0.0,0.0,0.0,0.0,0.0,0.0,0.0
MRK,Bear Call Spread,-32.19,-114.0,114.0,86.0,27.44,72.56,-0.3743023255813953,-14.000000000000002,0.9999999999999996,-1.0000000000000009,0.9999999999999996,-1.0,0.0,0.0,-1.0,0.0,0.0,0.0,1.0,0.0,0.0,0.0,0.0,0.0,0.0,0.0,0.0,0.0,0.0,0.0,0.0,0.0,0.0,0.0,0.0,0.0,0.0,0.0,0.0,0.0,0.0,0.0,0.0,0.0,0.0,0.0
MRK,Bear Call Spread,-33.27,-162.0,162.0,88.0,23.86,76.14,-0.37806818181818186,-16.000000000000004,2.0000000000000004,-2.0000000000000004,1.0000000000000002,0.0,-1.0,0.0,0.0,0.0,0.0,1.0,0.0,0.0,0.0,0.0,0.0,0.0,0.0,0.0,0.0,0.0,0.0,0.0,0.0,0.0,0.0,0.0,0.0,0.0,0.0,0.0,0.0,0.0,0.0,0.0,0.0,0.0,0.0,0.0
MRK,Bear Call Spread,-27.97,-79.0,79.0,71.0,28.96,71.04,-0.39394366197183095,-10.999999999999998,0.9999999999999996,-1.0000000000000009,0.9999999999999996,-1.0,0.0,0.0,0.0,-1.0,0.0,0.0,1.0,0.0,0.0,0.0,0.0,0.0,0.0,0.0,0.0,0.0,0.0,0.0,0.0,0.0,0.0,0.0,0.0,0.0,0.0,0.0,0.0,0.0,0.0,0.0,0.0,0.0,0.0,0.0
MRK,Bear Call Spread,-31.2,-121.99999999999994,121.99999999999994,78.00000000000006,24.55,75.45,-0.3999999999999997,-13.0,2.0000000000000004,-1.0000000000000009,1.0000000000000002,0.0,0.0,-1.0,0.0,0.0,0.0,1.0,0.0,0.0,0.0,0.0,0.0,0.0,0.0,0.0,0.0,0.0,0.0,0.0,0.0,0.0,0.0,0.0,0.0,0.0,0.0,0.0,0.0,0.0,0.0,0.0,0.0,0.0,0.0,0.0
MRK,Bear Call Spread,-27.01,-33.99999999999997,33.99999999999997,66.00000000000003,37.21,62.79,-0.4092424242424241,-8.999999999999996,0.9999999999999996,0.0,0.0,0.0,0.0,0.0,0.0,0.0,0.0,0.0,-1.0,0.0,1.0,0.0,0.0,0.0,0.0,0.0,0.0,0.0,0.0,0.0,0.0,0.0,0.0,0.0,0.0,0.0,0.0,0.0,0.0,0.0,0.0,0.0,0.0,0.0,0.0,0.0
MRK,Bear Call Spread,-24.33,-41.0,41.0,59.0,33.79,66.21,-0.4123728813559322,-7.9999999999999964,0.0,0.0,0.9999999999999996,-1.0,0.0,0.0,0.0,0.0,0.0,-1.0,0.0,1.0,0.0,0.0,0.0,0.0,0.0,0.0,0.0,0.0,0.0,0.0,0.0,0.0,0.0,0.0,0.0,0.0,0.0,0.0,0.0,0.0,0.0,0.0,0.0,0.0,0.0,0.0
MRK,Bear Call Spread,-30.47,-82.0,82.0,68.0,25.25,74.75,-0.4480882352941176,-9.999999999999998,0.9999999999999996,-1.0000000000000009,0.0,0.0,0.0,0.0,-1.0,0.0,0.0,1.0,0.0,0.0,0.0,0.0,0.0,0.0,0.0,0.0,0.0,0.0,0.0,0.0,0.0,0.0,0.0,0.0,0.0,0.0,0.0,0.0,0.0,0.0,0.0,0.0,0.0,0.0,0.0,0.0
MRK,Bear Call Spread,-25.42,-44.0,44.0,56.0,29.74,70.26,-0.45392857142857146,-7.000000000000006,0.9999999999999996,0.0,0.9999999999999996,-1.0,0.0,0.0,0.0,0.0,-1.0,0.0,1.0,0.0,0.0,0.0,0.0,0.0,0.0,0.0,0.0,0.0,0.0,0.0,0.0,0.0,0.0,0.0,0.0,0.0,0.0,0.0,0.0,0.0,0.0,0.0,0.0,0.0,0.0,0.0
MRK,Bear Call Spread,-34.57,-125.0,125.0,75.0,21.23,78.77,-0.46093333333333336,-13.0,1.0000000000000009,-2.0000000000000004,1.0000000000000002,0.0,-1.0,0.0,0.0,0.0,1.0,0.0,0.0,0.0,0.0,0.0,0.0,0.0,0.0,0.0,0.0,0.0,0.0,0.0,0.0,0.0,0.0,0.0,0.0,0.0,0.0,0.0,0.0,0.0,0.0,0.0,0.0,0.0,0.0,0.0
MRK,Bear Call Spread,-21.81,-3.0,3.0,47.0,48.06,51.94,-0.46404255319148935,-3.9999999999999982,-0.9999999999999996,0.0,0.0,0.0,0.0,0.0,0.0,0.0,0.0,0.0,0.0,0.0,0.0,-1.0,1.0,0.0,0.0,0.0,0.0,0.0,0.0,0.0,0.0,0.0,0.0,0.0,0.0,0.0,0.0,0.0,0.0,0.0,0.0,0.0,0.0,0.0,0.0,0.0
MRK,Bear Call Spread,-19.4,-10.0,10.0,40.0,39.85,60.15,-0.485,-5.000000000000004,0.9999999999999996,0.0,0.0,0.0,0.0,0.0,0.0,0.0,0.0,0.0,0.0,-1.0,1.0,0.0,0.0,0.0,0.0,0.0,0.0,0.0,0.0,0.0,0.0,0.0,0.0,0.0,0.0,0.0,0.0,0.0,0.0,0.0,0.0,0.0,0.0,0.0,0.0,0.0
MRK,Bear Call Spread,-22.12,-5.0,5.0,45.0,43.46,56.54,-0.4915555555555556,-4.0000000000000036,0.0,0.0,0.0,0.0,0.0,0.0,0.0,0.0,0.0,0.0,0.0,0.0,-1.0,1.0,0.0,0.0,0.0,0.0,0.0,0.0,0.0,0.0,0.0,0.0,0.0,0.0,0.0,0.0,0.0,0.0,0.0,0.0,0.0,0.0,0.0,0.0,0.0,0.0
MRK,Bear Call Spread,-26.25,-47.0,47.0,53.0,26.7,73.3,-0.49528301886792453,-6.999999999999995,0.9999999999999996,-1.0000000000000009,0.0,0.0,0.0,0.0,0.0,-1.0,0.0,1.0,0.0,0.0,0.0,0.0,0.0,0.0,0.0,0.0,0.0,0.0,0.0,0.0,0.0,0.0,0.0,0.0,0.0,0.0,0.0,0.0,0.0,0.0,0.0,0.0,0.0,0.0,0.0,0.0
MRK,Bear Call Spread,-32.49,-84.99999999999994,84.99999999999994,65.00000000000006,21.86,78.14,-0.49984615384615344,-9.999999999999998,1.0000000000000009,-1.0000000000000009,1.0000000000000002,0.0,0.0,-1.0,0.0,0.0,1.0,0.0,0.0,0.0,0.0,0.0,0.0,0.0,0.0,0.0,0.0,0.0,0.0,0.0,0.0,0.0,0.0,0.0,0.0,0.0,0.0,0.0,0.0,0.0,0.0,0.0,0.0,0.0,0.0,0.0
MRK,Bear Call Spread,-32.03,-90.0,90.0,60.0,19.39,80.61,-0.5338333333333334,-9.000000000000007,1.0000000000000009,-0.9999999999999996,1.0000000000000002,0.0,-1.0,0.0,0.0,1.0,0.0,0.0,0.0,0.0,0.0,0.0,0.0,0.0,0.0,0.0,0.0,0.0,0.0,0.0,0.0,0.0,0.0,0.0,0.0,0.0,0.0,0.0,0.0,0.0,0.0,0.0,0.0,0.0,0.0,0.0
MRK,Bear Call Spread,-24.61,-6.999999999999972,6.999999999999972,43.00000000000003,35.48,64.52,-0.5723255813953484,-3.9999999999999925,0.0,0.0,0.0,0.0,0.0,0.0,0.0,0.0,0.0,0.0,-1.0,1.0,0.0,0.0,0.0,0.0,0.0,0.0,0.0,0.0,0.0,0.0,0.0,0.0,0.0,0.0,0.0,0.0,0.0,0.0,0.0,0.0,0.0,0.0,0.0,0.0,0.0,0.0
MRK,Bear Call Spread,-31.76,-45.0,45.0,55.0,22.52,77.48,-0.5774545454545454,-6.999999999999995,0.0,-1.0000000000000009,0.0,0.0,0.0,0.0,-1.0,0.0,1.0,0.0,0.0,0.0,0.0,0.0,0.0,0.0,0.0,0.0,0.0,0.0,0.0,0.0,0.0,0.0,0.0,0.0,0.0,0.0,0.0,0.0,0.0,0.0,0.0,0.0,0.0,0.0,0.0,0.0
MRK,Bear Call Spread,-23.72,-10.0,10.0,40.0,31.33,68.67,-0.593,-4.0000000000000036,0.0,0.0,0.9999999999999996,-1.0,0.0,0.0,0.0,0.0,0.0,-1.0,1.0,0.0,0.0,0.0,0.0,0.0,0.0,0.0,0.0,0.0,0.0,0.0,0.0,0.0,0.0,0.0,0.0,0.0,0.0,0.0,0.0,0.0,0.0,0.0,0.0,0.0,0.0,0.0
MRK,Bear Call Spread,-29.95,-49.99999999999994,49.99999999999994,50.00000000000006,19.99,80.01,-0.5989999999999993,-6.000000000000005,1.0000000000000009,0.0,1.0000000000000002,0.0,0.0,-1.0,0.0,1.0,0.0,0.0,0.0,0.0,0.0,0.0,0.0,0.0,0.0,0.0,0.0,0.0,0.0,0.0,0.0,0.0,0.0,0.0,0.0,0.0,0.0,0.0,0.0,0.0,0.0,0.0,0.0,0.0,0.0,0.0
MRK,Bear Call Spread,-27.81,-55.0,55.0,45.0,17.14,82.86,-0.618,-6.000000000000005,1.0000000000000009,-0.9999999999999996,1.0000000000000002,0.0,-1.0,0.0,1.0,0.0,0.0,0.0,0.0,0.0,0.0,0.0,0.0,0.0,0.0,0.0,0.0,0.0,0.0,0.0,0.0,0.0,0.0,0.0,0.0,0.0,0.0,0.0,0.0,0.0,0.0,0.0,0.0,0.0,0.0,0.0
MRK,Bear Call Spread,-23.7,-12.0,12.0,38.0,27.44,72.56,-0.6236842105263157,-3.0000000000000027,0.9999999999999996,0.0,0.0,0.0,0.0,0.0,0.0,0.0,-1.0,1.0,0.0,0.0,0.0,0.0,0.0,0.0,0.0,0.0,0.0,0.0,0.0,0.0,0.0,0.0,0.0,0.0,0.0,0.0,0.0,0.0,0.0,0.0,0.0,0.0,0.0,0.0,0.0,0.0
MRK,Bear Call Spread,-27.54,-10.0,10.0,40.0,23.86,76.14,-0.6885,-3.9999999999999925,0.0,-1.0000000000000009,0.0,0.0,0.0,0.0,0.0,-1.0,1.0,0.0,0.0,0.0,0.0,0.0,0.0,0.0,0.0,0.0,0.0,0.0,0.0,0.0,0.0,0.0,0.0,0.0,0.0,0.0,0.0,0.0,0.0,0.0,0.0,0.0,0.0,0.0,0.0,0.0
MRK,Bear Call Spread,-29.22,-10.0,10.0,40.0,20.6,79.4,-0.7304999999999999,-3.0000000000000027,0.0,0.0,0.0,0.0,0.0,0.0,-1.0,1.0,0.0,0.0,0.0,0.0,0.0,0.0,0.0,0.0,0.0,0.0,0.0,0.0,0.0,0.0,0.0,0.0,0.0,0.0,0.0,0.0,0.0,0.0,0.0,0.0,0.0,0.0,0.0,0.0,0.0,0.0
MRK,Bear Call Spread,-25.73,-14.999999999999943,14.999999999999943,35.00000000000006,17.68,82.32,-0.735142857142856,-3.0000000000000027,1.0000000000000009,0.0,1.0000000000000002,0.0,0.0,-1.0,1.0,0.0,0.0,0.0,0.0,0.0,0.0,0.0,0.0,0.0,0.0,0.0,0.0,0.0,0.0,0.0,0.0,0.0,0.0,0.0,0.0,0.0,0.0,0.0,0.0,0.0,0.0,0.0,0.0,0.0,0.0,0.0
MRK,Bear Call Spread,-27.07,-15.000000000000057,15.000000000000057,34.99999999999994,15.1,84.9,-0.7734285714285727,-3.0000000000000027,0.0,-0.9999999999999996,0.0,0.0,-1.0,1.0,0.0,0.0,0.0,0.0,0.0,0.0,0.0,0.0,0.0,0.0,0.0,0.0,0.0,0.0,0.0,0.0,0.0,0.0,0.0,0.0,0.0,0.0,0.0,0.0,0.0,0.0,0.0,0.0,0.0,0.0,0.0,0.0
MRK,Bear Put Spread,-48.99,387.0,313.0,387.0,44.37,55.63,-0.12658914728682172,-55.00000000000001,-1.0000000000000009,0.9999999999999996,-1.0000000000000002,-1.0,0.0,0.0,0.0,0.0,0.0,0.0,0.0,0.0,0.0,0.0,0.0,0.0,0.0,0.0,0.0,0.0,0.0,0.0,0.0,-1.0,0.0,0.0,0.0,0.0,0.0,0.0,0.0,0.0,0.0,0.0,0.0,0.0,0.0,1.0
MRK,Bear Put Spread,-47.77,375.0,275.0,375.0,45.29,54.71,-0.12738666666666668,-51.0,-1.0000000000000009,0.9999999999999996,-1.0000000000000002,-1.0,0.0,0.0,0.0,0.0,0.0,0.0,0.0,0.0,0.0,0.0,0.0,0.0,0.0,0.0,0.0,0.0,0.0,0.0,0.0,0.0,-1.0,0.0,0.0,0.0,0.0,0.0,0.0,0.0,0.0,0.0,0.0,0.0,0.0,1.0
MRK,Bear Put Spread,-50.72,398.0,352.0,398.0,43.46,56.54,-0.12743718592964823,-58.00000000000001,0.0,0.9999999999999996,0.0,-1.0,0.0,0.0,0.0,0.0,0.0,0.0,0.0,0.0,0.0,0.0,0.0,0.0,0.0,0.0,0.0,0.0,0.0,0.0,-1.0,0.0,0.0,0.0,0.0,0.0,0.0,0.0,0.0,0.0,0.0,0.0,0.0,0.0,0.0,1.0
MRK,Bear Put Spread,-46.23,361.0,239.0,361.0,47.14,52.86,-0.12806094182825484,-48.00000000000001,-2.0000000000000004,2.0000000000000004,-1.0000000000000002,-1.0,0.0,0.0,0.0,0.0,0.0,0.0,0.0,0.0,0.0,0.0,0.0,0.0,0.0,0.0,0.0,0.0,0.0,0.0,0.0,0.0,0.0,-1.0,0.0,0.0,0.0,0.0,0.0,0.0,0.0,0.0,0.0,0.0,0.0,1.0
MRK,Bear Put Spread,-41.8,326.0,174.0,326.0,49.91,50.09,-0.1282208588957055,-40.0,-2.0000000000000004,2.0000000000000004,-1.9999999999999998,-1.0,0.0,0.0,0.0,0.0,0.0,0.0,0.0,0.0,0.0,0.0,0.0,0.0,0.0,0.0,0.0,0.0,0.0,0.0,0.0,0.0,0.0,0.0,0.0,-1.0,0.0,0.0,0.0,0.0,0.0,0.0,0.0,0.0,0.0,1.0
MRK,Bear Put Spread,-39.19,305.0,145.0,305.0,51.77,48.23,-0.1284918032786885,-36.00000000000001,-3.0,2.0000000000000004,-1.9999999999999998,-1.0,0.0,0.0,0.0,0.0,0.0,0.0,0.0,0.0,0.0,0.0,0.0,0.0,0.0,0.0,0.0,0.0,0.0,0.0,0.0,0.0,0.0,0.0,0.0,0.0,-1.0,0.0,0.0,0.0,0.0,0.0,0.0,0.0,0.0,1.0
MRK,Bear Put Spread,-44.52,345.0,205.0,345.0,48.06,51.94,-0.12904347826086957,-44.00000000000001,-2.0000000000000004,2.0000000000000004,-1.0000000000000002,-1.0,0.0,0.0,0.0,0.0,0.0,0.0,0.0,0.0,0.0,0.0,0.0,0.0,0.0,0.0,0.0,0.0,0.0,0.0,0.0,0.0,0.0,0.0,-1.0,0.0,0.0,0.0,0.0,0.0,0.0,0.0,0.0,0.0,0.0,1.0
MRK,Bear Put Spread,-52.79,408.0,392.0,408.0,42.55,57.45,-0.1293872549019608,-61.00000000000001,0.0,0.0,0.0,-1.0,0.0,0.0,0.0,0.0,0.0,0.0,0.0,0.0,0.0,0.0,0.0,0.0,0.0,0.0,0.0,0.0,0.0,-1.0,0.0,0.0,0.0,0.0,0.0,0.0,0.0,0.0,0.0,0.0,0.0,0.0,0.0,0.0,0.0,1.0
MRK,Bear Put Spread,-36.79,282.0,118.0,282.0,54.53,45.47,-0.13046099290780142,-31.000000000000007,-3.0,2.0000000000000004,-1.9999999999999998,-1.0,0.0,0.0,0.0,0.0,0.0,0.0,0.0,0.0,0.0,0.0,0.0,0.0,0.0,0.0,0.0,0.0,0.0,0.0,0.0,0.0,0.0,0.0,0.0,0.0,0.0,-1.0,0.0,0.0,0.0,0.0,0.0,0.0,0.0,1.0
MRK,Bear Put Spread,-34.67,257.0,93.0,257.0,56.37,43.63,-0.13490272373540857,-27.0,-3.0,2.0000000000000004,-1.9999999999999998,0.0,0.0,0.0,0.0,0.0,0.0,0.0,0.0,0.0,0.0,0.0,0.0,0.0,0.0,0.0,0.0,0.0,0.0,0.0,0.0,0.0,0.0,0.0,0.0,0.0,0.0,0.0,-1.0,0.0,0.0,0.0,0.0,0.0,0.0,1.0
MRK,Bear Put Spread,-46.83,347.00000000000006,302.99999999999994,347.00000000000006,43.46,56.54,-0.13495677233429393,-53.0,0.0,0.9999999999999996,-1.0000000000000002,-1.0,0.0,0.0,0.0,0.0,0.0,0.0,0.0,0.0,0.0,0.0,0.0,0.0,0.0,0.0,0.0,0.0,0.0,0.0,0.0,-1.0,0.0,0.0,0.0,0.0,0.0,0.0,0.0,0.0,0.0,0.0,0.0,0.0,1.0,0.0
MRK,Bear Put Spread,-48.57,358.00000000000006,341.99999999999994,358.00000000000006,42.55,57.45,-0.13567039106145248,-56.00000000000001,1.0000000000000009,0.9999999999999996,0.0,-1.0,0.0,0.0,0.0,0.0,0.0,0.0,0.0,0.0,0.0,0.0,0.0,0.0,0.0,0.0,0.0,0.0,0.0,0.0,-1.0,0.0,0.0,0.0,0.0,0.0,0.0,0.0,0.0,0.0,0.0,0.0,0.0,0.0,1.0,0.0
MRK,Bear Put Spread,-45.61,335.00000000000006,264.99999999999994,335.00000000000006,44.37,55.63,-0.13614925373134326,-49.00000000000001,0.0,0.9999999999999996,-1.0000000000000002,-1.0,0.0,0.0,0.0,0.0,0.0,0.0,0.0,0.0,0.0,0.0,0.0,0.0,0.0,0.0,0.0,0.0,0.0,0.0,0.0,0.0,-1.0,0.0,0.0,0.0,0.0,0.0,0.0,0.0,0.0,0.0,0.0,0.0,1.0,0.0
MRK,Bear Put Spread,-44.07,321.00000000000006,228.99999999999994,321.00000000000006,46.21,53.79,-0.1372897196261682,-46.0,-0.9999999999999996,2.0000000000000004,-1.0000000000000002,-1.0,0.0,0.0,0.0,0.0,0.0,0.0,0.0,0.0,0.0,0.0,0.0,0.0,0.0,0.0,0.0,0.0,0.0,0.0,0.0,0.0,0.0,-1.0,0.0,0.0,0.0,0.0,0.0,0.0,0.0,0.0,0.0,0.0,1.0,0.0
MRK,Bear Put Spread,-50.64,368.00000000000006,381.99999999999994,368.00000000000006,41.65,58.35,-0.1376086956521739,-59.00000000000001,1.0000000000000009,0.0,0.0,-1.0,0.0,0.0,0.0,0.0,0.0,0.0,0.0,0.0,0.0,0.0,0.0,0.0,0.0,0.0,0.0,0.0,0.0,-1.0,0.0,0.0,0.0,0.0,0.0,0.0,0.0,0.0,0.0,0.0,0.0,0.0,0.0,0.0,1.0,0.0
MRK,Bear Put Spread,-39.65,286.00000000000006,163.99999999999994,286.00000000000006,48.99,51.01,-0.1386363636363636,-38.0,-0.9999999999999996,2.0000000000000004,-1.9999999999999998,-1.0,0.0,0.0,0.0,0.0,0.0,0.0,0.0,0.0,0.0,0.0,0.0,0.0,0.0,0.0,0.0,0.0,0.0,0.0,0.0,0.0,0.0,0.0,0.0,-1.0,0.0,0.0,0.0,0.0,0.0,0.0,0.0,0.0,1.0,0.0
MRK,Bear Put Spread,-42.37,305.00000000000006,194.99999999999994,305.00000000000006,47.14,52.86,-0.13891803278688522,-42.00000000000001,-0.9999999999999996,2.0000000000000004,-1.0000000000000002,-1.0,0.0,0.0,0.0,0.0,0.0,0.0,0.0,0.0,0.0,0.0,0.0,0.0,0.0,0.0,0.0,0.0,0.0,0.0,0.0,0.0,0.0,0.0,-1.0,0.0,0.0,0.0,0.0,0.0,0.0,0.0,0.0,0.0,1.0,0.0
MRK,Bear Put Spread,-31.86,229.00000000000003,70.99999999999997,229.00000000000003,59.08,40.92,-0.13912663755458513,-23.00000000000001,-2.0000000000000004,2.0000000000000004,-1.9999999999999998,0.0,0.0,0.0,0.0,0.0,0.0,0.0,0.0,0.0,0.0,0.0,0.0,0.0,0.0,0.0,0.0,0.0,0.0,0.0,0.0,0.0,0.0,0.0,0.0,0.0,0.0,0.0,0.0,-1.0,0.0,0.0,0.0,0.0,0.0,1.0
MRK,Bear Put Spread,-37.04,265.00000000000006,134.99999999999994,265.00000000000006,50.84,49.16,-0.13977358490566033,-34.0,-1.9999999999999991,2.0000000000000004,-1.9999999999999998,-1.0,0.0,0.0,0.0,0.0,0.0,0.0,0.0,0.0,0.0,0.0,0.0,0.0,0.0,0.0,0.0,0.0,0.0,0.0,0.0,0.0,0.0,0.0,0.0,0.0,-1.0,0.0,0.0,0.0,0.0,0.0,0.0,0.0,1.0,0.0
MRK,Bear Put Spread,-34.64,242.00000000000006,107.99999999999994,242.00000000000006,53.61,46.39,-0.14314049586776856,-29.000000000000004,-1.9999999999999991,2.0000000000000004,-1.9999999999999998,-1.0,0.0,0.0,0.0,0.0,0.0,0.0,0.0,0.0,0.0,0.0,0.0,0.0,0.0,0.0,0.0,0.0,0.0,0.0,0.0,0.0,0.0,0.0,0.0,0.0,0.0,-1.0,0.0,0.0,0.0,0.0,0.0,0.0,1.0,0.0
MRK,Bear Put Spread,-32.52,217.00000000000006,82.99999999999994,217.00000000000006,55.45,44.55,-0.1498617511520737,-25.0,-1.9999999999999991,2.0000000000000004,-1.9999999999999998,0.0,0.0,0.0,0.0,0.0,0.0,0.0,0.0,0.0,0.0,0.0,0.0,0.0,0.0,0.0,0.0,0.0,0.0,0.0,0.0,0.0,0.0,0.0,0.0,0.0,0.0,0.0,-1.0,0.0,0.0,0.0,0.0,0.0,1.0,0.0
MRK,Bear Put Spread,-47.86,312.0,288.0,312.0,42.55,57.45,-0.1533974358974359,-49.0,0.0,0.0,0.0,-1.0,0.0,0.0,0.0,0.0,0.0,0.0,0.0,0.0,0.0,0.0,0.0,0.0,0.0,0.0,0.0,0.0,0.0,0.0,0.0,-1.0,0.0,0.0,0.0,0.0,0.0,0.0,0.0,0.0,0.0,0.0,0.0,1.0,0.0,0.0
MRK,Bear Put Spread,-49.59,323.0,327.0,323.0,41.65,58.35,-0.1535294117647059,-52.0,1.0000000000000009,0.0,1.0000000000000002,-1.0,0.0,0.0,0.0,0.0,0.0,0.0,0.0,0.0,0.0,0.0,0.0,0.0,0.0,0.0,0.0,0.0,0.0,0.0,-1.0,0.0,0.0,0.0,0.0,0.0,0.0,0.0,0.0,0.0,0.0,0.0,0.0,1.0,0.0,0.0
MRK,Bear Put Spread,-51.66,333.0,367.0,333.0,40.75,59.25,-0.15513513513513513,-55.00000000000001,1.0000000000000009,-0.9999999999999996,1.0000000000000002,-1.0,0.0,0.0,0.0,0.0,0.0,0.0,0.0,0.0,0.0,0.0,0.0,0.0,0.0,0.0,0.0,0.0,0.0,-1.0,0.0,0.0,0.0,0.0,0.0,0.0,0.0,0.0,0.0,0.0,0.0,0.0,0.0,1.0,0.0,0.0
MRK,Bear Put Spread,-46.64,300.0,250.0,300.0,43.46,56.54,-0.15546666666666667,-45.0,0.0,0.0,0.0,-1.0,0.0,0.0,0.0,0.0,0.0,0.0,0.0,0.0,0.0,0.0,0.0,0.0,0.0,0.0,0.0,0.0,0.0,0.0,0.0,0.0,-1.0,0.0,0.0,0.0,0.0,0.0,0.0,0.0,0.0,0.0,0.0,1.0,0.0,0.0
MRK,Bear Put Spread,-29.71,189.00000000000009,60.999999999999915,189.00000000000009,58.18,41.82,-0.15719576719576714,-21.000000000000007,-0.9999999999999996,2.0000000000000004,-1.9999999999999998,0.0,0.0,0.0,0.0,0.0,0.0,0.0,0.0,0.0,0.0,0.0,0.0,0.0,0.0,0.0,0.0,0.0,0.0,0.0,0.0,0.0,0.0,0.0,0.0,0.0,0.0,0.0,0.0,-1.0,0.0,0.0,0.0,0.0,1.0,0.0
MRK,Bear Put Spread,-45.09,286.0,214.0,286.0,44.37,55.63,-0.15765734265734266,-42.0,-0.9999999999999996,1.0000000000000009,0.0,-1.0,0.0,0.0,0.0,0.0,0.0,0.0,0.0,0.0,0.0,0.0,0.0,0.0,0.0,0.0,0.0,0.0,0.0,0.0,0.0,0.0,0.0,-1.0,0.0,0.0,0.0,0.0,0.0,0.0,0.0,0.0,0.0,1.0,0.0,0.0
MRK,Bear Put Spread,-32.35,202.00000000000003,47.99999999999997,202.00000000000003,61.75,38.25,-0.16014851485148512,-19.000000000000007,-2.0000000000000004,2.0000000000000004,-1.9999999999999998,0.0,0.0,0.0,0.0,0.0,0.0,0.0,0.0,0.0,0.0,0.0,0.0,0.0,0.0,0.0,0.0,0.0,0.0,0.0,0.0,0.0,0.0,0.0,0.0,0.0,0.0,0.0,0.0,0.0,-1.0,0.0,0.0,0.0,0.0,1.0
MRK,Bear Put Spread,-43.39,270.0,180.0,270.0,46.21,53.79,-0.1607037037037037,-38.0,-0.9999999999999996,1.0000000000000009,0.0,-1.0,0.0,0.0,0.0,0.0,0.0,0.0,0.0,0.0,0.0,0.0,0.0,0.0,0.0,0.0,0.0,0.0,0.0,0.0,0.0,0.0,0.0,0.0,-1.0,0.0,0.0,0.0,0.0,0.0,0.0,0.0,0.0,1.0,0.0,0.0
MRK,Bear Put Spread,-40.67,251.0,149.0,251.0,48.06,51.94,-0.16203187250996018,-34.0,-0.9999999999999996,1.0000000000000009,-0.9999999999999996,-1.0,0.0,0.0,0.0,0.0,0.0,0.0,0.0,0.0,0.0,0.0,0.0,0.0,0.0,0.0,0.0,0.0,0.0,0.0,0.0,0.0,0.0,0.0,0.0,-1.0,0.0,0.0,0.0,0.0,0.0,0.0,0.0,1.0,0.0,0.0
MRK,Bear Put Spread,-40.6,248.0,302.0,248.0,38.96,61.04,-0.16370967741935485,-44.00000000000001,2.0000000000000004,-1.0000000000000009,1.0000000000000002,-1.0,0.0,0.0,0.0,0.0,0.0,0.0,0.0,0.0,0.0,0.0,0.0,0.0,0.0,0.0,0.0,0.0,0.0,0.0,-1.0,0.0,0.0,0.0,0.0,0.0,0.0,0.0,0.0,0.0,0.0,1.0,0.0,0.0,0.0,0.0
MRK,Bear Put Spread,-38.87,237.0,263.0,237.0,39.85,60.15,-0.1640084388185654,-41.0,0.9999999999999996,-1.0000000000000009,0.0,-1.0,0.0,0.0,0.0,0.0,0.0,0.0,0.0,0.0,0.0,0.0,0.0,0.0,0.0,0.0,0.0,0.0,0.0,0.0,0.0,-1.0,0.0,0.0,0.0,0.0,0.0,0.0,0.0,0.0,0.0,1.0,0.0,0.0,0.0,0.0
MRK,Bear Put Spread,-42.68,258.0,342.0,258.0,38.08,61.92,-0.16542635658914728,-47.0,2.0000000000000004,-2.0000000000000004,1.0000000000000002,-1.0,0.0,0.0,0.0,0.0,0.0,0.0,0.0,0.0,0.0,0.0,0.0,0.0,0.0,0.0,0.0,0.0,0.0,-1.0,0.0,0.0,0.0,0.0,0.0,0.0,0.0,0.0,0.0,0.0,0.0,1.0,0.0,0.0,0.0,0.0
MRK,Bear Put Spread,-38.06,230.0,120.0,230.0,49.91,50.09,-0.1654782608695652,-30.0,-1.9999999999999991,1.0000000000000009,-0.9999999999999996,-1.0,0.0,0.0,0.0,0.0,0.0,0.0,0.0,0.0,0.0,0.0,0.0,0.0,0.0,0.0,0.0,0.0,0.0,0.0,0.0,0.0,0.0,0.0,0.0,0.0,-1.0,0.0,0.0,0.0,0.0,0.0,0.0,1.0,0.0,0.0
MRK,Bear Put Spread,-37.65,225.0,225.0,225.0,40.75,59.25,-0.16733333333333333,-37.00000000000001,0.9999999999999996,-1.0000000000000009,0.0,-1.0,0.0,0.0,0.0,0.0,0.0,0.0,0.0,0.0,0.0,0.0,0.0,0.0,0.0,0.0,0.0,0.0,0.0,0.0,0.0,0.0,-1.0,0.0,0.0,0.0,0.0,0.0,0.0,0.0,0.0,1.0,0.0,0.0,0.0,0.0
MRK,Bear Put Spread,-48.64,288.0,312.0,288.0,39.85,60.15,-0.1688888888888889,-48.0,2.0000000000000004,0.0,1.0000000000000002,-1.0,0.0,0.0,0.0,0.0,0.0,0.0,0.0,0.0,0.0,0.0,0.0,0.0,0.0,0.0,0.0,0.0,0.0,0.0,-1.0,0.0,0.0,0.0,0.0,0.0,0.0,0.0,0.0,0.0,0.0,0.0,1.0,0.0,0.0,0.0
MRK,Bear Put Spread,-46.91,277.0,273.0,277.0,40.75,59.25,-0.16935018050541514,-44.99999999999999,0.9999999999999996,0.0,0.0,-1.0,0.0,0.0,0.0,0.0,0.0,0.0,0.0,0.0,0.0,0.0,0.0,0.0,0.0,0.0,0.0,0.0,0.0,0.0,0.0,-1.0,0.0,0.0,0.0,0.0,0.0,0.0,0.0,0.0,0.0,0.0,1.0,0.0,0.0,0.0
MRK,Bear Put Spread,-50.72,298.0,352.0,298.0,38.96,61.04,-0.1702013422818792,-51.0,2.0000000000000004,-0.9999999999999996,1.0000000000000002,-1.0,0.0,0.0,0.0,0.0,0.0,0.0,0.0,0.0,0.0,0.0,0.0,0.0,0.0,0.0,0.0,0.0,0.0,-1.0,0.0,0.0,0.0,0.0,0.0,0.0,0.0,0.0,0.0,0.0,0.0,0.0,1.0,0.0,0.0,0.0
MRK,Bear Put Spread,-36.11,211.0,189.0,211.0,42.55,57.45,-0.17113744075829385,-34.0,0.0,0.0,0.0,-1.0,0.0,0.0,0.0,0.0,0.0,0.0,0.0,0.0,0.0,0.0,0.0,0.0,0.0,0.0,0.0,0.0,0.0,0.0,0.0,0.0,0.0,-1.0,0.0,0.0,0.0,0.0,0.0,0.0,0.0,1.0,0.0,0.0,0.0,0.0
MRK,Bear Put Spread,-35.66,207.0,93.0,207.0,51.77,48.23,-0.17227053140096615,-25.0,-1.9999999999999991,1.0000000000000009,-0.9999999999999996,-1.0,0.0,0.0,0.0,0.0,0.0,0.0,0.0,0.0,0.0,0.0,0.0,0.0,0.0,0.0,0.0,0.0,0.0,0.0,0.0,0.0,0.0,0.0,0.0,0.0,0.0,-1.0,0.0,0.0,0.0,0.0,0.0,1.0,0.0,0.0
MRK,Bear Put Spread,-45.69,265.0,235.0,265.0,41.65,58.35,-0.17241509433962263,-41.0,0.9999999999999996,0.0,0.0,-1.0,0.0,0.0,0.0,0.0,0.0,0.0,0.0,0.0,0.0,0.0,0.0,0.0,0.0,0.0,0.0,0.0,0.0,0.0,0.0,0.0,-1.0,0.0,0.0,0.0,0.0,0.0,0.0,0.0,0.0,0.0,1.0,0.0,0.0,0.0
MRK,Bear Put Spread,-44.15,251.0,199.0,251.0,43.46,56.54,-0.17589641434262948,-37.99999999999999,0.0,1.0000000000000009,0.0,-1.0,0.0,0.0,0.0,0.0,0.0,0.0,0.0,0.0,0.0,0.0,0.0,0.0,0.0,0.0,0.0,0.0,0.0,0.0,0.0,0.0,0.0,-1.0,0.0,0.0,0.0,0.0,0.0,0.0,0.0,0.0,1.0,0.0,0.0,0.0
MRK,Bear Put Spread,-34.4,195.0,155.0,195.0,43.46,56.54,-0.1764102564102564,-30.000000000000004,0.0,0.0,0.0,-1.0,0.0,0.0,0.0,0.0,0.0,0.0,0.0,0.0,0.0,0.0,0.0,0.0,0.0,0.0,0.0,0.0,0.0,0.0,0.0,0.0,0.0,0.0,-1.0,0.0,0.0,0.0,0.0,0.0,0.0,1.0,0.0,0.0,0.0,0.0
MRK,Bear Put Spread,-31.68,176.0,124.0,176.0,45.29,54.71,-0.18,-26.0,0.0,0.0,-0.9999999999999996,-1.0,0.0,0.0,0.0,0.0,0.0,0.0,0.0,0.0,0.0,0.0,0.0,0.0,0.0,0.0,0.0,0.0,0.0,0.0,0.0,0.0,0.0,0.0,0.0,-1.0,0.0,0.0,0.0,0.0,0.0,1.0,0.0,0.0,0.0,0.0
MRK,Bear Put Spread,-42.44,235.0,165.0,235.0,44.37,55.63,-0.18059574468085104,-34.0,0.0,1.0000000000000009,0.0,-1.0,0.0,0.0,0.0,0.0,0.0,0.0,0.0,0.0,0.0,0.0,0.0,0.0,0.0,0.0,0.0,0.0,0.0,0.0,0.0,0.0,0.0,0.0,-1.0,0.0,0.0,0.0,0.0,0.0,0.0,0.0,1.0,0.0,0.0,0.0
MRK,Bear Put Spread,-31.12,171.0,29.0,171.0,64.36,35.64,-0.18198830409356725,-14.000000000000002,-2.0000000000000004,2.0000000000000004,-1.0000000000000002,0.0,0.0,0.0,0.0,0.0,0.0,0.0,0.0,0.0,0.0,0.0,0.0,0.0,0.0,0.0,0.0,0.0,0.0,0.0,0.0,0.0,0.0,0.0,0.0,0.0,0.0,0.0,0.0,0.0,0.0,-1.0,0.0,0.0,0.0,1.0
MRK,Bear Put Spread,-39.73,216.0,134.0,216.0,46.21,53.79,-0.18393518518518517,-29.999999999999993,0.0,1.0000000000000009,-0.9999999999999996,-1.0,0.0,0.0,0.0,0.0,0.0,0.0,0.0,0.0,0.0,0.0,0.0,0.0,0.0,0.0,0.0,0.0,0.0,0.0,0.0,0.0,0.0,0.0,0.0,-1.0,0.0,0.0,0.0,0.0,0.0,0.0,1.0,0.0,0.0,0.0
MRK,Bear Put Spread,-33.54,182.0,68.0,182.0,54.53,45.47,-0.18428571428571427,-20.999999999999996,-1.9999999999999991,1.0000000000000009,-0.9999999999999996,0.0,0.0,0.0,0.0,0.0,0.0,0.0,0.0,0.0,0.0,0.0,0.0,0.0,0.0,0.0,0.0,0.0,0.0,0.0,0.0,0.0,0.0,0.0,0.0,0.0,0.0,0.0,-1.0,0.0,0.0,0.0,0.0,1.0,0.0,0.0
MRK,Bear Put Spread,-30.2,162.00000000000009,37.999999999999915,162.00000000000009,60.87,39.13,-0.18641975308641964,-17.000000000000004,-0.9999999999999996,2.0000000000000004,-1.9999999999999998,0.0,0.0,0.0,0.0,0.0,0.0,0.0,0.0,0.0,0.0,0.0,0.0,0.0,0.0,0.0,0.0,0.0,0.0,0.0,0.0,0.0,0.0,0.0,0.0,0.0,0.0,0.0,0.0,0.0,-1.0,0.0,0.0,0.0,1.0,0.0
MRK,Bear Put Spread,-29.08,155.0,95.0,155.0,47.14,52.86,-0.18761290322580645,-22.000000000000004,-0.9999999999999996,0.0,-0.9999999999999996,-1.0,0.0,0.0,0.0,0.0,0.0,0.0,0.0,0.0,0.0,0.0,0.0,0.0,0.0,0.0,0.0,0.0,0.0,0.0,0.0,0.0,0.0,0.0,0.0,0.0,-1.0,0.0,0.0,0.0,0.0,1.0,0.0,0.0,0.0,0.0
MRK,Bear Put Spread,-37.12,195.0,105.0,195.0,48.06,51.94,-0.19035897435897434,-25.999999999999996,-0.9999999999999996,1.0000000000000009,-0.9999999999999996,-1.0,0.0,0.0,0.0,0.0,0.0,0.0,0.0,0.0,0.0,0.0,0.0,0.0,0.0,0.0,0.0,0.0,0.0,0.0,0.0,0.0,0.0,0.0,0.0,0.0,-1.0,0.0,0.0,0.0,0.0,0.0,1.0,0.0,0.0,0.0
MRK,Bear Put Spread,-30.73,154.00000000000003,45.99999999999997,154.00000000000003,57.28,42.72,-0.1995454545454545,-17.000000000000004,-0.9999999999999996,1.0000000000000009,-0.9999999999999996,0.0,0.0,0.0,0.0,0.0,0.0,0.0,0.0,0.0,0.0,0.0,0.0,0.0,0.0,0.0,0.0,0.0,0.0,0.0,0.0,0.0,0.0,0.0,0.0,0.0,0.0,0.0,0.0,-1.0,0.0,0.0,0.0,1.0,0.0,0.0
MRK,Bear Put Spread,-34.72,172.0,78.0,172.0,50.84,49.16,-0.20186046511627906,-20.999999999999996,-0.9999999999999996,1.0000000000000009,-0.9999999999999996,-1.0,0.0,0.0,0.0,0.0,0.0,0.0,0.0,0.0,0.0,0.0,0.0,0.0,0.0,0.0,0.0,0.0,0.0,0.0,0.0,0.0,0.0,0.0,0.0,0.0,0.0,-1.0,0.0,0.0,0.0,0.0,1.0,0.0,0.0,0.0
MRK,Bear Put Spread,-26.68,132.0,68.0,132.0,49.91,50.09,-0.20212121212121212,-17.000000000000004,-0.9999999999999996,0.0,-0.9999999999999996,-1.0,0.0,0.0,0.0,0.0,0.0,0.0,0.0,0.0,0.0,0.0,0.0,0.0,0.0,0.0,0.0,0.0,0.0,0.0,0.0,0.0,0.0,0.0,0.0,0.0,0.0,-1.0,0.0,0.0,0.0,1.0,0.0,0.0,0.0,0.0
MRK,Bear Put Spread,-35.12,168.0,282.0,168.0,32.96,67.04,-0.20904761904761904,-34.0,3.0,-2.0000000000000004,1.9999999999999998,-1.0,0.0,0.0,0.0,0.0,0.0,0.0,0.0,0.0,0.0,0.0,0.0,0.0,0.0,0.0,0.0,0.0,0.0,-1.0,0.0,0.0,0.0,0.0,0.0,0.0,0.0,0.0,1.0,0.0,0.0,0.0,0.0,0.0,0.0,0.0
MRK,Bear Put Spread,-33.05,158.0,242.0,158.0,33.79,66.21,-0.2091772151898734,-31.000000000000007,3.0,-1.0000000000000009,1.9999999999999998,-1.0,0.0,0.0,0.0,0.0,0.0,0.0,0.0,0.0,0.0,0.0,0.0,0.0,0.0,0.0,0.0,0.0,0.0,0.0,-1.0,0.0,0.0,0.0,0.0,0.0,0.0,0.0,1.0,0.0,0.0,0.0,0.0,0.0,0.0,0.0
MRK,Bear Put Spread,-31.32,147.0,203.0,147.0,34.63,65.37,-0.21306122448979592,-28.000000000000004,1.9999999999999991,-1.0000000000000009,0.9999999999999996,-1.0,0.0,0.0,0.0,0.0,0.0,0.0,0.0,0.0,0.0,0.0,0.0,0.0,0.0,0.0,0.0,0.0,0.0,0.0,0.0,-1.0,0.0,0.0,0.0,0.0,0.0,0.0,1.0,0.0,0.0,0.0,0.0,0.0,0.0,0.0
MRK,Bear Put Spread,-51.44,237.0,313.0,237.0,35.48,64.52,-0.2170464135021097,-42.0,2.0000000000000004,-2.0000000000000004,1.9999999999999998,-1.0,0.0,0.0,0.0,0.0,0.0,0.0,0.0,0.0,0.0,0.0,0.0,0.0,0.0,0.0,0.0,0.0,0.0,-1.0,0.0,0.0,0.0,0.0,0.0,0.0,0.0,0.0,0.0,0.0,1.0,0.0,0.0,0.0,0.0,0.0
MRK,Bear Put Spread,-49.36,227.0,273.0,227.0,36.34,63.66,-0.21744493392070485,-39.0,2.0000000000000004,-1.0000000000000009,1.9999999999999998,-1.0,0.0,0.0,0.0,0.0,0.0,0.0,0.0,0.0,0.0,0.0,0.0,0.0,0.0,0.0,0.0,0.0,0.0,0.0,-1.0,0.0,0.0,0.0,0.0,0.0,0.0,0.0,0.0,0.0,1.0,0.0,0.0,0.0,0.0,0.0
MRK,Bear Put Spread,-47.63,216.0,234.0,216.0,37.21,62.79,-0.22050925925925927,-36.0,0.9999999999999996,-1.0000000000000009,0.9999999999999996,-1.0,0.0,0.0,0.0,0.0,0.0,0.0,0.0,0.0,0.0,0.0,0.0,0.0,0.0,0.0,0.0,0.0,0.0,0.0,0.0,-1.0,0.0,0.0,0.0,0.0,0.0,0.0,0.0,0.0,1.0,0.0,0.0,0.0,0.0,0.0
MRK,Bear Put Spread,-28.96,131.00000000000006,18.999999999999943,131.00000000000006,63.5,36.5,-0.22106870229007625,-12.0,-0.9999999999999996,2.0000000000000004,-1.0000000000000002,0.0,0.0,0.0,0.0,0.0,0.0,0.0,0.0,0.0,0.0,0.0,0.0,0.0,0.0,0.0,0.0,0.0,0.0,0.0,0.0,0.0,0.0,0.0,0.0,0.0,0.0,0.0,0.0,0.0,0.0,-1.0,0.0,0.0,1.0,0.0
MRK,Bear Put Spread,-32.59,147.0,53.0,147.0,52.69,47.31,-0.22170068027210887,-16.999999999999993,-0.9999999999999996,1.0000000000000009,-0.9999999999999996,0.0,0.0,0.0,0.0,0.0,0.0,0.0,0.0,0.0,0.0,0.0,0.0,0.0,0.0,0.0,0.0,0.0,0.0,0.0,0.0,0.0,0.0,0.0,0.0,0.0,0.0,0.0,-1.0,0.0,0.0,0.0,1.0,0.0,0.0,0.0
MRK,Bear Put Spread,-30.1,135.0,165.0,135.0,35.48,64.52,-0.22296296296296297,-24.000000000000004,1.9999999999999991,-1.0000000000000009,0.9999999999999996,-1.0,0.0,0.0,0.0,0.0,0.0,0.0,0.0,0.0,0.0,0.0,0.0,0.0,0.0,0.0,0.0,0.0,0.0,0.0,0.0,0.0,-1.0,0.0,0.0,0.0,0.0,0.0,1.0,0.0,0.0,0.0,0.0,0.0,0.0,0.0
MRK,Bear Put Spread,-45.93,203.99999999999997,296.0,203.99999999999997,34.63,65.37,-0.22514705882352945,-37.99999999999999,2.0000000000000004,-2.0000000000000004,1.9999999999999998,-1.0,0.0,0.0,0.0,0.0,0.0,0.0,0.0,0.0,0.0,0.0,0.0,0.0,0.0,0.0,0.0,0.0,0.0,-1.0,0.0,0.0,0.0,0.0,0.0,0.0,0.0,0.0,0.0,1.0,0.0,0.0,0.0,0.0,0.0,0.0
MRK,Bear Put Spread,-43.86,193.99999999999997,256.0,193.99999999999997,35.48,64.52,-0.22608247422680416,-35.0,2.0000000000000004,-1.0000000000000009,1.9999999999999998,-1.0,0.0,0.0,0.0,0.0,0.0,0.0,0.0,0.0,0.0,0.0,0.0,0.0,0.0,0.0,0.0,0.0,0.0,0.0,-1.0,0.0,0.0,0.0,0.0,0.0,0.0,0.0,0.0,1.0,0.0,0.0,0.0,0.0,0.0,0.0
MRK,Bear Put Spread,-46.41,204.0,196.0,204.0,38.96,61.04,-0.22749999999999998,-32.0,0.9999999999999996,-1.0000000000000009,0.9999999999999996,-1.0,0.0,0.0,0.0,0.0,0.0,0.0,0.0,0.0,0.0,0.0,0.0,0.0,0.0,0.0,0.0,0.0,0.0,0.0,0.0,0.0,-1.0,0.0,0.0,0.0,0.0,0.0,0.0,0.0,1.0,0.0,0.0,0.0,0.0,0.0
MRK,Bear Put Spread,-32.08,140.0,10.0,140.0,66.89,33.11,-0.22914285714285712,-10.000000000000009,-2.0000000000000004,0.9999999999999996,-1.0000000000000002,0.0,0.0,0.0,0.0,0.0,0.0,0.0,0.0,0.0,0.0,0.0,0.0,0.0,0.0,0.0,0.0,0.0,0.0,0.0,0.0,0.0,0.0,0.0,0.0,0.0,0.0,0.0,0.0,0.0,0.0,0.0,-1.0,0.0,0.0,1.0
MRK,Bear Put Spread,-24.55,107.0,43.0,107.0,51.77,48.23,-0.2294392523364486,-13.0,-0.9999999999999996,0.0,-0.9999999999999996,0.0,0.0,0.0,0.0,0.0,0.0,0.0,0.0,0.0,0.0,0.0,0.0,0.0,0.0,0.0,0.0,0.0,0.0,0.0,0.0,0.0,0.0,0.0,0.0,0.0,0.0,0.0,-1.0,0.0,0.0,1.0,0.0,0.0,0.0,0.0
MRK,Bear Put Spread,-42.13,182.99999999999997,217.00000000000003,182.99999999999997,36.34,63.66,-0.23021857923497271,-31.999999999999996,0.9999999999999996,-1.0000000000000009,0.9999999999999996,-1.0,0.0,0.0,0.0,0.0,0.0,0.0,0.0,0.0,0.0,0.0,0.0,0.0,0.0,0.0,0.0,0.0,0.0,0.0,0.0,-1.0,0.0,0.0,0.0,0.0,0.0,0.0,0.0,1.0,0.0,0.0,0.0,0.0,0.0,0.0
MRK,Bear Put Spread,-28.55,121.0,129.0,121.0,37.21,62.79,-0.2359504132231405,-21.000000000000004,0.9999999999999996,0.0,0.9999999999999996,-1.0,0.0,0.0,0.0,0.0,0.0,0.0,0.0,0.0,0.0,0.0,0.0,0.0,0.0,0.0,0.0,0.0,0.0,0.0,0.0,0.0,0.0,-1.0,0.0,0.0,0.0,0.0,1.0,0.0,0.0,0.0,0.0,0.0,0.0,0.0
MRK,Bear Put Spread,-34.0,144.0,256.0,144.0,31.33,68.67,-0.2361111111111111,-30.0,3.0,-2.0000000000000004,1.9999999999999998,0.0,0.0,0.0,0.0,0.0,0.0,0.0,0.0,0.0,0.0,0.0,0.0,0.0,0.0,0.0,0.0,0.0,0.0,-1.0,0.0,0.0,0.0,0.0,0.0,0.0,0.0,1.0,0.0,0.0,0.0,0.0,0.0,0.0,0.0,0.0
MRK,Bear Put Spread,-44.87,190.0,160.0,190.0,39.85,60.15,-0.2361578947368421,-28.999999999999996,0.0,0.0,0.9999999999999996,-1.0,0.0,0.0,0.0,0.0,0.0,0.0,0.0,0.0,0.0,0.0,0.0,0.0,0.0,0.0,0.0,0.0,0.0,0.0,0.0,0.0,0.0,-1.0,0.0,0.0,0.0,0.0,0.0,0.0,1.0,0.0,0.0,0.0,0.0,0.0
MRK,Bear Put Spread,-31.93,134.0,216.0,134.0,32.14,67.86,-0.23828358208955225,-27.0,3.0,-1.0000000000000009,1.9999999999999998,0.0,0.0,0.0,0.0,0.0,0.0,0.0,0.0,0.0,0.0,0.0,0.0,0.0,0.0,0.0,0.0,0.0,0.0,0.0,-1.0,0.0,0.0,0.0,0.0,0.0,0.0,1.0,0.0,0.0,0.0,0.0,0.0,0.0,0.0,0.0
MRK,Bear Put Spread,-40.91,170.99999999999997,179.00000000000003,170.99999999999997,37.21,62.79,-0.23923976608187136,-27.999999999999996,0.9999999999999996,-1.0000000000000009,0.9999999999999996,-1.0,0.0,0.0,0.0,0.0,0.0,0.0,0.0,0.0,0.0,0.0,0.0,0.0,0.0,0.0,0.0,0.0,0.0,0.0,0.0,0.0,-1.0,0.0,0.0,0.0,0.0,0.0,0.0,1.0,0.0,0.0,0.0,0.0,0.0,0.0
MRK,Bear Put Spread,-30.19,123.0,177.0,123.0,32.96,67.04,-0.24544715447154472,-24.0,1.9999999999999991,-1.0000000000000009,0.9999999999999996,0.0,0.0,0.0,0.0,0.0,0.0,0.0,0.0,0.0,0.0,0.0,0.0,0.0,0.0,0.0,0.0,0.0,0.0,0.0,0.0,-1.0,0.0,0.0,0.0,0.0,0.0,1.0,0.0,0.0,0.0,0.0,0.0,0.0,0.0,0.0
MRK,Bear Put Spread,-31.22,127.00000000000003,22.99999999999997,127.00000000000003,59.08,40.92,-0.24582677165354325,-13.0,-0.9999999999999996,1.0000000000000009,-0.9999999999999996,0.0,0.0,0.0,0.0,0.0,0.0,0.0,0.0,0.0,0.0,0.0,0.0,0.0,0.0,0.0,0.0,0.0,0.0,0.0,0.0,0.0,0.0,0.0,0.0,0.0,0.0,0.0,0.0,0.0,-1.0,0.0,0.0,1.0,0.0,0.0
MRK,Bear Put Spread,-43.17,174.0,126.0,174.0,41.65,58.35,-0.2481034482758621,-25.0,0.0,0.0,0.9999999999999996,-1.0,0.0,0.0,0.0,0.0,0.0,0.0,0.0,0.0,0.0,0.0,0.0,0.0,0.0,0.0,0.0,0.0,0.0,0.0,0.0,0.0,0.0,0.0,-1.0,0.0,0.0,0.0,0.0,0.0,1.0,0.0,0.0,0.0,0.0,0.0
MRK,Bear Put Spread,-29.78,119.00000000000003,30.99999999999997,119.00000000000003,55.45,44.55,-0.2502521008403361,-13.0,0.0,1.0000000000000009,-0.9999999999999996,0.0,0.0,0.0,0.0,0.0,0.0,0.0,0.0,0.0,0.0,0.0,0.0,0.0,0.0,0.0,0.0,0.0,0.0,0.0,0.0,0.0,0.0,0.0,0.0,0.0,0.0,0.0,0.0,-1.0,0.0,0.0,1.0,0.0,0.0,0.0
MRK,Bear Put Spread,-39.37,156.99999999999997,143.00000000000003,156.99999999999997,38.08,61.92,-0.2507643312101911,-24.999999999999993,0.0,0.0,0.9999999999999996,-1.0,0.0,0.0,0.0,0.0,0.0,0.0,0.0,0.0,0.0,0.0,0.0,0.0,0.0,0.0,0.0,0.0,0.0,0.0,0.0,0.0,0.0,-1.0,0.0,0.0,0.0,0.0,0.0,1.0,0.0,0.0,0.0,0.0,0.0,0.0
MRK,Bear Put Spread,-30.6,120.0,230.0,120.0,28.96,71.04,-0.255,-25.0,3.0,-2.0000000000000004,1.9999999999999998,0.0,0.0,0.0,0.0,0.0,0.0,0.0,0.0,0.0,0.0,0.0,0.0,0.0,0.0,0.0,0.0,0.0,0.0,-1.0,0.0,0.0,0.0,0.0,0.0,0.0,1.0,0.0,0.0,0.0,0.0,0.0,0.0,0.0,0.0,0.0
MRK,Bear Put Spread,-26.85,104.99999999999999,95.00000000000001,104.99999999999999,38.08,61.92,-0.2557142857142858,-17.000000000000004,0.9999999999999996,0.0,0.9999999999999996,-1.0,0.0,0.0,0.0,0.0,0.0,0.0,0.0,0.0,0.0,0.0,0.0,0.0,0.0,0.0,0.0,0.0,0.0,0.0,0.0,0.0,0.0,0.0,-1.0,0.0,0.0,0.0,1.0,0.0,0.0,0.0,0.0,0.0,0.0,0.0
MRK,Bear Put Spread,-28.53,110.0,190.0,110.0,29.74,70.26,-0.25936363636363635,-22.0,3.0,-1.0000000000000009,1.9999999999999998,0.0,0.0,0.0,0.0,0.0,0.0,0.0,0.0,0.0,0.0,0.0,0.0,0.0,0.0,0.0,0.0,0.0,0.0,0.0,-1.0,0.0,0.0,0.0,0.0,0.0,1.0,0.0,0.0,0.0,0.0,0.0,0.0,0.0,0.0,0.0
MRK,Bear Put Spread,-40.45,155.0,95.0,155.0,42.55,57.45,-0.2609677419354839,-20.999999999999996,0.0,0.0,0.0,-1.0,0.0,0.0,0.0,0.0,0.0,0.0,0.0,0.0,0.0,0.0,0.0,0.0,0.0,0.0,0.0,0.0,0.0,0.0,0.0,0.0,0.0,0.0,0.0,-1.0,0.0,0.0,0.0,0.0,1.0,0.0,0.0,0.0,0.0,0.0
MRK,Bear Put Spread,-28.97,111.0,139.0,111.0,33.79,66.21,-0.260990990990991,-20.0,1.9999999999999991,-1.0000000000000009,0.9999999999999996,0.0,0.0,0.0,0.0,0.0,0.0,0.0,0.0,0.0,0.0,0.0,0.0,0.0,0.0,0.0,0.0,0.0,0.0,0.0,0.0,0.0,-1.0,0.0,0.0,0.0,0.0,1.0,0.0,0.0,0.0,0.0,0.0,0.0,0.0,0.0
MRK,Bear Put Spread,-37.66,140.99999999999994,109.00000000000006,140.99999999999994,39.85,60.15,-0.26709219858156036,-20.999999999999996,0.0,0.0,0.9999999999999996,-1.0,0.0,0.0,0.0,0.0,0.0,0.0,0.0,0.0,0.0,0.0,0.0,0.0,0.0,0.0,0.0,0.0,0.0,0.0,0.0,0.0,0.0,0.0,-1.0,0.0,0.0,0.0,0.0,1.0,0.0,0.0,0.0,0.0,0.0,0.0
MRK,Bear Put Spread,-26.79,99.0,151.0,99.0,30.53,69.47,-0.27060606060606057,-19.0,1.9999999999999991,-1.0000000000000009,0.9999999999999996,0.0,0.0,0.0,0.0,0.0,0.0,0.0,0.0,0.0,0.0,0.0,0.0,0.0,0.0,0.0,0.0,0.0,0.0,0.0,0.0,-1.0,0.0,0.0,0.0,0.0,1.0,0.0,0.0,0.0,0.0,0.0,0.0,0.0,0.0,0.0
MRK,Bear Put Spread,-21.74,79.00000000000003,20.99999999999997,79.00000000000003,54.53,45.47,-0.2751898734177214,-9.000000000000007,0.0,0.0,-0.9999999999999996,0.0,0.0,0.0,0.0,0.0,0.0,0.0,0.0,0.0,0.0,0.0,0.0,0.0,0.0,0.0,0.0,0.0,0.0,0.0,0.0,0.0,0.0,0.0,0.0,0.0,0.0,0.0,0.0,-1.0,0.0,1.0,0.0,0.0,0.0,0.0
MRK,Bear Put Spread,-24.13,86.0,64.0,86.0,39.85,60.15,-0.2805813953488372,-13.0,0.9999999999999996,0.0,0.0,-1.0,0.0,0.0,0.0,0.0,0.0,0.0,0.0,0.0,0.0,0.0,0.0,0.0,0.0,0.0,0.0,0.0,0.0,0.0,0.0,0.0,0.0,0.0,0.0,-1.0,0.0,0.0,1.0,0.0,0.0,0.0,0.0,0.0,0.0,0.0
MRK,Bear Put Spread,-37.84,134.0,66.0,134.0,45.29,54.71,-0.28238805970149256,-17.0,-0.9999999999999996,0.0,0.0,-1.0,0.0,0.0,0.0,0.0,0.0,0.0,0.0,0.0,0.0,0.0,0.0,0.0,0.0,0.0,0.0,0.0,0.0,0.0,0.0,0.0,0.0,0.0,0.0,0.0,-1.0,0.0,0.0,0.0,1.0,0.0,0.0,0.0,0.0,0.0
MRK,Bear Put Spread,-27.43,97.0,103.0,97.0,34.63,65.37,-0.2827835051546392,-17.0,0.9999999999999996,0.0,0.9999999999999996,0.0,0.0,0.0,0.0,0.0,0.0,0.0,0.0,0.0,0.0,0.0,0.0,0.0,0.0,0.0,0.0,0.0,0.0,0.0,0.0,0.0,0.0,-1.0,0.0,0.0,0.0,1.0,0.0,0.0,0.0,0.0,0.0,0.0,0.0,0.0
MRK,Bear Put Spread,-34.94,121.99999999999997,78.00000000000003,121.99999999999997,41.65,58.35,-0.28639344262295086,-16.999999999999993,0.0,0.0,0.0,-1.0,0.0,0.0,0.0,0.0,0.0,0.0,0.0,0.0,0.0,0.0,0.0,0.0,0.0,0.0,0.0,0.0,0.0,0.0,0.0,0.0,0.0,0.0,0.0,-1.0,0.0,0.0,0.0,1.0,0.0,0.0,0.0,0.0,0.0,0.0
MRK,Bear Put Spread,-25.57,87.0,113.0,87.0,31.33,68.67,-0.2939080459770115,-15.000000000000002,1.9999999999999991,-1.0000000000000009,0.9999999999999996,0.0,0.0,0.0,0.0,0.0,0.0,0.0,0.0,0.0,0.0,0.0,0.0,0.0,0.0,0.0,0.0,0.0,0.0,0.0,0.0,0.0,-1.0,0.0,0.0,0.0,1.0,0.0,0.0,0.0,0.0,0.0,0.0,0.0,0.0,0.0
MRK,Bear Put Spread,-30.99,102.0,198.0,102.0,26.7,73.3,-0.3038235294117647,-21.000000000000004,2.0000000000000004,-2.0000000000000004,1.9999999999999998,0.0,0.0,0.0,0.0,0.0,0.0,0.0,0.0,0.0,0.0,0.0,0.0,0.0,0.0,0.0,0.0,0.0,0.0,-1.0,0.0,0.0,0.0,0.0,0.0,1.0,0.0,0.0,0.0,0.0,0.0,0.0,0.0,0.0,0.0,0.0
MRK,Bear Put Spread,-29.99,96.0,4.0,96.0,61.75,38.25,-0.3123958333333333,-7.9999999999999964,-0.9999999999999996,1.0000000000000009,0.0,0.0,0.0,0.0,0.0,0.0,0.0,0.0,0.0,0.0,0.0,0.0,0.0,0.0,0.0,0.0,0.0,0.0,0.0,0.0,0.0,0.0,0.0,0.0,0.0,0.0,0.0,0.0,0.0,0.0,0.0,-1.0,0.0,1.0,0.0,0.0
MRK,Bear Put Spread,-28.92,92.0,158.0,92.0,27.44,72.56,-0.31434782608695655,-18.000000000000004,2.0000000000000004,-1.0000000000000009,1.9999999999999998,0.0,0.0,0.0,0.0,0.0,0.0,0.0,0.0,0.0,0.0,0.0,0.0,0.0,0.0,0.0,0.0,0.0,0.0,0.0,-1.0,0.0,0.0,0.0,0.0,1.0,0.0,0.0,0.0,0.0,0.0,0.0,0.0,0.0,0.0,0.0
MRK,Bear Put Spread,-25.27,80.0,170.0,80.0,24.55,75.45,-0.315875,-17.0,2.0000000000000004,-2.0000000000000004,1.0000000000000002,0.0,0.0,0.0,0.0,0.0,0.0,0.0,0.0,0.0,0.0,0.0,0.0,0.0,0.0,0.0,0.0,0.0,0.0,-1.0,0.0,0.0,0.0,0.0,1.0,0.0,0.0,0.0,0.0,0.0,0.0,0.0,0.0,0.0,0.0,0.0
MRK,Bear Put Spread,-25.73,80.99999999999999,69.00000000000001,80.99999999999999,36.34,63.66,-0.3176543209876544,-13.0,0.9999999999999996,0.0,0.9999999999999996,0.0,0.0,0.0,0.0,0.0,0.0,0.0,0.0,0.0,0.0,0.0,0.0,0.0,0.0,0.0,0.0,0.0,0.0,0.0,0.0,0.0,0.0,0.0,-1.0,0.0,0.0,1.0,0.0,0.0,0.0,0.0,0.0,0.0,0.0,0.0
MRK,Bear Put Spread,-35.44,111.0,39.0,111.0,47.14,52.86,-0.31927927927927924,-12.0,-0.9999999999999996,0.0,0.0,-1.0,0.0,0.0,0.0,0.0,0.0,0.0,0.0,0.0,0.0,0.0,0.0,0.0,0.0,0.0,0.0,0.0,0.0,0.0,0.0,0.0,0.0,0.0,0.0,0.0,0.0,-1.0,0.0,0.0,1.0,0.0,0.0,0.0,0.0,0.0
MRK,Bear Put Spread,-32.33,100.99999999999997,49.00000000000003,100.99999999999997,43.46,56.54,-0.32009900990099016,-12.999999999999995,-0.9999999999999996,0.0,0.0,-1.0,0.0,0.0,0.0,0.0,0.0,0.0,0.0,0.0,0.0,0.0,0.0,0.0,0.0,0.0,0.0,0.0,0.0,0.0,0.0,0.0,0.0,0.0,0.0,0.0,-1.0,0.0,0.0,1.0,0.0,0.0,0.0,0.0,0.0,0.0
MRK,Bear Put Spread,-30.28,92.00000000000003,7.999999999999972,92.00000000000003,58.18,41.82,-0.3291304347826086,-8.999999999999996,0.0,1.0000000000000009,-0.9999999999999996,0.0,0.0,0.0,0.0,0.0,0.0,0.0,0.0,0.0,0.0,0.0,0.0,0.0,0.0,0.0,0.0,0.0,0.0,0.0,0.0,0.0,0.0,0.0,0.0,0.0,0.0,0.0,0.0,0.0,-1.0,0.0,1.0,0.0,0.0,0.0
MRK,Bear Put Spread,-24.03,73.0,77.0,73.0,32.96,67.04,-0.32917808219178085,-12.0,0.9999999999999996,0.0,0.9999999999999996,0.0,0.0,0.0,0.0,0.0,0.0,0.0,0.0,0.0,0.0,0.0,0.0,0.0,0.0,0.0,0.0,0.0,0.0,0.0,0.0,0.0,0.0,-1.0,0.0,0.0,1.0,0.0,0.0,0.0,0.0,0.0,0.0,0.0,0.0,0.0
MRK,Bear Put Spread,-21.52,65.0,35.0,65.0,41.65,58.35,-0.33107692307692305,-9.000000000000002,0.0,0.0,0.0,-1.0,0.0,0.0,0.0,0.0,0.0,0.0,0.0,0.0,0.0,0.0,0.0,0.0,0.0,0.0,0.0,0.0,0.0,0.0,0.0,0.0,0.0,0.0,0.0,0.0,-1.0,0.0,1.0,0.0,0.0,0.0,0.0,0.0,0.0,0.0
MRK,Bear Put Spread,-23.2,70.0,130.0,70.0,25.25,74.75,-0.3314285714285714,-13.999999999999998,2.0000000000000004,-1.0000000000000009,1.0000000000000002,0.0,0.0,0.0,0.0,0.0,0.0,0.0,0.0,0.0,0.0,0.0,0.0,0.0,0.0,0.0,0.0,0.0,0.0,0.0,-1.0,0.0,0.0,0.0,1.0,0.0,0.0,0.0,0.0,0.0,0.0,0.0,0.0,0.0,0.0,0.0
MRK,Bear Put Spread,-27.19,81.0,119.0,81.0,28.2,71.8,-0.33567901234567904,-15.000000000000002,0.9999999999999996,-1.0000000000000009,0.9999999999999996,0.0,0.0,0.0,0.0,0.0,0.0,0.0,0.0,0.0,0.0,0.0,0.0,0.0,0.0,0.0,0.0,0.0,0.0,0.0,0.0,-1.0,0.0,0.0,0.0,1.0,0.0,0.0,0.0,0.0,0.0,0.0,0.0,0.0,0.0,0.0
MRK,Bear Put Spread,-21.47,59.0,91.0,59.0,25.97,74.03,-0.36389830508474574,-10.999999999999998,0.9999999999999996,-1.0000000000000009,0.0,0.0,0.0,0.0,0.0,0.0,0.0,0.0,0.0,0.0,0.0,0.0,0.0,0.0,0.0,0.0,0.0,0.0,0.0,0.0,0.0,-1.0,0.0,0.0,1.0,0.0,0.0,0.0,0.0,0.0,0.0,0.0,0.0,0.0,0.0,0.0
MRK,Bear Put Spread,-23.57,64.00000000000001,136.0,64.00000000000001,22.52,77.48,-0.36828124999999995,-13.0,2.0000000000000004,-2.0000000000000004,1.0000000000000002,0.0,0.0,0.0,0.0,0.0,0.0,0.0,0.0,0.0,0.0,0.0,0.0,0.0,0.0,0.0,0.0,0.0,0.0,-1.0,0.0,0.0,0.0,1.0,0.0,0.0,0.0,0.0,0.0,0.0,0.0,0.0,0.0,0.0,0.0,0.0
MRK,Bear Put Spread,-23.01,62.0,38.0,62.0,38.08,61.92,-0.37112903225806454,-8.999999999999996,0.9999999999999996,0.0,0.0,0.0,0.0,0.0,0.0,0.0,0.0,0.0,0.0,0.0,0.0,0.0,0.0,0.0,0.0,0.0,0.0,0.0,0.0,0.0,0.0,0.0,0.0,0.0,0.0,-1.0,0.0,1.0,0.0,0.0,0.0,0.0,0.0,0.0,0.0,0.0
MRK,Bear Put Spread,-25.97,69.0,81.0,69.0,28.96,71.04,-0.3763768115942029,-11.000000000000004,0.9999999999999996,-1.0000000000000009,0.9999999999999996,0.0,0.0,0.0,0.0,0.0,0.0,0.0,0.0,0.0,0.0,0.0,0.0,0.0,0.0,0.0,0.0,0.0,0.0,0.0,0.0,0.0,-1.0,0.0,0.0,1.0,0.0,0.0,0.0,0.0,0.0,0.0,0.0,0.0,0.0,0.0
MRK,Bear Put Spread,-29.93,77.99999999999997,22.00000000000003,77.99999999999997,45.29,54.71,-0.38371794871794884,-7.9999999999999964,-0.9999999999999996,0.0,0.0,-1.0,0.0,0.0,0.0,0.0,0.0,0.0,0.0,0.0,0.0,0.0,0.0,0.0,0.0,0.0,0.0,0.0,0.0,0.0,0.0,0.0,0.0,0.0,0.0,0.0,0.0,-1.0,0.0,1.0,0.0,0.0,0.0,0.0,0.0,0.0
MRK,Bear Put Spread,-33.32,86.0,14.0,86.0,48.99,51.01,-0.3874418604651163,-7.9999999999999964,-0.9999999999999996,0.0,0.0,0.0,0.0,0.0,0.0,0.0,0.0,0.0,0.0,0.0,0.0,0.0,0.0,0.0,0.0,0.0,0.0,0.0,0.0,0.0,0.0,0.0,0.0,0.0,0.0,0.0,0.0,0.0,-1.0,0.0,1.0,0.0,0.0,0.0,0.0,0.0
MRK,Bear Put Spread,-22.33,56.999999999999986,43.000000000000014,56.999999999999986,33.79,66.21,-0.39175438596491235,-8.000000000000002,0.9999999999999996,0.0,0.9999999999999996,0.0,0.0,0.0,0.0,0.0,0.0,0.0,0.0,0.0,0.0,0.0,0.0,0.0,0.0,0.0,0.0,0.0,0.0,0.0,0.0,0.0,0.0,0.0,-1.0,0.0,1.0,0.0,0.0,0.0,0.0,0.0,0.0,0.0,0.0,0.0
MRK,Bear Put Spread,-21.49,54.00000000000002,95.99999999999997,54.00000000000002,23.18,76.82,-0.3979629629629628,-10.0,2.0000000000000004,-1.0000000000000009,1.0000000000000002,0.0,0.0,0.0,0.0,0.0,0.0,0.0,0.0,0.0,0.0,0.0,0.0,0.0,0.0,0.0,0.0,0.0,0.0,0.0,-1.0,0.0,0.0,1.0,0.0,0.0,0.0,0.0,0.0,0.0,0.0,0.0,0.0,0.0,0.0,0.0
MRK,Bear Put Spread,-20.25,47.0,53.0,47.0,26.7,73.3,-0.4308510638297872,-7.000000000000001,0.9999999999999996,-1.0000000000000009,0.0,0.0,0.0,0.0,0.0,0.0,0.0,0.0,0.0,0.0,0.0,0.0,0.0,0.0,0.0,0.0,0.0,0.0,0.0,0.0,0.0,0.0,-1.0,0.0,1.0,0.0,0.0,0.0,0.0,0.0,0.0,0.0,0.0,0.0,0.0,0.0
MRK,Bear Put Spread,-22.03,50.0,100.0,50.0,19.99,80.01,-0.44060000000000005,-9.999999999999998,1.0000000000000009,-0.9999999999999996,1.0000000000000002,0.0,0.0,0.0,0.0,0.0,0.0,0.0,0.0,0.0,0.0,0.0,0.0,0.0,0.0,0.0,0.0,0.0,0.0,-1.0,0.0,0.0,1.0,0.0,0.0,0.0,0.0,0.0,0.0,0.0,0.0,0.0,0.0,0.0,0.0,0.0
MRK,Bear Put Spread,-24.42,55.0,45.0,55.0,29.74,70.26,-0.444,-8.000000000000002,0.0,0.0,0.9999999999999996,0.0,0.0,0.0,0.0,0.0,0.0,0.0,0.0,0.0,0.0,0.0,0.0,0.0,0.0,0.0,0.0,0.0,0.0,0.0,0.0,0.0,0.0,-1.0,0.0,1.0,0.0,0.0,0.0,0.0,0.0,0.0,0.0,0.0,0.0,0.0
MRK,Bear Put Spread,-19.12,42.0,8.0,42.0,44.37,55.63,-0.4552380952380953,-4.0000000000000036,0.0,0.0,0.0,-1.0,0.0,0.0,0.0,0.0,0.0,0.0,0.0,0.0,0.0,0.0,0.0,0.0,0.0,0.0,0.0,0.0,0.0,0.0,0.0,0.0,0.0,0.0,0.0,0.0,0.0,-1.0,1.0,0.0,0.0,0.0,0.0,0.0,0.0,0.0
MRK,Bear Put Spread,-19.76,43.000000000000014,56.999999999999986,43.000000000000014,23.86,76.14,-0.4595348837209301,-7.000000000000001,0.9999999999999996,-1.0000000000000009,0.0,0.0,0.0,0.0,0.0,0.0,0.0,0.0,0.0,0.0,0.0,0.0,0.0,0.0,0.0,0.0,0.0,0.0,0.0,0.0,0.0,-1.0,0.0,1.0,0.0,0.0,0.0,0.0,0.0,0.0,0.0,0.0,0.0,0.0,0.0,0.0
MRK,Bear Put Spread,-20.4,41.0,9.0,41.0,39.85,60.15,-0.49756097560975604,-4.999999999999999,0.0,0.0,0.0,0.0,0.0,0.0,0.0,0.0,0.0,0.0,0.0,0.0,0.0,0.0,0.0,0.0,0.0,0.0,0.0,0.0,0.0,0.0,0.0,0.0,0.0,0.0,0.0,0.0,-1.0,1.0,0.0,0.0,0.0,0.0,0.0,0.0,0.0,0.0
MRK,Bear Put Spread,-19.95,40.00000000000001,59.99999999999999,40.00000000000001,20.6,79.4,-0.4987499999999999,-6.999999999999998,1.0000000000000009,0.0,1.0000000000000002,0.0,0.0,0.0,0.0,0.0,0.0,0.0,0.0,0.0,0.0,0.0,0.0,0.0,0.0,0.0,0.0,0.0,0.0,0.0,-1.0,0.0,1.0,0.0,0.0,0.0,0.0,0.0,0.0,0.0,0.0,0.0,0.0,0.0,0.0,0.0
MRK,Bear Put Spread,-19.61,38.0,12.0,38.0,35.48,64.52,-0.5160526315789473,-3.9999999999999982,0.9999999999999996,0.0,0.0,0.0,0.0,0.0,0.0,0.0,0.0,0.0,0.0,0.0,0.0,0.0,0.0,0.0,0.0,0.0,0.0,0.0,0.0,0.0,0.0,0.0,0.0,0.0,0.0,-1.0,1.0,0.0,0.0,0.0,0.0,0.0,0.0,0.0,0.0,0.0
MRK,Bear Put Spread,-19.81,37.0,63.0,37.0,17.68,82.32,-0.5354054054054054,-6.0,1.0000000000000009,-0.9999999999999996,1.0000000000000002,0.0,0.0,0.0,0.0,0.0,0.0,0.0,0.0,0.0,0.0,0.0,0.0,0.0,0.0,0.0,0.0,0.0,0.0,-1.0,0.0,1.0,0.0,0.0,0.0,0.0,0.0,0.0,0.0,0.0,0.0,0.0,0.0,0.0,0.0,0.0
MRK,Bear Put Spread,-18.7,33.0,17.0,33.0,28.2,71.8,-0.5666666666666667,-3.9999999999999982,0.0,0.0,0.0,0.0,0.0,0.0,0.0,0.0,0.0,0.0,0.0,0.0,0.0,0.0,0.0,0.0,0.0,0.0,0.0,0.0,0.0,0.0,0.0,0.0,0.0,-1.0,1.0,0.0,0.0,0.0,0.0,0.0,0.0,0.0,0.0,0.0,0.0,0.0
MRK,Bear Put Spread,-22.72,38.999999999999986,11.000000000000014,38.999999999999986,31.33,68.67,-0.5825641025641027,-4.0000000000000036,0.0,0.0,0.9999999999999996,0.0,0.0,0.0,0.0,0.0,0.0,0.0,0.0,0.0,0.0,0.0,0.0,0.0,0.0,0.0,0.0,0.0,0.0,0.0,0.0,0.0,0.0,0.0,-1.0,1.0,0.0,0.0,0.0,0.0,0.0,0.0,0.0,0.0,0.0,0.0
MRK,Bear Put Spread,-18.54,31.000000000000014,18.999999999999986,31.000000000000014,24.55,75.45,-0.598064516129032,-3.0000000000000027,0.9999999999999996,-1.0000000000000009,0.0,0.0,0.0,0.0,0.0,0.0,0.0,0.0,0.0,0.0,0.0,0.0,0.0,0.0,0.0,0.0,0.0,0.0,0.0,0.0,0.0,0.0,-1.0,1.0,0.0,0.0,0.0,0.0,0.0,0.0,0.0,0.0,0.0,0.0,0.0,0.0
MRK,Bear Put Spread,-18.22,29.0,21.0,29.0,21.23,78.77,-0.6282758620689655,-3.9999999999999982,0.0,0.0,0.0,0.0,0.0,0.0,0.0,0.0,0.0,0.0,0.0,0.0,0.0,0.0,0.0,0.0,0.0,0.0,0.0,0.0,0.0,0.0,0.0,-1.0,1.0,0.0,0.0,0.0,0.0,0.0,0.0,0.0,0.0,0.0,0.0,0.0,0.0,0.0
MRK,Bear Put Spread,-17.73,27.000000000000007,22.999999999999993,27.000000000000007,18.24,81.76,-0.6566666666666665,-3.0,1.0000000000000009,0.0,1.0000000000000002,0.0,0.0,0.0,0.0,0.0,0.0,0.0,0.0,0.0,0.0,0.0,0.0,0.0,0.0,0.0,0.0,0.0,0.0,0.0,-1.0,1.0,0.0,0.0,0.0,0.0,0.0,0.0,0.0,0.0,0.0,0.0,0.0,0.0,0.0,0.0
MRK,Bear Put Spread,-17.07,25.0,25.0,25.0,15.59,84.41,-0.6828,-3.0,0.0,-0.9999999999999996,0.0,0.0,0.0,0.0,0.0,0.0,0.0,0.0,0.0,0.0,0.0,0.0,0.0,0.0,0.0,0.0,0.0,0.0,0.0,-1.0,1.0,0.0,0.0,0.0,0.0,0.0,0.0,0.0,0.0,0.0,0.0,0.0,0.0,0.0,0.0,0.0
