Underlying,Name,Expected PnL,Cost of Strategy,Max_Profit,Max_Loss,Prob of Profit,Prob of Loss,Exp_Pnl/Max_Loss,Strategy_Delta,Strategy_Gamma,Strategy_Theta,Strategy_Vega,Strategy_Rho,C_71.0,C_71.5,C_72.0,C_72.5,C_73.0,C_73.5,C_74.0,C_74.5,C_75.0,C_75.5,C_76.0,C_76.5,C_77.0,C_77.5,C_78.0,C_78.5,C_79.0,C_80.0,C_81.0,P_71.0,P_71.5,P_72.0,P_72.5,P_73.0,P_73.5,P_74.0,P_74.5,P_75.0,P_75.5,P_76.0,P_76.5,P_77.0,P_77.5,P_78.0,P_78.5,P_79.0,P_80.0,P_81.0
SBUX,Bear Call Spread,-26.76,-169.00000000000003,169.00000000000003,381.0,56.56,43.21,-0.07023622047244095,-35.0,-2.0000000000000004,3.0,-1.9999999999999998,-1.0,0.0,0.0,0.0,0.0,0.0,0.0,0.0,0.0,0.0,-1.0,0.0,0.0,0.0,0.0,0.0,0.0,0.0,0.0,1.0,0.0,0.0,0.0,0.0,0.0,0.0,0.0,0.0,0.0,0.0,0.0,0.0,0.0,0.0,0.0,0.0,0.0,0.0,0.0
SBUX,Bear Call Spread,-25.11,-143.0,143.0,357.0,59.04,40.73,-0.07033613445378151,-31.0,-2.0000000000000004,3.0,-1.9999999999999998,-1.0,0.0,0.0,0.0,0.0,0.0,0.0,0.0,0.0,0.0,0.0,-1.0,0.0,0.0,0.0,0.0,0.0,0.0,0.0,1.0,0.0,0.0,0.0,0.0,0.0,0.0,0.0,0.0,0.0,0.0,0.0,0.0,0.0,0.0,0.0,0.0,0.0,0.0,0.0
SBUX,Bear Call Spread,-19.14,-79.0,79.0,271.0,65.32,34.45,-0.07062730627306273,-20.0,-2.0000000000000004,3.0,-1.0000000000000002,-1.0,0.0,0.0,0.0,0.0,0.0,0.0,0.0,0.0,0.0,0.0,0.0,0.0,0.0,-1.0,0.0,0.0,0.0,0.0,1.0,0.0,0.0,0.0,0.0,0.0,0.0,0.0,0.0,0.0,0.0,0.0,0.0,0.0,0.0,0.0,0.0,0.0,0.0,0.0
SBUX,Bear Call Spread,-21.34,-98.0,98.0,302.0,63.03,36.74,-0.07066225165562914,-24.0,-2.0000000000000004,3.0,-1.9999999999999998,-1.0,0.0,0.0,0.0,0.0,0.0,0.0,0.0,0.0,0.0,0.0,0.0,0.0,-1.0,0.0,0.0,0.0,0.0,0.0,1.0,0.0,0.0,0.0,0.0,0.0,0.0,0.0,0.0,0.0,0.0,0.0,0.0,0.0,0.0,0.0,0.0,0.0,0.0,0.0
SBUX,Bear Call Spread,-23.65,-119.0,119.0,331.0,60.66,39.11,-0.07145015105740181,-28.000000000000004,-2.0000000000000004,3.0,-1.9999999999999998,-1.0,0.0,0.0,0.0,0.0,0.0,0.0,0.0,0.0,0.0,0.0,0.0,-1.0,0.0,0.0,0.0,0.0,0.0,0.0,1.0,0.0,0.0,0.0,0.0,0.0,0.0,0.0,0.0,0.0,0.0,0.0,0.0,0.0,0.0,0.0,0.0,0.0,0.0,0.0
SBUX,Bear Call Spread,-12.35,-33.99999999999999,33.99999999999999,166.0,72.94,26.84,-0.07439759036144578,-10.999999999999998,-0.9999999999999996,2.0000000000000004,-1.0000000000000002,-1.0,0.0,0.0,0.0,0.0,0.0,0.0,0.0,0.0,0.0,0.0,0.0,0.0,0.0,0.0,0.0,0.0,-1.0,0.0,1.0,0.0,0.0,0.0,0.0,0.0,0.0,0.0,0.0,0.0,0.0,0.0,0.0,0.0,0.0,0.0,0.0,0.0,0.0,0.0
SBUX,Bear Call Spread,-17.98,-60.99999999999998,60.99999999999998,239.00000000000003,68.24,31.53,-0.07523012552301254,-17.0,-2.0000000000000004,3.0,-1.0000000000000002,-1.0,0.0,0.0,0.0,0.0,0.0,0.0,0.0,0.0,0.0,0.0,0.0,0.0,0.0,0.0,-1.0,0.0,0.0,0.0,1.0,0.0,0.0,0.0,0.0,0.0,0.0,0.0,0.0,0.0,0.0,0.0,0.0,0.0,0.0,0.0,0.0,0.0,0.0,0.0
SBUX,Bear Call Spread,-30.55,-195.0,195.0,405.0,54.88,44.9,-0.0754320987654321,-38.00000000000001,-2.0000000000000004,3.0,-1.9999999999999998,-1.0,0.0,0.0,0.0,0.0,0.0,0.0,0.0,0.0,-1.0,0.0,0.0,0.0,0.0,0.0,0.0,0.0,0.0,0.0,1.0,0.0,0.0,0.0,0.0,0.0,0.0,0.0,0.0,0.0,0.0,0.0,0.0,0.0,0.0,0.0,0.0,0.0,0.0,0.0
SBUX,Bear Call Spread,-32.46,-225.0,225.0,425.0,53.17,46.6,-0.0763764705882353,-42.0,-2.0000000000000004,3.0,-1.9999999999999998,-1.0,0.0,0.0,0.0,0.0,0.0,0.0,0.0,-1.0,0.0,0.0,0.0,0.0,0.0,0.0,0.0,0.0,0.0,0.0,1.0,0.0,0.0,0.0,0.0,0.0,0.0,0.0,0.0,0.0,0.0,0.0,0.0,0.0,0.0,0.0,0.0,0.0,0.0,0.0
SBUX,Bear Call Spread,-15.76,-45.99999999999999,45.99999999999999,204.0,70.32,29.45,-0.07725490196078431,-14.000000000000002,-2.0000000000000004,3.0,-1.0000000000000002,-1.0,0.0,0.0,0.0,0.0,0.0,0.0,0.0,0.0,0.0,0.0,0.0,0.0,0.0,0.0,0.0,-1.0,0.0,0.0,1.0,0.0,0.0,0.0,0.0,0.0,0.0,0.0,0.0,0.0,0.0,0.0,0.0,0.0,0.0,0.0,0.0,0.0,0.0,0.0
SBUX,Bear Call Spread,-39.19,-365.0,365.0,485.0,47.99,51.78,-0.0808041237113402,-54.0,-0.9999999999999996,3.0,-1.0000000000000002,-2.0,0.0,0.0,0.0,-1.0,0.0,0.0,0.0,0.0,0.0,0.0,0.0,0.0,0.0,0.0,0.0,0.0,0.0,0.0,1.0,0.0,0.0,0.0,0.0,0.0,0.0,0.0,0.0,0.0,0.0,0.0,0.0,0.0,0.0,0.0,0.0,0.0,0.0,0.0
SBUX,Bear Call Spread,-37.25,-290.0,290.0,460.0,50.59,49.18,-0.08097826086956522,-48.00000000000001,-0.9999999999999996,3.0,-1.0000000000000002,-2.0,0.0,0.0,0.0,0.0,0.0,-1.0,0.0,0.0,0.0,0.0,0.0,0.0,0.0,0.0,0.0,0.0,0.0,0.0,1.0,0.0,0.0,0.0,0.0,0.0,0.0,0.0,0.0,0.0,0.0,0.0,0.0,0.0,0.0,0.0,0.0,0.0,0.0,0.0
SBUX,Bear Call Spread,-36.39,-255.0,255.0,445.0,51.46,48.32,-0.08177528089887641,-45.0,-2.0000000000000004,3.0,-1.0000000000000002,-1.0,0.0,0.0,0.0,0.0,0.0,0.0,-1.0,0.0,0.0,0.0,0.0,0.0,0.0,0.0,0.0,0.0,0.0,0.0,1.0,0.0,0.0,0.0,0.0,0.0,0.0,0.0,0.0,0.0,0.0,0.0,0.0,0.0,0.0,0.0,0.0,0.0,0.0,0.0
SBUX,Bear Call Spread,-39.9,-325.0,325.0,475.0,48.86,50.91,-0.08399999999999999,-51.0,-0.9999999999999996,3.0,-1.0000000000000002,-2.0,0.0,0.0,0.0,0.0,-1.0,0.0,0.0,0.0,0.0,0.0,0.0,0.0,0.0,0.0,0.0,0.0,0.0,0.0,1.0,0.0,0.0,0.0,0.0,0.0,0.0,0.0,0.0,0.0,0.0,0.0,0.0,0.0,0.0,0.0,0.0,0.0,0.0,0.0
SBUX,Bear Call Spread,-29.33,-146.00000000000003,146.00000000000003,304.0,54.88,44.9,-0.09648026315789474,-30.000000000000004,-1.0000000000000009,2.0000000000000004,-1.9999999999999998,0.0,0.0,0.0,0.0,0.0,0.0,0.0,0.0,0.0,0.0,-1.0,0.0,0.0,0.0,0.0,0.0,0.0,0.0,1.0,0.0,0.0,0.0,0.0,0.0,0.0,0.0,0.0,0.0,0.0,0.0,0.0,0.0,0.0,0.0,0.0,0.0,0.0,0.0,0.0
SBUX,Bear Call Spread,-49.93,-395.0,395.0,505.0,46.26,53.52,-0.09887128712871288,-57.00000000000001,0.0,2.0000000000000004,-1.0000000000000002,-2.0,0.0,0.0,-1.0,0.0,0.0,0.0,0.0,0.0,0.0,0.0,0.0,0.0,0.0,0.0,0.0,0.0,0.0,0.0,1.0,0.0,0.0,0.0,0.0,0.0,0.0,0.0,0.0,0.0,0.0,0.0,0.0,0.0,0.0,0.0,0.0,0.0,0.0,0.0
SBUX,Bear Call Spread,-27.69,-120.0,120.0,280.0,57.39,42.38,-0.09889285714285714,-26.0,-1.0000000000000009,2.0000000000000004,-1.9999999999999998,0.0,0.0,0.0,0.0,0.0,0.0,0.0,0.0,0.0,0.0,0.0,-1.0,0.0,0.0,0.0,0.0,0.0,0.0,1.0,0.0,0.0,0.0,0.0,0.0,0.0,0.0,0.0,0.0,0.0,0.0,0.0,0.0,0.0,0.0,0.0,0.0,0.0,0.0,0.0
SBUX,Bear Call Spread,-22.39,-127.00000000000003,127.00000000000003,222.99999999999997,53.17,46.6,-0.1004035874439462,-24.000000000000004,-1.0000000000000009,0.9999999999999996,-0.9999999999999996,0.0,0.0,0.0,0.0,0.0,0.0,0.0,0.0,0.0,0.0,-1.0,0.0,0.0,0.0,0.0,0.0,0.0,1.0,0.0,0.0,0.0,0.0,0.0,0.0,0.0,0.0,0.0,0.0,0.0,0.0,0.0,0.0,0.0,0.0,0.0,0.0,0.0,0.0,0.0
SBUX,Bear Call Spread,-35.03,-202.0,202.0,348.0,51.46,48.32,-0.10066091954022989,-37.0,-1.0000000000000009,2.0000000000000004,-1.9999999999999998,0.0,0.0,0.0,0.0,0.0,0.0,0.0,0.0,-1.0,0.0,0.0,0.0,0.0,0.0,0.0,0.0,0.0,0.0,1.0,0.0,0.0,0.0,0.0,0.0,0.0,0.0,0.0,0.0,0.0,0.0,0.0,0.0,0.0,0.0,0.0,0.0,0.0,0.0,0.0
SBUX,Bear Call Spread,-33.12,-172.0,172.0,328.0,53.17,46.6,-0.10097560975609755,-33.00000000000001,-1.0000000000000009,2.0000000000000004,-1.9999999999999998,0.0,0.0,0.0,0.0,0.0,0.0,0.0,0.0,0.0,-1.0,0.0,0.0,0.0,0.0,0.0,0.0,0.0,0.0,1.0,0.0,0.0,0.0,0.0,0.0,0.0,0.0,0.0,0.0,0.0,0.0,0.0,0.0,0.0,0.0,0.0,0.0,0.0,0.0,0.0
SBUX,Bear Call Spread,-52.01,-435.00000000000006,435.00000000000006,515.0,45.39,54.39,-0.10099029126213592,-60.00000000000001,0.0,2.0000000000000004,0.0,-2.0,0.0,-1.0,0.0,0.0,0.0,0.0,0.0,0.0,0.0,0.0,0.0,0.0,0.0,0.0,0.0,0.0,0.0,0.0,1.0,0.0,0.0,0.0,0.0,0.0,0.0,0.0,0.0,0.0,0.0,0.0,0.0,0.0,0.0,0.0,0.0,0.0,0.0,0.0
SBUX,Bear Call Spread,-41.76,-342.0,342.0,408.0,46.26,53.52,-0.10235294117647058,-49.0,0.0,2.0000000000000004,-1.0000000000000002,-1.0,0.0,0.0,0.0,-1.0,0.0,0.0,0.0,0.0,0.0,0.0,0.0,0.0,0.0,0.0,0.0,0.0,0.0,1.0,0.0,0.0,0.0,0.0,0.0,0.0,0.0,0.0,0.0,0.0,0.0,0.0,0.0,0.0,0.0,0.0,0.0,0.0,0.0,0.0
SBUX,Bear Call Spread,-26.22,-96.0,96.0,254.0,59.04,40.73,-0.1032283464566929,-23.0,-1.0000000000000009,2.0000000000000004,-1.9999999999999998,0.0,0.0,0.0,0.0,0.0,0.0,0.0,0.0,0.0,0.0,0.0,0.0,-1.0,0.0,0.0,0.0,0.0,0.0,1.0,0.0,0.0,0.0,0.0,0.0,0.0,0.0,0.0,0.0,0.0,0.0,0.0,0.0,0.0,0.0,0.0,0.0,0.0,0.0,0.0
SBUX,Bear Call Spread,-39.83,-267.0,267.0,383.0,47.99,51.78,-0.10399477806788511,-43.00000000000001,0.0,2.0000000000000004,-1.0000000000000002,-1.0,0.0,0.0,0.0,0.0,0.0,-1.0,0.0,0.0,0.0,0.0,0.0,0.0,0.0,0.0,0.0,0.0,0.0,1.0,0.0,0.0,0.0,0.0,0.0,0.0,0.0,0.0,0.0,0.0,0.0,0.0,0.0,0.0,0.0,0.0,0.0,0.0,0.0,0.0
SBUX,Bear Call Spread,-20.75,-101.0,101.0,199.0,55.72,44.05,-0.10427135678391959,-20.0,-1.0000000000000009,0.9999999999999996,-0.9999999999999996,0.0,0.0,0.0,0.0,0.0,0.0,0.0,0.0,0.0,0.0,0.0,-1.0,0.0,0.0,0.0,0.0,0.0,1.0,0.0,0.0,0.0,0.0,0.0,0.0,0.0,0.0,0.0,0.0,0.0,0.0,0.0,0.0,0.0,0.0,0.0,0.0,0.0,0.0,0.0
SBUX,Bear Call Spread,-55.23,-475.0,475.0,525.0,44.52,55.25,-0.10519999999999999,-60.00000000000001,1.0000000000000002,2.0000000000000004,0.0,-2.0,-1.0,0.0,0.0,0.0,0.0,0.0,0.0,0.0,0.0,0.0,0.0,0.0,0.0,0.0,0.0,0.0,0.0,0.0,1.0,0.0,0.0,0.0,0.0,0.0,0.0,0.0,0.0,0.0,0.0,0.0,0.0,0.0,0.0,0.0,0.0,0.0,0.0,0.0
SBUX,Bear Call Spread,-28.1,-183.0,183.0,267.0,49.73,50.04,-0.1052434456928839,-31.0,-1.0000000000000009,0.9999999999999996,-0.9999999999999996,0.0,0.0,0.0,0.0,0.0,0.0,0.0,0.0,-1.0,0.0,0.0,0.0,0.0,0.0,0.0,0.0,0.0,1.0,0.0,0.0,0.0,0.0,0.0,0.0,0.0,0.0,0.0,0.0,0.0,0.0,0.0,0.0,0.0,0.0,0.0,0.0,0.0,0.0,0.0
SBUX,Bear Call Spread,-9.4,-10.999999999999993,10.999999999999993,89.0,77.6,22.18,-0.10561797752808989,-5.000000000000002,-0.9999999999999996,0.9999999999999996,0.0,-1.0,0.0,0.0,0.0,0.0,0.0,0.0,0.0,0.0,0.0,0.0,0.0,0.0,0.0,0.0,0.0,0.0,0.0,-1.0,1.0,0.0,0.0,0.0,0.0,0.0,0.0,0.0,0.0,0.0,0.0,0.0,0.0,0.0,0.0,0.0,0.0,0.0,0.0,0.0
SBUX,Bear Call Spread,-38.97,-232.0,232.0,368.0,49.73,50.04,-0.10589673913043478,-40.0,-1.0000000000000009,2.0000000000000004,-1.0000000000000002,0.0,0.0,0.0,0.0,0.0,0.0,0.0,-1.0,0.0,0.0,0.0,0.0,0.0,0.0,0.0,0.0,0.0,0.0,1.0,0.0,0.0,0.0,0.0,0.0,0.0,0.0,0.0,0.0,0.0,0.0,0.0,0.0,0.0,0.0,0.0,0.0,0.0,0.0,0.0
SBUX,Bear Call Spread,-26.19,-153.0,153.0,247.0,51.46,48.32,-0.10603238866396762,-27.000000000000007,-1.0000000000000009,0.9999999999999996,-0.9999999999999996,0.0,0.0,0.0,0.0,0.0,0.0,0.0,0.0,0.0,-1.0,0.0,0.0,0.0,0.0,0.0,0.0,0.0,1.0,0.0,0.0,0.0,0.0,0.0,0.0,0.0,0.0,0.0,0.0,0.0,0.0,0.0,0.0,0.0,0.0,0.0,0.0,0.0,0.0,0.0
SBUX,Bear Call Spread,-23.91,-75.0,75.0,225.0,61.46,38.31,-0.10626666666666666,-18.999999999999996,-1.0000000000000009,2.0000000000000004,-1.9999999999999998,0.0,0.0,0.0,0.0,0.0,0.0,0.0,0.0,0.0,0.0,0.0,0.0,0.0,-1.0,0.0,0.0,0.0,0.0,1.0,0.0,0.0,0.0,0.0,0.0,0.0,0.0,0.0,0.0,0.0,0.0,0.0,0.0,0.0,0.0,0.0,0.0,0.0,0.0,0.0
SBUX,Bear Call Spread,-34.83,-323.0,323.0,327.0,44.52,55.25,-0.1065137614678899,-43.0,0.0,0.9999999999999996,0.0,-1.0,0.0,0.0,0.0,-1.0,0.0,0.0,0.0,0.0,0.0,0.0,0.0,0.0,0.0,0.0,0.0,0.0,1.0,0.0,0.0,0.0,0.0,0.0,0.0,0.0,0.0,0.0,0.0,0.0,0.0,0.0,0.0,0.0,0.0,0.0,0.0,0.0,0.0,0.0
SBUX,Bear Call Spread,-42.47,-302.0,302.0,398.0,47.12,52.65,-0.10670854271356783,-46.0,0.0,2.0000000000000004,-1.0000000000000002,-1.0,0.0,0.0,0.0,0.0,-1.0,0.0,0.0,0.0,0.0,0.0,0.0,0.0,0.0,0.0,0.0,0.0,0.0,1.0,0.0,0.0,0.0,0.0,0.0,0.0,0.0,0.0,0.0,0.0,0.0,0.0,0.0,0.0,0.0,0.0,0.0,0.0,0.0,0.0
SBUX,Bear Call Spread,-32.89,-248.0,248.0,302.0,46.26,53.52,-0.10890728476821192,-37.00000000000001,0.0,0.9999999999999996,0.0,-1.0,0.0,0.0,0.0,0.0,0.0,-1.0,0.0,0.0,0.0,0.0,0.0,0.0,0.0,0.0,0.0,0.0,1.0,0.0,0.0,0.0,0.0,0.0,0.0,0.0,0.0,0.0,0.0,0.0,0.0,0.0,0.0,0.0,0.0,0.0,0.0,0.0,0.0,0.0
SBUX,Bear Call Spread,-19.28,-77.0,77.0,173.0,57.39,42.38,-0.11144508670520231,-17.000000000000004,-1.0000000000000009,0.9999999999999996,-0.9999999999999996,0.0,0.0,0.0,0.0,0.0,0.0,0.0,0.0,0.0,0.0,0.0,0.0,-1.0,0.0,0.0,0.0,0.0,1.0,0.0,0.0,0.0,0.0,0.0,0.0,0.0,0.0,0.0,0.0,0.0,0.0,0.0,0.0,0.0,0.0,0.0,0.0,0.0,0.0,0.0
SBUX,Bear Call Spread,-32.03,-213.0,213.0,287.0,47.99,51.78,-0.111602787456446,-34.0,-1.0000000000000009,0.9999999999999996,0.0,0.0,0.0,0.0,0.0,0.0,0.0,0.0,-1.0,0.0,0.0,0.0,0.0,0.0,0.0,0.0,0.0,0.0,1.0,0.0,0.0,0.0,0.0,0.0,0.0,0.0,0.0,0.0,0.0,0.0,0.0,0.0,0.0,0.0,0.0,0.0,0.0,0.0,0.0,0.0
SBUX,Bear Call Spread,-21.72,-56.0,56.0,194.0,63.81,35.97,-0.11195876288659794,-15.0,-1.0000000000000009,2.0000000000000004,-1.0000000000000002,0.0,0.0,0.0,0.0,0.0,0.0,0.0,0.0,0.0,0.0,0.0,0.0,0.0,0.0,-1.0,0.0,0.0,0.0,1.0,0.0,0.0,0.0,0.0,0.0,0.0,0.0,0.0,0.0,0.0,0.0,0.0,0.0,0.0,0.0,0.0,0.0,0.0,0.0,0.0
SBUX,Bear Call Spread,-35.53,-283.0,283.0,317.0,45.39,54.39,-0.1120820189274448,-40.0,0.0,0.9999999999999996,0.0,-1.0,0.0,0.0,0.0,0.0,-1.0,0.0,0.0,0.0,0.0,0.0,0.0,0.0,0.0,0.0,0.0,0.0,1.0,0.0,0.0,0.0,0.0,0.0,0.0,0.0,0.0,0.0,0.0,0.0,0.0,0.0,0.0,0.0,0.0,0.0,0.0,0.0,0.0,0.0
SBUX,Bear Call Spread,-16.98,-56.0,56.0,144.0,59.85,39.92,-0.11791666666666667,-13.0,-1.0000000000000009,0.9999999999999996,-0.9999999999999996,0.0,0.0,0.0,0.0,0.0,0.0,0.0,0.0,0.0,0.0,0.0,0.0,0.0,-1.0,0.0,0.0,0.0,1.0,0.0,0.0,0.0,0.0,0.0,0.0,0.0,0.0,0.0,0.0,0.0,0.0,0.0,0.0,0.0,0.0,0.0,0.0,0.0,0.0,0.0
SBUX,Bear Call Spread,-52.51,-372.0,372.0,428.0,44.52,55.25,-0.12268691588785047,-52.0,0.9999999999999996,1.0000000000000009,-1.0000000000000002,-1.0,0.0,0.0,-1.0,0.0,0.0,0.0,0.0,0.0,0.0,0.0,0.0,0.0,0.0,0.0,0.0,0.0,0.0,1.0,0.0,0.0,0.0,0.0,0.0,0.0,0.0,0.0,0.0,0.0,0.0,0.0,0.0,0.0,0.0,0.0,0.0,0.0,0.0,0.0
SBUX,Bear Call Spread,-54.58,-412.00000000000006,412.00000000000006,437.99999999999994,43.65,56.12,-0.12461187214611874,-55.00000000000001,0.9999999999999996,1.0000000000000009,0.0,-1.0,0.0,-1.0,0.0,0.0,0.0,0.0,0.0,0.0,0.0,0.0,0.0,0.0,0.0,0.0,0.0,0.0,0.0,1.0,0.0,0.0,0.0,0.0,0.0,0.0,0.0,0.0,0.0,0.0,0.0,0.0,0.0,0.0,0.0,0.0,0.0,0.0,0.0,0.0
SBUX,Bear Call Spread,-20.56,-37.999999999999986,37.999999999999986,162.0,66.07,33.7,-0.12691358024691357,-11.999999999999996,-1.0000000000000009,2.0000000000000004,-1.0000000000000002,0.0,0.0,0.0,0.0,0.0,0.0,0.0,0.0,0.0,0.0,0.0,0.0,0.0,0.0,0.0,-1.0,0.0,0.0,1.0,0.0,0.0,0.0,0.0,0.0,0.0,0.0,0.0,0.0,0.0,0.0,0.0,0.0,0.0,0.0,0.0,0.0,0.0,0.0,0.0
SBUX,Bear Call Spread,-57.81,-452.0,452.0,448.0,42.79,56.99,-0.12904017857142858,-55.00000000000001,1.9999999999999998,1.0000000000000009,0.0,-1.0,-1.0,0.0,0.0,0.0,0.0,0.0,0.0,0.0,0.0,0.0,0.0,0.0,0.0,0.0,0.0,0.0,0.0,1.0,0.0,0.0,0.0,0.0,0.0,0.0,0.0,0.0,0.0,0.0,0.0,0.0,0.0,0.0,0.0,0.0,0.0,0.0,0.0,0.0
SBUX,Bear Call Spread,-14.78,-37.0,37.0,113.0,62.25,37.52,-0.13079646017699115,-9.000000000000002,-1.0000000000000009,0.9999999999999996,0.0,0.0,0.0,0.0,0.0,0.0,0.0,0.0,0.0,0.0,0.0,0.0,0.0,0.0,0.0,-1.0,0.0,0.0,1.0,0.0,0.0,0.0,0.0,0.0,0.0,0.0,0.0,0.0,0.0,0.0,0.0,0.0,0.0,0.0,0.0,0.0,0.0,0.0,0.0,0.0
SBUX,Bear Call Spread,-45.57,-353.0,353.0,347.0,42.79,56.99,-0.1313256484149856,-46.0,0.9999999999999996,0.0,0.0,-1.0,0.0,0.0,-1.0,0.0,0.0,0.0,0.0,0.0,0.0,0.0,0.0,0.0,0.0,0.0,0.0,0.0,1.0,0.0,0.0,0.0,0.0,0.0,0.0,0.0,0.0,0.0,0.0,0.0,0.0,0.0,0.0,0.0,0.0,0.0,0.0,0.0,0.0,0.0
SBUX,Bear Call Spread,-34.18,-291.0,291.0,259.0,41.92,57.85,-0.13196911196911196,-37.0,1.0000000000000009,0.0,0.0,-1.0,0.0,0.0,0.0,-1.0,0.0,0.0,0.0,0.0,0.0,0.0,0.0,0.0,0.0,0.0,1.0,0.0,0.0,0.0,0.0,0.0,0.0,0.0,0.0,0.0,0.0,0.0,0.0,0.0,0.0,0.0,0.0,0.0,0.0,0.0,0.0,0.0,0.0,0.0
SBUX,Bear Call Spread,-47.65,-393.00000000000006,393.00000000000006,356.99999999999994,41.92,57.85,-0.13347338935574232,-49.00000000000001,0.9999999999999996,0.0,1.0000000000000002,-1.0,0.0,-1.0,0.0,0.0,0.0,0.0,0.0,0.0,0.0,0.0,0.0,0.0,0.0,0.0,0.0,0.0,1.0,0.0,0.0,0.0,0.0,0.0,0.0,0.0,0.0,0.0,0.0,0.0,0.0,0.0,0.0,0.0,0.0,0.0,0.0,0.0,0.0,0.0
SBUX,Bear Call Spread,-32.24,-216.0,216.0,234.0,43.65,56.12,-0.13777777777777778,-31.000000000000007,1.0000000000000009,0.0,0.0,-1.0,0.0,0.0,0.0,0.0,0.0,-1.0,0.0,0.0,0.0,0.0,0.0,0.0,0.0,0.0,1.0,0.0,0.0,0.0,0.0,0.0,0.0,0.0,0.0,0.0,0.0,0.0,0.0,0.0,0.0,0.0,0.0,0.0,0.0,0.0,0.0,0.0,0.0,0.0
SBUX,Bear Call Spread,-27.45,-151.0,151.0,199.0,47.12,52.65,-0.13793969849246232,-25.0,0.0,0.0,-0.9999999999999996,0.0,0.0,0.0,0.0,0.0,0.0,0.0,0.0,-1.0,0.0,0.0,0.0,0.0,0.0,0.0,1.0,0.0,0.0,0.0,0.0,0.0,0.0,0.0,0.0,0.0,0.0,0.0,0.0,0.0,0.0,0.0,0.0,0.0,0.0,0.0,0.0,0.0,0.0,0.0
SBUX,Bear Call Spread,-41.39,-301.0,301.0,299.0,42.79,56.99,-0.13842809364548495,-40.0,1.0000000000000009,0.0,0.0,-1.0,0.0,0.0,0.0,-1.0,0.0,0.0,0.0,0.0,0.0,0.0,0.0,0.0,0.0,0.0,0.0,1.0,0.0,0.0,0.0,0.0,0.0,0.0,0.0,0.0,0.0,0.0,0.0,0.0,0.0,0.0,0.0,0.0,0.0,0.0,0.0,0.0,0.0,0.0
SBUX,Bear Call Spread,-50.87,-433.0,433.0,367.0,41.07,58.71,-0.13861035422343324,-49.00000000000001,1.9999999999999998,0.0,1.0000000000000002,-1.0,-1.0,0.0,0.0,0.0,0.0,0.0,0.0,0.0,0.0,0.0,0.0,0.0,0.0,0.0,0.0,0.0,1.0,0.0,0.0,0.0,0.0,0.0,0.0,0.0,0.0,0.0,0.0,0.0,0.0,0.0,0.0,0.0,0.0,0.0,0.0,0.0,0.0,0.0
SBUX,Bear Call Spread,-34.89,-251.0,251.0,249.0,42.79,56.99,-0.14012048192771084,-34.0,1.0000000000000009,0.0,0.0,-1.0,0.0,0.0,0.0,0.0,-1.0,0.0,0.0,0.0,0.0,0.0,0.0,0.0,0.0,0.0,1.0,0.0,0.0,0.0,0.0,0.0,0.0,0.0,0.0,0.0,0.0,0.0,0.0,0.0,0.0,0.0,0.0,0.0,0.0,0.0,0.0,0.0,0.0,0.0
SBUX,Bear Call Spread,-21.74,-95.00000000000003,95.00000000000003,154.99999999999997,50.59,49.18,-0.14025806451612904,-18.000000000000004,0.0,0.0,-0.9999999999999996,0.0,0.0,0.0,0.0,0.0,0.0,0.0,0.0,0.0,0.0,-1.0,0.0,0.0,0.0,0.0,1.0,0.0,0.0,0.0,0.0,0.0,0.0,0.0,0.0,0.0,0.0,0.0,0.0,0.0,0.0,0.0,0.0,0.0,0.0,0.0,0.0,0.0,0.0,0.0
SBUX,Bear Call Spread,-32.02,-274.0,274.0,226.0,40.21,59.56,-0.14168141592920355,-34.0,1.0000000000000009,0.0,0.0,-1.0,0.0,0.0,0.0,-1.0,0.0,0.0,0.0,0.0,0.0,0.0,0.0,0.0,0.0,1.0,0.0,0.0,0.0,0.0,0.0,0.0,0.0,0.0,0.0,0.0,0.0,0.0,0.0,0.0,0.0,0.0,0.0,0.0,0.0,0.0,0.0,0.0,0.0,0.0
SBUX,Bear Call Spread,-25.54,-121.0,121.0,179.0,48.86,50.91,-0.14268156424581005,-21.000000000000007,0.0,0.0,-0.9999999999999996,0.0,0.0,0.0,0.0,0.0,0.0,0.0,0.0,0.0,-1.0,0.0,0.0,0.0,0.0,0.0,1.0,0.0,0.0,0.0,0.0,0.0,0.0,0.0,0.0,0.0,0.0,0.0,0.0,0.0,0.0,0.0,0.0,0.0,0.0,0.0,0.0,0.0,0.0,0.0
SBUX,Bear Call Spread,-31.38,-181.0,181.0,219.0,45.39,54.39,-0.1432876712328767,-28.000000000000004,0.0,0.0,0.0,0.0,0.0,0.0,0.0,0.0,0.0,0.0,-1.0,0.0,0.0,0.0,0.0,0.0,0.0,0.0,1.0,0.0,0.0,0.0,0.0,0.0,0.0,0.0,0.0,0.0,0.0,0.0,0.0,0.0,0.0,0.0,0.0,0.0,0.0,0.0,0.0,0.0,0.0,0.0
SBUX,Bear Call Spread,-39.46,-226.0,226.0,274.0,44.52,55.25,-0.14401459854014598,-34.0,1.0000000000000009,0.0,0.0,-1.0,0.0,0.0,0.0,0.0,0.0,-1.0,0.0,0.0,0.0,0.0,0.0,0.0,0.0,0.0,0.0,1.0,0.0,0.0,0.0,0.0,0.0,0.0,0.0,0.0,0.0,0.0,0.0,0.0,0.0,0.0,0.0,0.0,0.0,0.0,0.0,0.0,0.0,0.0
SBUX,Bear Call Spread,-18.33,-23.0,23.0,127.0,68.95,30.83,-0.1443307086614173,-9.0,-1.0000000000000009,2.0000000000000004,-1.0000000000000002,0.0,0.0,0.0,0.0,0.0,0.0,0.0,0.0,0.0,0.0,0.0,0.0,0.0,0.0,0.0,0.0,-1.0,0.0,1.0,0.0,0.0,0.0,0.0,0.0,0.0,0.0,0.0,0.0,0.0,0.0,0.0,0.0,0.0,0.0,0.0,0.0,0.0,0.0,0.0
SBUX,Bear Call Spread,-34.66,-161.0,161.0,239.0,47.99,51.78,-0.14502092050209203,-27.999999999999996,0.0,0.0,-0.9999999999999996,0.0,0.0,0.0,0.0,0.0,0.0,0.0,0.0,-1.0,0.0,0.0,0.0,0.0,0.0,0.0,0.0,1.0,0.0,0.0,0.0,0.0,0.0,0.0,0.0,0.0,0.0,0.0,0.0,0.0,0.0,0.0,0.0,0.0,0.0,0.0,0.0,0.0,0.0,0.0
SBUX,Bear Call Spread,-42.1,-261.0,261.0,289.0,43.65,56.12,-0.14567474048442908,-36.99999999999999,1.0000000000000009,0.0,0.0,-1.0,0.0,0.0,0.0,0.0,-1.0,0.0,0.0,0.0,0.0,0.0,0.0,0.0,0.0,0.0,0.0,1.0,0.0,0.0,0.0,0.0,0.0,0.0,0.0,0.0,0.0,0.0,0.0,0.0,0.0,0.0,0.0,0.0,0.0,0.0,0.0,0.0,0.0,0.0
SBUX,Bear Call Spread,-28.96,-105.00000000000003,105.00000000000003,194.99999999999997,51.46,48.32,-0.14851282051282053,-21.000000000000004,0.0,0.0,-0.9999999999999996,0.0,0.0,0.0,0.0,0.0,0.0,0.0,0.0,0.0,0.0,-1.0,0.0,0.0,0.0,0.0,0.0,1.0,0.0,0.0,0.0,0.0,0.0,0.0,0.0,0.0,0.0,0.0,0.0,0.0,0.0,0.0,0.0,0.0,0.0,0.0,0.0,0.0,0.0,0.0
SBUX,Bear Call Spread,-38.6,-191.0,191.0,259.0,46.26,53.52,-0.14903474903474903,-31.0,0.0,0.0,0.0,0.0,0.0,0.0,0.0,0.0,0.0,0.0,-1.0,0.0,0.0,0.0,0.0,0.0,0.0,0.0,0.0,1.0,0.0,0.0,0.0,0.0,0.0,0.0,0.0,0.0,0.0,0.0,0.0,0.0,0.0,0.0,0.0,0.0,0.0,0.0,0.0,0.0,0.0,0.0
SBUX,Bear Call Spread,-32.75,-131.0,131.0,219.0,49.73,50.04,-0.1495433789954338,-24.000000000000004,0.0,0.0,-0.9999999999999996,0.0,0.0,0.0,0.0,0.0,0.0,0.0,0.0,0.0,-1.0,0.0,0.0,0.0,0.0,0.0,0.0,1.0,0.0,0.0,0.0,0.0,0.0,0.0,0.0,0.0,0.0,0.0,0.0,0.0,0.0,0.0,0.0,0.0,0.0,0.0,0.0,0.0,0.0,0.0
SBUX,Bear Call Spread,-30.08,-199.0,199.0,201.0,41.92,57.85,-0.14965174129353234,-28.000000000000004,1.0000000000000009,0.0,0.0,-1.0,0.0,0.0,0.0,0.0,0.0,-1.0,0.0,0.0,0.0,0.0,0.0,0.0,0.0,1.0,0.0,0.0,0.0,0.0,0.0,0.0,0.0,0.0,0.0,0.0,0.0,0.0,0.0,0.0,0.0,0.0,0.0,0.0,0.0,0.0,0.0,0.0,0.0,0.0
SBUX,Bear Call Spread,-32.73,-234.0,234.0,216.0,41.07,58.71,-0.15152777777777776,-30.999999999999993,1.0000000000000009,0.0,0.0,-1.0,0.0,0.0,0.0,0.0,-1.0,0.0,0.0,0.0,0.0,0.0,0.0,0.0,0.0,1.0,0.0,0.0,0.0,0.0,0.0,0.0,0.0,0.0,0.0,0.0,0.0,0.0,0.0,0.0,0.0,0.0,0.0,0.0,0.0,0.0,0.0,0.0,0.0,0.0
SBUX,Bear Call Spread,-25.29,-134.0,134.0,166.0,45.39,54.39,-0.15234939759036145,-21.999999999999996,0.0,0.0,-0.9999999999999996,0.0,0.0,0.0,0.0,0.0,0.0,0.0,0.0,-1.0,0.0,0.0,0.0,0.0,0.0,1.0,0.0,0.0,0.0,0.0,0.0,0.0,0.0,0.0,0.0,0.0,0.0,0.0,0.0,0.0,0.0,0.0,0.0,0.0,0.0,0.0,0.0,0.0,0.0,0.0
SBUX,Bear Call Spread,-20.1,-69.0,69.0,131.0,52.32,47.46,-0.1534351145038168,-14.000000000000002,0.0,0.0,-0.9999999999999996,0.0,0.0,0.0,0.0,0.0,0.0,0.0,0.0,0.0,0.0,0.0,-1.0,0.0,0.0,0.0,1.0,0.0,0.0,0.0,0.0,0.0,0.0,0.0,0.0,0.0,0.0,0.0,0.0,0.0,0.0,0.0,0.0,0.0,0.0,0.0,0.0,0.0,0.0,0.0
SBUX,Bear Call Spread,-29.22,-164.0,164.0,186.0,43.65,56.12,-0.1570967741935484,-25.0,0.0,0.0,0.0,0.0,0.0,0.0,0.0,0.0,0.0,0.0,-1.0,0.0,0.0,0.0,0.0,0.0,0.0,1.0,0.0,0.0,0.0,0.0,0.0,0.0,0.0,0.0,0.0,0.0,0.0,0.0,0.0,0.0,0.0,0.0,0.0,0.0,0.0,0.0,0.0,0.0,0.0,0.0
SBUX,Bear Call Spread,-27.32,-79.0,79.0,171.0,53.17,46.6,-0.15976608187134503,-17.0,0.0,0.0,-0.9999999999999996,0.0,0.0,0.0,0.0,0.0,0.0,0.0,0.0,0.0,0.0,0.0,-1.0,0.0,0.0,0.0,0.0,1.0,0.0,0.0,0.0,0.0,0.0,0.0,0.0,0.0,0.0,0.0,0.0,0.0,0.0,0.0,0.0,0.0,0.0,0.0,0.0,0.0,0.0,0.0
SBUX,Bear Call Spread,-23.38,-104.0,104.0,146.0,47.12,52.65,-0.16013698630136985,-18.000000000000004,0.0,0.0,-0.9999999999999996,0.0,0.0,0.0,0.0,0.0,0.0,0.0,0.0,0.0,-1.0,0.0,0.0,0.0,0.0,1.0,0.0,0.0,0.0,0.0,0.0,0.0,0.0,0.0,0.0,0.0,0.0,0.0,0.0,0.0,0.0,0.0,0.0,0.0,0.0,0.0,0.0,0.0,0.0,0.0
SBUX,Bear Call Spread,-19.58,-78.00000000000003,78.00000000000003,121.99999999999997,48.86,50.91,-0.16049180327868856,-15.000000000000002,0.0,0.0,-0.9999999999999996,0.0,0.0,0.0,0.0,0.0,0.0,0.0,0.0,0.0,0.0,-1.0,0.0,0.0,0.0,1.0,0.0,0.0,0.0,0.0,0.0,0.0,0.0,0.0,0.0,0.0,0.0,0.0,0.0,0.0,0.0,0.0,0.0,0.0,0.0,0.0,0.0,0.0,0.0,0.0
SBUX,Bear Call Spread,-44.92,-321.0,321.0,279.0,40.21,59.56,-0.16100358422939068,-40.0,2.0000000000000004,-0.9999999999999996,0.0,-1.0,0.0,0.0,-1.0,0.0,0.0,0.0,0.0,0.0,0.0,0.0,0.0,0.0,0.0,0.0,1.0,0.0,0.0,0.0,0.0,0.0,0.0,0.0,0.0,0.0,0.0,0.0,0.0,0.0,0.0,0.0,0.0,0.0,0.0,0.0,0.0,0.0,0.0,0.0
SBUX,Bear Call Spread,-31.82,-253.0,253.0,197.0,38.51,61.26,-0.1615228426395939,-30.0,1.0000000000000009,0.0,0.9999999999999996,-1.0,0.0,0.0,0.0,-1.0,0.0,0.0,0.0,0.0,0.0,0.0,0.0,0.0,1.0,0.0,0.0,0.0,0.0,0.0,0.0,0.0,0.0,0.0,0.0,0.0,0.0,0.0,0.0,0.0,0.0,0.0,0.0,0.0,0.0,0.0,0.0,0.0,0.0,0.0
SBUX,Bear Call Spread,-47.0,-361.00000000000006,361.00000000000006,288.99999999999994,39.36,60.42,-0.16262975778546715,-43.00000000000001,2.0000000000000004,-0.9999999999999996,1.0000000000000002,-1.0,0.0,-1.0,0.0,0.0,0.0,0.0,0.0,0.0,0.0,0.0,0.0,0.0,0.0,0.0,1.0,0.0,0.0,0.0,0.0,0.0,0.0,0.0,0.0,0.0,0.0,0.0,0.0,0.0,0.0,0.0,0.0,0.0,0.0,0.0,0.0,0.0,0.0,0.0
SBUX,Bear Call Spread,-52.14,-331.0,331.0,319.0,41.07,58.71,-0.16344827586206898,-43.0,2.0000000000000004,-0.9999999999999996,0.0,-1.0,0.0,0.0,-1.0,0.0,0.0,0.0,0.0,0.0,0.0,0.0,0.0,0.0,0.0,0.0,0.0,1.0,0.0,0.0,0.0,0.0,0.0,0.0,0.0,0.0,0.0,0.0,0.0,0.0,0.0,0.0,0.0,0.0,0.0,0.0,0.0,0.0,0.0,0.0
SBUX,Bear Call Spread,-54.21,-371.00000000000006,371.00000000000006,328.99999999999994,40.21,59.56,-0.16477203647416416,-46.0,2.0000000000000004,-0.9999999999999996,1.0000000000000002,-1.0,0.0,-1.0,0.0,0.0,0.0,0.0,0.0,0.0,0.0,0.0,0.0,0.0,0.0,0.0,0.0,1.0,0.0,0.0,0.0,0.0,0.0,0.0,0.0,0.0,0.0,0.0,0.0,0.0,0.0,0.0,0.0,0.0,0.0,0.0,0.0,0.0,0.0,0.0
SBUX,Bear Call Spread,-14.92,-11.0,11.0,89.0,71.65,28.12,-0.16764044943820225,-5.999999999999997,0.0,1.0000000000000009,-1.0000000000000002,0.0,0.0,0.0,0.0,0.0,0.0,0.0,0.0,0.0,0.0,0.0,0.0,0.0,0.0,0.0,0.0,0.0,-1.0,1.0,0.0,0.0,0.0,0.0,0.0,0.0,0.0,0.0,0.0,0.0,0.0,0.0,0.0,0.0,0.0,0.0,0.0,0.0,0.0,0.0
SBUX,Bear Call Spread,-50.22,-401.0,401.0,299.0,38.51,61.26,-0.16795986622073578,-43.00000000000001,3.0000000000000004,-0.9999999999999996,1.0000000000000002,-1.0,-1.0,0.0,0.0,0.0,0.0,0.0,0.0,0.0,0.0,0.0,0.0,0.0,0.0,0.0,1.0,0.0,0.0,0.0,0.0,0.0,0.0,0.0,0.0,0.0,0.0,0.0,0.0,0.0,0.0,0.0,0.0,0.0,0.0,0.0,0.0,0.0,0.0,0.0
SBUX,Bear Call Spread,-13.62,-18.999999999999986,18.999999999999986,81.00000000000001,64.57,35.2,-0.1681481481481481,-6.0,-1.0000000000000009,0.9999999999999996,0.0,0.0,0.0,0.0,0.0,0.0,0.0,0.0,0.0,0.0,0.0,0.0,0.0,0.0,0.0,0.0,-1.0,0.0,1.0,0.0,0.0,0.0,0.0,0.0,0.0,0.0,0.0,0.0,0.0,0.0,0.0,0.0,0.0,0.0,0.0,0.0,0.0,0.0,0.0,0.0
SBUX,Bear Call Spread,-57.44,-411.0,411.0,339.0,39.36,60.42,-0.16943952802359882,-46.0,3.0000000000000004,-0.9999999999999996,1.0000000000000002,-1.0,-1.0,0.0,0.0,0.0,0.0,0.0,0.0,0.0,0.0,0.0,0.0,0.0,0.0,0.0,0.0,1.0,0.0,0.0,0.0,0.0,0.0,0.0,0.0,0.0,0.0,0.0,0.0,0.0,0.0,0.0,0.0,0.0,0.0,0.0,0.0,0.0,0.0,0.0
SBUX,Bear Call Spread,-29.88,-178.0,178.0,172.0,40.21,59.56,-0.17372093023255814,-24.000000000000004,1.0000000000000009,0.0,0.9999999999999996,-1.0,0.0,0.0,0.0,0.0,0.0,-1.0,0.0,0.0,0.0,0.0,0.0,0.0,1.0,0.0,0.0,0.0,0.0,0.0,0.0,0.0,0.0,0.0,0.0,0.0,0.0,0.0,0.0,0.0,0.0,0.0,0.0,0.0,0.0,0.0,0.0,0.0,0.0,0.0
SBUX,Bear Call Spread,-42.76,-304.0,304.0,246.0,38.51,61.26,-0.1738211382113821,-37.0,2.0000000000000004,-0.9999999999999996,0.0,-1.0,0.0,0.0,-1.0,0.0,0.0,0.0,0.0,0.0,0.0,0.0,0.0,0.0,0.0,1.0,0.0,0.0,0.0,0.0,0.0,0.0,0.0,0.0,0.0,0.0,0.0,0.0,0.0,0.0,0.0,0.0,0.0,0.0,0.0,0.0,0.0,0.0,0.0,0.0
SBUX,Bear Call Spread,-32.53,-213.0,213.0,187.0,39.36,60.42,-0.1739572192513369,-26.999999999999996,1.0000000000000009,0.0,0.9999999999999996,-1.0,0.0,0.0,0.0,0.0,-1.0,0.0,0.0,0.0,0.0,0.0,0.0,0.0,1.0,0.0,0.0,0.0,0.0,0.0,0.0,0.0,0.0,0.0,0.0,0.0,0.0,0.0,0.0,0.0,0.0,0.0,0.0,0.0,0.0,0.0,0.0,0.0,0.0,0.0
SBUX,Bear Call Spread,-44.84,-344.00000000000006,344.00000000000006,255.99999999999994,37.67,62.1,-0.17515625000000004,-40.0,2.0000000000000004,-0.9999999999999996,1.0000000000000002,-1.0,0.0,-1.0,0.0,0.0,0.0,0.0,0.0,0.0,0.0,0.0,0.0,0.0,0.0,1.0,0.0,0.0,0.0,0.0,0.0,0.0,0.0,0.0,0.0,0.0,0.0,0.0,0.0,0.0,0.0,0.0,0.0,0.0,0.0,0.0,0.0,0.0,0.0,0.0
SBUX,Bear Call Spread,-18.63,-45.0,45.0,105.0,54.88,44.9,-0.1774285714285714,-11.000000000000004,0.0,0.0,-0.9999999999999996,0.0,0.0,0.0,0.0,0.0,0.0,0.0,0.0,0.0,0.0,0.0,0.0,-1.0,0.0,0.0,1.0,0.0,0.0,0.0,0.0,0.0,0.0,0.0,0.0,0.0,0.0,0.0,0.0,0.0,0.0,0.0,0.0,0.0,0.0,0.0,0.0,0.0,0.0,0.0
SBUX,Bear Call Spread,-25.85,-55.0,55.0,145.0,55.72,44.05,-0.17827586206896553,-14.000000000000002,0.0,0.0,-0.9999999999999996,0.0,0.0,0.0,0.0,0.0,0.0,0.0,0.0,0.0,0.0,0.0,0.0,-1.0,0.0,0.0,0.0,1.0,0.0,0.0,0.0,0.0,0.0,0.0,0.0,0.0,0.0,0.0,0.0,0.0,0.0,0.0,0.0,0.0,0.0,0.0,0.0,0.0,0.0,0.0
SBUX,Bear Call Spread,-30.51,-231.0,231.0,169.0,36.83,62.94,-0.18053254437869823,-25.999999999999996,1.0000000000000009,0.0,0.9999999999999996,-1.0,0.0,0.0,0.0,-1.0,0.0,0.0,0.0,0.0,0.0,0.0,0.0,1.0,0.0,0.0,0.0,0.0,0.0,0.0,0.0,0.0,0.0,0.0,0.0,0.0,0.0,0.0,0.0,0.0,0.0,0.0,0.0,0.0,0.0,0.0,0.0,0.0,0.0,0.0
SBUX,Bear Call Spread,-48.06,-384.0,384.0,266.0,36.83,62.94,-0.18067669172932332,-40.0,3.0000000000000004,-0.9999999999999996,1.0000000000000002,-1.0,-1.0,0.0,0.0,0.0,0.0,0.0,0.0,0.0,0.0,0.0,0.0,0.0,0.0,1.0,0.0,0.0,0.0,0.0,0.0,0.0,0.0,0.0,0.0,0.0,0.0,0.0,0.0,0.0,0.0,0.0,0.0,0.0,0.0,0.0,0.0,0.0,0.0,0.0
SBUX,Bear Call Spread,-17.94,-52.0,52.0,98.0,51.46,48.32,-0.18306122448979592,-10.999999999999998,0.0,0.0,-0.9999999999999996,0.0,0.0,0.0,0.0,0.0,0.0,0.0,0.0,0.0,0.0,0.0,-1.0,0.0,0.0,1.0,0.0,0.0,0.0,0.0,0.0,0.0,0.0,0.0,0.0,0.0,0.0,0.0,0.0,0.0,0.0,0.0,0.0,0.0,0.0,0.0,0.0,0.0,0.0,0.0
SBUX,Bear Call Spread,-25.09,-113.0,113.0,137.0,43.65,56.12,-0.18313868613138687,-18.0,0.0,0.0,0.0,0.0,0.0,0.0,0.0,0.0,0.0,0.0,0.0,-1.0,0.0,0.0,0.0,0.0,1.0,0.0,0.0,0.0,0.0,0.0,0.0,0.0,0.0,0.0,0.0,0.0,0.0,0.0,0.0,0.0,0.0,0.0,0.0,0.0,0.0,0.0,0.0,0.0,0.0,0.0
SBUX,Bear Call Spread,-29.02,-143.0,143.0,157.0,41.92,57.85,-0.1848407643312102,-21.000000000000004,0.0,0.0,0.9999999999999996,0.0,0.0,0.0,0.0,0.0,0.0,0.0,-1.0,0.0,0.0,0.0,0.0,0.0,1.0,0.0,0.0,0.0,0.0,0.0,0.0,0.0,0.0,0.0,0.0,0.0,0.0,0.0,0.0,0.0,0.0,0.0,0.0,0.0,0.0,0.0,0.0,0.0,0.0,0.0
SBUX,Bear Call Spread,-42.56,-283.0,283.0,217.0,36.83,62.94,-0.19612903225806452,-33.0,2.0000000000000004,-0.9999999999999996,0.9999999999999996,-1.0,0.0,0.0,-1.0,0.0,0.0,0.0,0.0,0.0,0.0,0.0,0.0,0.0,1.0,0.0,0.0,0.0,0.0,0.0,0.0,0.0,0.0,0.0,0.0,0.0,0.0,0.0,0.0,0.0,0.0,0.0,0.0,0.0,0.0,0.0,0.0,0.0,0.0,0.0
SBUX,Bear Call Spread,-31.22,-191.0,191.0,159.0,37.67,62.1,-0.19635220125786162,-22.999999999999993,1.0000000000000009,0.0,0.9999999999999996,-1.0,0.0,0.0,0.0,0.0,-1.0,0.0,0.0,0.0,0.0,0.0,0.0,1.0,0.0,0.0,0.0,0.0,0.0,0.0,0.0,0.0,0.0,0.0,0.0,0.0,0.0,0.0,0.0,0.0,0.0,0.0,0.0,0.0,0.0,0.0,0.0,0.0,0.0,0.0
SBUX,Bear Call Spread,-44.64,-323.00000000000006,323.00000000000006,226.99999999999994,36.0,63.77,-0.19665198237885467,-36.00000000000001,2.0000000000000004,-0.9999999999999996,1.9999999999999998,-1.0,0.0,-1.0,0.0,0.0,0.0,0.0,0.0,0.0,0.0,0.0,0.0,0.0,1.0,0.0,0.0,0.0,0.0,0.0,0.0,0.0,0.0,0.0,0.0,0.0,0.0,0.0,0.0,0.0,0.0,0.0,0.0,0.0,0.0,0.0,0.0,0.0,0.0,0.0
SBUX,Bear Call Spread,-23.18,-83.0,83.0,117.0,45.39,54.39,-0.19811965811965812,-14.000000000000007,0.0,0.0,0.0,0.0,0.0,0.0,0.0,0.0,0.0,0.0,0.0,0.0,-1.0,0.0,0.0,0.0,1.0,0.0,0.0,0.0,0.0,0.0,0.0,0.0,0.0,0.0,0.0,0.0,0.0,0.0,0.0,0.0,0.0,0.0,0.0,0.0,0.0,0.0,0.0,0.0,0.0,0.0
SBUX,Bear Call Spread,-28.57,-156.0,156.0,144.0,38.51,61.26,-0.1984027777777778,-20.0,1.0000000000000009,0.0,0.9999999999999996,-1.0,0.0,0.0,0.0,0.0,0.0,-1.0,0.0,0.0,0.0,0.0,0.0,1.0,0.0,0.0,0.0,0.0,0.0,0.0,0.0,0.0,0.0,0.0,0.0,0.0,0.0,0.0,0.0,0.0,0.0,0.0,0.0,0.0,0.0,0.0,0.0,0.0,0.0,0.0
SBUX,Bear Call Spread,-47.86,-363.0,363.0,237.0,35.18,64.6,-0.2019409282700422,-36.00000000000001,3.0000000000000004,-0.9999999999999996,1.9999999999999998,-1.0,-1.0,0.0,0.0,0.0,0.0,0.0,0.0,0.0,0.0,0.0,0.0,0.0,1.0,0.0,0.0,0.0,0.0,0.0,0.0,0.0,0.0,0.0,0.0,0.0,0.0,0.0,0.0,0.0,0.0,0.0,0.0,0.0,0.0,0.0,0.0,0.0,0.0,0.0
SBUX,Bear Call Spread,-23.54,-34.0,34.0,116.0,58.22,41.55,-0.20293103448275862,-9.999999999999998,0.0,0.0,-0.9999999999999996,0.0,0.0,0.0,0.0,0.0,0.0,0.0,0.0,0.0,0.0,0.0,0.0,0.0,-1.0,0.0,0.0,1.0,0.0,0.0,0.0,0.0,0.0,0.0,0.0,0.0,0.0,0.0,0.0,0.0,0.0,0.0,0.0,0.0,0.0,0.0,0.0,0.0,0.0,0.0
SBUX,Bear Call Spread,-29.04,-207.0,207.0,143.0,34.36,65.41,-0.20307692307692307,-23.0,1.0000000000000009,0.0,0.9999999999999996,-1.0,0.0,0.0,0.0,-1.0,0.0,0.0,0.0,0.0,0.0,0.0,1.0,0.0,0.0,0.0,0.0,0.0,0.0,0.0,0.0,0.0,0.0,0.0,0.0,0.0,0.0,0.0,0.0,0.0,0.0,0.0,0.0,0.0,0.0,0.0,0.0,0.0,0.0,0.0
SBUX,Bear Call Spread,-19.38,-57.00000000000003,57.00000000000003,92.99999999999997,47.12,52.65,-0.2083870967741936,-11.000000000000004,0.0,0.0,0.0,0.0,0.0,0.0,0.0,0.0,0.0,0.0,0.0,0.0,0.0,-1.0,0.0,0.0,1.0,0.0,0.0,0.0,0.0,0.0,0.0,0.0,0.0,0.0,0.0,0.0,0.0,0.0,0.0,0.0,0.0,0.0,0.0,0.0,0.0,0.0,0.0,0.0,0.0,0.0
SBUX,Bear Call Spread,-27.71,-121.0,121.0,129.0,40.21,59.56,-0.2148062015503876,-17.0,0.0,0.0,0.9999999999999996,0.0,0.0,0.0,0.0,0.0,0.0,0.0,-1.0,0.0,0.0,0.0,0.0,1.0,0.0,0.0,0.0,0.0,0.0,0.0,0.0,0.0,0.0,0.0,0.0,0.0,0.0,0.0,0.0,0.0,0.0,0.0,0.0,0.0,0.0,0.0,0.0,0.0,0.0,0.0
SBUX,Bear Call Spread,-16.33,-24.0,24.0,76.0,57.39,42.38,-0.21486842105263157,-7.000000000000001,0.0,0.0,-0.9999999999999996,0.0,0.0,0.0,0.0,0.0,0.0,0.0,0.0,0.0,0.0,0.0,0.0,0.0,-1.0,0.0,1.0,0.0,0.0,0.0,0.0,0.0,0.0,0.0,0.0,0.0,0.0,0.0,0.0,0.0,0.0,0.0,0.0,0.0,0.0,0.0,0.0,0.0,0.0,0.0
SBUX,Bear Call Spread,-43.33,-301.00000000000006,301.00000000000006,198.99999999999994,34.36,65.41,-0.21773869346733674,-32.0,2.0000000000000004,-0.9999999999999996,1.9999999999999998,-1.0,0.0,-1.0,0.0,0.0,0.0,0.0,0.0,0.0,0.0,0.0,0.0,1.0,0.0,0.0,0.0,0.0,0.0,0.0,0.0,0.0,0.0,0.0,0.0,0.0,0.0,0.0,0.0,0.0,0.0,0.0,0.0,0.0,0.0,0.0,0.0,0.0,0.0,0.0
SBUX,Bear Call Spread,-23.78,-91.0,91.0,109.0,41.92,57.85,-0.2181651376146789,-13.999999999999996,0.0,0.0,0.0,0.0,0.0,0.0,0.0,0.0,0.0,0.0,0.0,-1.0,0.0,0.0,0.0,1.0,0.0,0.0,0.0,0.0,0.0,0.0,0.0,0.0,0.0,0.0,0.0,0.0,0.0,0.0,0.0,0.0,0.0,0.0,0.0,0.0,0.0,0.0,0.0,0.0,0.0,0.0
SBUX,Bear Call Spread,-41.25,-261.0,261.0,189.0,35.18,64.6,-0.21825396825396826,-28.999999999999996,2.0000000000000004,-0.9999999999999996,0.9999999999999996,-1.0,0.0,0.0,-1.0,0.0,0.0,0.0,0.0,0.0,0.0,0.0,0.0,1.0,0.0,0.0,0.0,0.0,0.0,0.0,0.0,0.0,0.0,0.0,0.0,0.0,0.0,0.0,0.0,0.0,0.0,0.0,0.0,0.0,0.0,0.0,0.0,0.0,0.0,0.0
SBUX,Bear Call Spread,-46.55,-341.0,341.0,209.0,33.55,66.22,-0.22272727272727272,-32.0,3.0000000000000004,-0.9999999999999996,1.9999999999999998,-1.0,-1.0,0.0,0.0,0.0,0.0,0.0,0.0,0.0,0.0,0.0,0.0,1.0,0.0,0.0,0.0,0.0,0.0,0.0,0.0,0.0,0.0,0.0,0.0,0.0,0.0,0.0,0.0,0.0,0.0,0.0,0.0,0.0,0.0,0.0,0.0,0.0,0.0,0.0
SBUX,Bear Call Spread,-29.75,-167.0,167.0,133.0,35.18,64.6,-0.2236842105263158,-19.999999999999996,1.0000000000000009,0.0,0.9999999999999996,-1.0,0.0,0.0,0.0,0.0,-1.0,0.0,0.0,0.0,0.0,0.0,1.0,0.0,0.0,0.0,0.0,0.0,0.0,0.0,0.0,0.0,0.0,0.0,0.0,0.0,0.0,0.0,0.0,0.0,0.0,0.0,0.0,0.0,0.0,0.0,0.0,0.0,0.0,0.0
SBUX,Bear Call Spread,-16.47,-28.0,28.0,72.0,53.17,46.6,-0.22874999999999998,-8.000000000000002,0.0,0.0,-0.9999999999999996,0.0,0.0,0.0,0.0,0.0,0.0,0.0,0.0,0.0,0.0,0.0,0.0,-1.0,0.0,1.0,0.0,0.0,0.0,0.0,0.0,0.0,0.0,0.0,0.0,0.0,0.0,0.0,0.0,0.0,0.0,0.0,0.0,0.0,0.0,0.0,0.0,0.0,0.0,0.0
SBUX,Bear Call Spread,-27.11,-132.0,132.0,118.0,36.83,62.94,-0.2297457627118644,-17.000000000000004,1.0000000000000009,0.0,0.9999999999999996,-1.0,0.0,0.0,0.0,0.0,0.0,-1.0,0.0,0.0,0.0,0.0,1.0,0.0,0.0,0.0,0.0,0.0,0.0,0.0,0.0,0.0,0.0,0.0,0.0,0.0,0.0,0.0,0.0,0.0,0.0,0.0,0.0,0.0,0.0,0.0,0.0,0.0,0.0,0.0
SBUX,Bear Call Spread,-27.4,-181.0,181.0,119.0,32.75,67.02,-0.23025210084033612,-18.999999999999993,1.0000000000000009,0.0,0.9999999999999996,-1.0,0.0,0.0,0.0,-1.0,0.0,0.0,0.0,0.0,0.0,1.0,0.0,0.0,0.0,0.0,0.0,0.0,0.0,0.0,0.0,0.0,0.0,0.0,0.0,0.0,0.0,0.0,0.0,0.0,0.0,0.0,0.0,0.0,0.0,0.0,0.0,0.0,0.0,0.0
SBUX,Bear Call Spread,-41.86,-277.00000000000006,277.00000000000006,172.99999999999994,31.96,67.82,-0.24196531791907522,-29.000000000000004,2.0000000000000004,-0.9999999999999996,1.9999999999999998,-1.0,0.0,-1.0,0.0,0.0,0.0,0.0,0.0,0.0,0.0,0.0,1.0,0.0,0.0,0.0,0.0,0.0,0.0,0.0,0.0,0.0,0.0,0.0,0.0,0.0,0.0,0.0,0.0,0.0,0.0,0.0,0.0,0.0,0.0,0.0,0.0,0.0,0.0,0.0
SBUX,Bear Call Spread,-39.79,-237.0,237.0,163.0,32.75,67.02,-0.24411042944785274,-26.0,2.0000000000000004,-0.9999999999999996,0.9999999999999996,-1.0,0.0,0.0,-1.0,0.0,0.0,0.0,0.0,0.0,0.0,0.0,1.0,0.0,0.0,0.0,0.0,0.0,0.0,0.0,0.0,0.0,0.0,0.0,0.0,0.0,0.0,0.0,0.0,0.0,0.0,0.0,0.0,0.0,0.0,0.0,0.0,0.0,0.0,0.0
SBUX,Bear Call Spread,-21.87,-61.0,61.0,89.0,43.65,56.12,-0.2457303370786517,-10.000000000000004,0.0,0.0,0.0,0.0,0.0,0.0,0.0,0.0,0.0,0.0,0.0,0.0,-1.0,0.0,0.0,1.0,0.0,0.0,0.0,0.0,0.0,0.0,0.0,0.0,0.0,0.0,0.0,0.0,0.0,0.0,0.0,0.0,0.0,0.0,0.0,0.0,0.0,0.0,0.0,0.0,0.0,0.0
SBUX,Bear Call Spread,-45.09,-317.0,317.0,183.0,31.17,68.6,-0.24639344262295085,-29.000000000000004,3.0000000000000004,-0.9999999999999996,1.9999999999999998,-1.0,-1.0,0.0,0.0,0.0,0.0,0.0,0.0,0.0,0.0,0.0,1.0,0.0,0.0,0.0,0.0,0.0,0.0,0.0,0.0,0.0,0.0,0.0,0.0,0.0,0.0,0.0,0.0,0.0,0.0,0.0,0.0,0.0,0.0,0.0,0.0,0.0,0.0,0.0
SBUX,Bear Call Spread,-11.39,-4.0,4.0,46.0,67.53,32.24,-0.24760869565217392,-3.0000000000000027,-1.0000000000000009,0.9999999999999996,0.0,0.0,0.0,0.0,0.0,0.0,0.0,0.0,0.0,0.0,0.0,0.0,0.0,0.0,0.0,0.0,0.0,-1.0,1.0,0.0,0.0,0.0,0.0,0.0,0.0,0.0,0.0,0.0,0.0,0.0,0.0,0.0,0.0,0.0,0.0,0.0,0.0,0.0,0.0,0.0
SBUX,Bear Call Spread,-21.35,-15.0,15.0,85.0,60.66,39.11,-0.25117647058823533,-6.0,0.0,0.0,0.0,0.0,0.0,0.0,0.0,0.0,0.0,0.0,0.0,0.0,0.0,0.0,0.0,0.0,0.0,-1.0,0.0,1.0,0.0,0.0,0.0,0.0,0.0,0.0,0.0,0.0,0.0,0.0,0.0,0.0,0.0,0.0,0.0,0.0,0.0,0.0,0.0,0.0,0.0,0.0
SBUX,Bear Call Spread,-26.25,-97.0,97.0,103.0,37.67,62.1,-0.25485436893203883,-14.000000000000002,0.0,0.0,0.9999999999999996,0.0,0.0,0.0,0.0,0.0,0.0,0.0,-1.0,0.0,0.0,0.0,1.0,0.0,0.0,0.0,0.0,0.0,0.0,0.0,0.0,0.0,0.0,0.0,0.0,0.0,0.0,0.0,0.0,0.0,0.0,0.0,0.0,0.0,0.0,0.0,0.0,0.0,0.0,0.0
SBUX,Bear Call Spread,-17.74,-31.0,31.0,69.0,49.73,50.04,-0.25710144927536227,-7.000000000000001,0.0,0.0,0.0,0.0,0.0,0.0,0.0,0.0,0.0,0.0,0.0,0.0,0.0,0.0,-1.0,0.0,1.0,0.0,0.0,0.0,0.0,0.0,0.0,0.0,0.0,0.0,0.0,0.0,0.0,0.0,0.0,0.0,0.0,0.0,0.0,0.0,0.0,0.0,0.0,0.0,0.0,0.0
SBUX,Bear Call Spread,-28.11,-141.0,141.0,109.0,33.55,66.22,-0.25788990825688074,-15.999999999999993,1.0000000000000009,0.0,0.9999999999999996,-1.0,0.0,0.0,0.0,0.0,-1.0,0.0,0.0,0.0,0.0,1.0,0.0,0.0,0.0,0.0,0.0,0.0,0.0,0.0,0.0,0.0,0.0,0.0,0.0,0.0,0.0,0.0,0.0,0.0,0.0,0.0,0.0,0.0,0.0,0.0,0.0,0.0,0.0,0.0
SBUX,Bear Call Spread,-22.31,-67.0,67.0,83.0,39.36,60.42,-0.26879518072289155,-10.999999999999998,0.0,0.0,0.0,0.0,0.0,0.0,0.0,0.0,0.0,0.0,0.0,-1.0,0.0,0.0,1.0,0.0,0.0,0.0,0.0,0.0,0.0,0.0,0.0,0.0,0.0,0.0,0.0,0.0,0.0,0.0,0.0,0.0,0.0,0.0,0.0,0.0,0.0,0.0,0.0,0.0,0.0,0.0
SBUX,Bear Call Spread,-40.22,-251.00000000000006,251.00000000000006,148.99999999999994,30.4,69.38,-0.26993288590604037,-25.0,2.0000000000000004,-0.9999999999999996,1.9999999999999998,-1.0,0.0,-1.0,0.0,0.0,0.0,0.0,0.0,0.0,0.0,1.0,0.0,0.0,0.0,0.0,0.0,0.0,0.0,0.0,0.0,0.0,0.0,0.0,0.0,0.0,0.0,0.0,0.0,0.0,0.0,0.0,0.0,0.0,0.0,0.0,0.0,0.0,0.0,0.0
SBUX,Bear Call Spread,-25.46,-106.0,106.0,94.0,34.36,65.41,-0.27085106382978724,-13.0,1.0000000000000009,0.0,0.9999999999999996,-1.0,0.0,0.0,0.0,0.0,0.0,-1.0,0.0,0.0,0.0,1.0,0.0,0.0,0.0,0.0,0.0,0.0,0.0,0.0,0.0,0.0,0.0,0.0,0.0,0.0,0.0,0.0,0.0,0.0,0.0,0.0,0.0,0.0,0.0,0.0,0.0,0.0,0.0,0.0
SBUX,Bear Call Spread,-26.6,-152.0,152.0,98.0,30.4,69.38,-0.27142857142857146,-15.999999999999993,1.0000000000000009,0.0,0.9999999999999996,-1.0,0.0,0.0,0.0,-1.0,0.0,0.0,0.0,0.0,1.0,0.0,0.0,0.0,0.0,0.0,0.0,0.0,0.0,0.0,0.0,0.0,0.0,0.0,0.0,0.0,0.0,0.0,0.0,0.0,0.0,0.0,0.0,0.0,0.0,0.0,0.0,0.0,0.0,0.0
SBUX,Bear Call Spread,-43.45,-291.0,291.0,159.0,29.63,70.14,-0.2732704402515723,-25.0,3.0000000000000004,-0.9999999999999996,1.9999999999999998,-1.0,-1.0,0.0,0.0,0.0,0.0,0.0,0.0,0.0,0.0,1.0,0.0,0.0,0.0,0.0,0.0,0.0,0.0,0.0,0.0,0.0,0.0,0.0,0.0,0.0,0.0,0.0,0.0,0.0,0.0,0.0,0.0,0.0,0.0,0.0,0.0,0.0,0.0,0.0
SBUX,Bear Call Spread,-38.14,-211.0,211.0,139.0,31.17,68.6,-0.2743884892086331,-21.999999999999996,2.0000000000000004,-0.9999999999999996,0.9999999999999996,-1.0,0.0,0.0,-1.0,0.0,0.0,0.0,0.0,0.0,0.0,1.0,0.0,0.0,0.0,0.0,0.0,0.0,0.0,0.0,0.0,0.0,0.0,0.0,0.0,0.0,0.0,0.0,0.0,0.0,0.0,0.0,0.0,0.0,0.0,0.0,0.0,0.0,0.0,0.0
SBUX,Bear Call Spread,-18.08,-35.00000000000003,35.00000000000003,64.99999999999997,45.39,54.39,-0.27815384615384625,-7.000000000000001,0.0,0.0,0.0,0.0,0.0,0.0,0.0,0.0,0.0,0.0,0.0,0.0,0.0,-1.0,0.0,1.0,0.0,0.0,0.0,0.0,0.0,0.0,0.0,0.0,0.0,0.0,0.0,0.0,0.0,0.0,0.0,0.0,0.0,0.0,0.0,0.0,0.0,0.0,0.0,0.0,0.0,0.0
SBUX,Bear Call Spread,-39.42,-222.00000000000006,222.00000000000006,127.99999999999994,28.13,71.65,-0.3079687500000001,-21.999999999999996,2.0000000000000004,-0.9999999999999996,1.9999999999999998,-1.0,0.0,-1.0,0.0,0.0,0.0,0.0,0.0,0.0,1.0,0.0,0.0,0.0,0.0,0.0,0.0,0.0,0.0,0.0,0.0,0.0,0.0,0.0,0.0,0.0,0.0,0.0,0.0,0.0,0.0,0.0,0.0,0.0,0.0,0.0,0.0,0.0,0.0,0.0
SBUX,Bear Call Spread,-42.64,-262.0,262.0,138.0,27.39,72.38,-0.3089855072463768,-21.999999999999996,3.0000000000000004,-0.9999999999999996,1.9999999999999998,-1.0,-1.0,0.0,0.0,0.0,0.0,0.0,0.0,0.0,1.0,0.0,0.0,0.0,0.0,0.0,0.0,0.0,0.0,0.0,0.0,0.0,0.0,0.0,0.0,0.0,0.0,0.0,0.0,0.0,0.0,0.0,0.0,0.0,0.0,0.0,0.0,0.0,0.0,0.0
SBUX,Bear Call Spread,-27.31,-112.0,112.0,88.0,31.17,68.6,-0.31034090909090906,-12.99999999999999,1.0000000000000009,0.0,0.9999999999999996,-1.0,0.0,0.0,0.0,0.0,-1.0,0.0,0.0,0.0,1.0,0.0,0.0,0.0,0.0,0.0,0.0,0.0,0.0,0.0,0.0,0.0,0.0,0.0,0.0,0.0,0.0,0.0,0.0,0.0,0.0,0.0,0.0,0.0,0.0,0.0,0.0,0.0,0.0,0.0
SBUX,Bear Call Spread,-24.6,-71.0,71.0,79.0,36.0,63.77,-0.31139240506329113,-9.999999999999998,0.0,0.0,0.9999999999999996,0.0,0.0,0.0,0.0,0.0,0.0,0.0,-1.0,0.0,0.0,1.0,0.0,0.0,0.0,0.0,0.0,0.0,0.0,0.0,0.0,0.0,0.0,0.0,0.0,0.0,0.0,0.0,0.0,0.0,0.0,0.0,0.0,0.0,0.0,0.0,0.0,0.0,0.0,0.0
SBUX,Bear Call Spread,-14.13,-5.0,5.0,45.0,59.85,39.92,-0.314,-3.0000000000000027,0.0,0.0,0.0,0.0,0.0,0.0,0.0,0.0,0.0,0.0,0.0,0.0,0.0,0.0,0.0,0.0,0.0,-1.0,1.0,0.0,0.0,0.0,0.0,0.0,0.0,0.0,0.0,0.0,0.0,0.0,0.0,0.0,0.0,0.0,0.0,0.0,0.0,0.0,0.0,0.0,0.0,0.0
SBUX,Bear Call Spread,-37.34,-182.0,182.0,118.0,28.87,70.9,-0.3164406779661017,-18.999999999999993,2.0000000000000004,-0.9999999999999996,0.9999999999999996,-1.0,0.0,0.0,-1.0,0.0,0.0,0.0,0.0,0.0,1.0,0.0,0.0,0.0,0.0,0.0,0.0,0.0,0.0,0.0,0.0,0.0,0.0,0.0,0.0,0.0,0.0,0.0,0.0,0.0,0.0,0.0,0.0,0.0,0.0,0.0,0.0,0.0,0.0,0.0
SBUX,Bear Call Spread,-20.4,-37.0,37.0,63.0,41.07,58.71,-0.32380952380952377,-7.000000000000006,0.0,0.0,0.0,0.0,0.0,0.0,0.0,0.0,0.0,0.0,0.0,0.0,-1.0,0.0,1.0,0.0,0.0,0.0,0.0,0.0,0.0,0.0,0.0,0.0,0.0,0.0,0.0,0.0,0.0,0.0,0.0,0.0,0.0,0.0,0.0,0.0,0.0,0.0,0.0,0.0,0.0,0.0
SBUX,Bear Call Spread,-14.17,-7.0,7.0,43.0,55.72,44.05,-0.3295348837209302,-3.9999999999999982,0.0,0.0,-0.9999999999999996,0.0,0.0,0.0,0.0,0.0,0.0,0.0,0.0,0.0,0.0,0.0,0.0,0.0,-1.0,1.0,0.0,0.0,0.0,0.0,0.0,0.0,0.0,0.0,0.0,0.0,0.0,0.0,0.0,0.0,0.0,0.0,0.0,0.0,0.0,0.0,0.0,0.0,0.0,0.0
SBUX,Bear Call Spread,-26.68,-120.0,120.0,80.0,28.13,71.65,-0.3335,-12.0,1.0000000000000009,0.0,0.9999999999999996,-1.0,0.0,0.0,0.0,-1.0,0.0,0.0,0.0,1.0,0.0,0.0,0.0,0.0,0.0,0.0,0.0,0.0,0.0,0.0,0.0,0.0,0.0,0.0,0.0,0.0,0.0,0.0,0.0,0.0,0.0,0.0,0.0,0.0,0.0,0.0,0.0,0.0,0.0,0.0
SBUX,Bear Call Spread,-24.66,-77.0,77.0,73.0,31.96,67.82,-0.3378082191780822,-9.999999999999998,1.0000000000000009,0.0,0.9999999999999996,-1.0,0.0,0.0,0.0,0.0,0.0,-1.0,0.0,0.0,1.0,0.0,0.0,0.0,0.0,0.0,0.0,0.0,0.0,0.0,0.0,0.0,0.0,0.0,0.0,0.0,0.0,0.0,0.0,0.0,0.0,0.0,0.0,0.0,0.0,0.0,0.0,0.0,0.0,0.0
SBUX,Bear Call Spread,-20.67,-41.0,41.0,59.0,37.67,62.1,-0.3503389830508475,-6.999999999999995,0.0,0.0,0.0,0.0,0.0,0.0,0.0,0.0,0.0,0.0,0.0,-1.0,0.0,1.0,0.0,0.0,0.0,0.0,0.0,0.0,0.0,0.0,0.0,0.0,0.0,0.0,0.0,0.0,0.0,0.0,0.0,0.0,0.0,0.0,0.0,0.0,0.0,0.0,0.0,0.0,0.0,0.0
SBUX,Bear Call Spread,-42.73,-230.0,230.0,120.0,25.25,74.52,-0.3560833333333333,-18.000000000000004,3.0000000000000004,-0.9999999999999996,1.9999999999999998,-1.0,-1.0,0.0,0.0,0.0,0.0,0.0,0.0,1.0,0.0,0.0,0.0,0.0,0.0,0.0,0.0,0.0,0.0,0.0,0.0,0.0,0.0,0.0,0.0,0.0,0.0,0.0,0.0,0.0,0.0,0.0,0.0,0.0,0.0,0.0,0.0,0.0,0.0,0.0
SBUX,Bear Call Spread,-39.51,-190.00000000000006,190.00000000000006,109.99999999999994,25.95,73.82,-0.3591818181818183,-18.000000000000004,2.0000000000000004,-0.9999999999999996,1.9999999999999998,-1.0,0.0,-1.0,0.0,0.0,0.0,0.0,0.0,1.0,0.0,0.0,0.0,0.0,0.0,0.0,0.0,0.0,0.0,0.0,0.0,0.0,0.0,0.0,0.0,0.0,0.0,0.0,0.0,0.0,0.0,0.0,0.0,0.0,0.0,0.0,0.0,0.0,0.0,0.0
SBUX,Bear Call Spread,-37.43,-150.0,150.0,100.0,26.67,73.11,-0.3743,-15.000000000000002,2.0000000000000004,-0.9999999999999996,0.9999999999999996,-1.0,0.0,0.0,-1.0,0.0,0.0,0.0,0.0,1.0,0.0,0.0,0.0,0.0,0.0,0.0,0.0,0.0,0.0,0.0,0.0,0.0,0.0,0.0,0.0,0.0,0.0,0.0,0.0,0.0,0.0,0.0,0.0,0.0,0.0,0.0,0.0,0.0,0.0,0.0
SBUX,Bear Call Spread,-16.27,-7.0,7.0,43.0,51.46,48.32,-0.3783720930232558,-4.0000000000000036,0.0,0.0,0.0,0.0,0.0,0.0,0.0,0.0,0.0,0.0,0.0,0.0,0.0,0.0,0.0,-1.0,1.0,0.0,0.0,0.0,0.0,0.0,0.0,0.0,0.0,0.0,0.0,0.0,0.0,0.0,0.0,0.0,0.0,0.0,0.0,0.0,0.0,0.0,0.0,0.0,0.0,0.0
SBUX,Bear Call Spread,-22.75,-90.0,90.0,60.0,25.95,73.82,-0.37916666666666665,-8.999999999999996,1.0000000000000009,0.0,0.0,-1.0,0.0,0.0,0.0,-1.0,0.0,0.0,1.0,0.0,0.0,0.0,0.0,0.0,0.0,0.0,0.0,0.0,0.0,0.0,0.0,0.0,0.0,0.0,0.0,0.0,0.0,0.0,0.0,0.0,0.0,0.0,0.0,0.0,0.0,0.0,0.0,0.0,0.0,0.0
SBUX,Bear Call Spread,-38.8,-200.0,200.0,100.0,23.22,76.55,-0.38799999999999996,-15.000000000000002,3.0000000000000004,-0.9999999999999996,1.0000000000000002,-1.0,-1.0,0.0,0.0,0.0,0.0,0.0,1.0,0.0,0.0,0.0,0.0,0.0,0.0,0.0,0.0,0.0,0.0,0.0,0.0,0.0,0.0,0.0,0.0,0.0,0.0,0.0,0.0,0.0,0.0,0.0,0.0,0.0,0.0,0.0,0.0,0.0,0.0,0.0
SBUX,Bear Call Spread,-27.39,-80.0,80.0,70.0,28.87,70.9,-0.3912857142857143,-8.999999999999996,1.0000000000000009,0.0,0.9999999999999996,-1.0,0.0,0.0,0.0,0.0,-1.0,0.0,0.0,1.0,0.0,0.0,0.0,0.0,0.0,0.0,0.0,0.0,0.0,0.0,0.0,0.0,0.0,0.0,0.0,0.0,0.0,0.0,0.0,0.0,0.0,0.0,0.0,0.0,0.0,0.0,0.0,0.0,0.0,0.0
SBUX,Bear Call Spread,-35.57,-160.00000000000006,160.00000000000006,89.99999999999994,23.88,75.89,-0.3952222222222225,-15.000000000000002,2.0000000000000004,-0.9999999999999996,1.0000000000000002,-1.0,0.0,-1.0,0.0,0.0,0.0,0.0,1.0,0.0,0.0,0.0,0.0,0.0,0.0,0.0,0.0,0.0,0.0,0.0,0.0,0.0,0.0,0.0,0.0,0.0,0.0,0.0,0.0,0.0,0.0,0.0,0.0,0.0,0.0,0.0,0.0,0.0,0.0,0.0
SBUX,Bear Call Spread,-16.43,-9.0,9.0,41.0,47.12,52.65,-0.40073170731707314,-2.9999999999999973,0.0,0.0,0.0,0.0,0.0,0.0,0.0,0.0,0.0,0.0,0.0,0.0,0.0,0.0,-1.0,1.0,0.0,0.0,0.0,0.0,0.0,0.0,0.0,0.0,0.0,0.0,0.0,0.0,0.0,0.0,0.0,0.0,0.0,0.0,0.0,0.0,0.0,0.0,0.0,0.0,0.0,0.0
SBUX,Bear Call Spread,-23.8,-42.0,42.0,58.0,33.55,66.22,-0.4103448275862069,-6.999999999999995,0.0,0.0,0.9999999999999996,0.0,0.0,0.0,0.0,0.0,0.0,0.0,-1.0,0.0,1.0,0.0,0.0,0.0,0.0,0.0,0.0,0.0,0.0,0.0,0.0,0.0,0.0,0.0,0.0,0.0,0.0,0.0,0.0,0.0,0.0,0.0,0.0,0.0,0.0,0.0,0.0,0.0,0.0,0.0
SBUX,Bear Call Spread,-33.49,-120.0,120.0,80.0,24.56,75.21,-0.418625,-12.0,2.0000000000000004,-0.9999999999999996,0.0,-1.0,0.0,0.0,-1.0,0.0,0.0,0.0,1.0,0.0,0.0,0.0,0.0,0.0,0.0,0.0,0.0,0.0,0.0,0.0,0.0,0.0,0.0,0.0,0.0,0.0,0.0,0.0,0.0,0.0,0.0,0.0,0.0,0.0,0.0,0.0,0.0,0.0,0.0,0.0
SBUX,Bear Call Spread,-16.61,-11.000000000000028,11.000000000000028,38.99999999999997,43.65,56.12,-0.42589743589743617,-4.0000000000000036,0.0,0.0,0.0,0.0,0.0,0.0,0.0,0.0,0.0,0.0,0.0,0.0,0.0,-1.0,1.0,0.0,0.0,0.0,0.0,0.0,0.0,0.0,0.0,0.0,0.0,0.0,0.0,0.0,0.0,0.0,0.0,0.0,0.0,0.0,0.0,0.0,0.0,0.0,0.0,0.0,0.0,0.0
SBUX,Bear Call Spread,-37.94,-165.0,165.0,85.0,20.68,79.09,-0.44635294117647056,-12.0,1.9999999999999998,-0.9999999999999996,1.0000000000000002,0.0,-1.0,0.0,0.0,0.0,0.0,1.0,0.0,0.0,0.0,0.0,0.0,0.0,0.0,0.0,0.0,0.0,0.0,0.0,0.0,0.0,0.0,0.0,0.0,0.0,0.0,0.0,0.0,0.0,0.0,0.0,0.0,0.0,0.0,0.0,0.0,0.0,0.0,0.0
SBUX,Bear Call Spread,-24.75,-45.0,45.0,55.0,29.63,70.14,-0.45,-6.000000000000005,1.0000000000000009,0.0,0.9999999999999996,-1.0,0.0,0.0,0.0,0.0,0.0,-1.0,0.0,1.0,0.0,0.0,0.0,0.0,0.0,0.0,0.0,0.0,0.0,0.0,0.0,0.0,0.0,0.0,0.0,0.0,0.0,0.0,0.0,0.0,0.0,0.0,0.0,0.0,0.0,0.0,0.0,0.0,0.0,0.0
SBUX,Bear Call Spread,-34.71,-125.00000000000006,125.00000000000006,74.99999999999994,21.3,78.48,-0.4628000000000004,-12.0,0.9999999999999996,-0.9999999999999996,1.0000000000000002,0.0,0.0,-1.0,0.0,0.0,0.0,1.0,0.0,0.0,0.0,0.0,0.0,0.0,0.0,0.0,0.0,0.0,0.0,0.0,0.0,0.0,0.0,0.0,0.0,0.0,0.0,0.0,0.0,0.0,0.0,0.0,0.0,0.0,0.0,0.0,0.0,0.0,0.0,0.0
SBUX,Bear Call Spread,-23.46,-50.0,50.0,50.0,26.67,73.11,-0.4692,-5.999999999999995,1.0000000000000009,0.0,0.0,-1.0,0.0,0.0,0.0,0.0,-1.0,0.0,1.0,0.0,0.0,0.0,0.0,0.0,0.0,0.0,0.0,0.0,0.0,0.0,0.0,0.0,0.0,0.0,0.0,0.0,0.0,0.0,0.0,0.0,0.0,0.0,0.0,0.0,0.0,0.0,0.0,0.0,0.0,0.0
SBUX,Bear Call Spread,-18.76,-11.0,11.0,39.0,39.36,60.42,-0.48102564102564105,-3.0000000000000027,0.0,0.0,0.0,0.0,0.0,0.0,0.0,0.0,0.0,0.0,0.0,0.0,-1.0,1.0,0.0,0.0,0.0,0.0,0.0,0.0,0.0,0.0,0.0,0.0,0.0,0.0,0.0,0.0,0.0,0.0,0.0,0.0,0.0,0.0,0.0,0.0,0.0,0.0,0.0,0.0,0.0,0.0
SBUX,Bear Call Spread,-21.89,-55.0,55.0,45.0,23.22,76.55,-0.48644444444444446,-5.999999999999995,0.0,0.0,0.0,0.0,0.0,0.0,0.0,-1.0,0.0,1.0,0.0,0.0,0.0,0.0,0.0,0.0,0.0,0.0,0.0,0.0,0.0,0.0,0.0,0.0,0.0,0.0,0.0,0.0,0.0,0.0,0.0,0.0,0.0,0.0,0.0,0.0,0.0,0.0,0.0,0.0,0.0,0.0
SBUX,Bear Call Spread,-32.63,-85.0,85.0,65.0,21.92,77.85,-0.502,-8.999999999999996,0.9999999999999996,-0.9999999999999996,0.0,0.0,0.0,0.0,-1.0,0.0,0.0,1.0,0.0,0.0,0.0,0.0,0.0,0.0,0.0,0.0,0.0,0.0,0.0,0.0,0.0,0.0,0.0,0.0,0.0,0.0,0.0,0.0,0.0,0.0,0.0,0.0,0.0,0.0,0.0,0.0,0.0,0.0,0.0,0.0
SBUX,Bear Call Spread,-35.29,-130.0,130.0,70.0,18.91,80.86,-0.5041428571428571,-9.000000000000007,1.9999999999999998,-0.9999999999999996,1.0000000000000002,0.0,-1.0,0.0,0.0,0.0,1.0,0.0,0.0,0.0,0.0,0.0,0.0,0.0,0.0,0.0,0.0,0.0,0.0,0.0,0.0,0.0,0.0,0.0,0.0,0.0,0.0,0.0,0.0,0.0,0.0,0.0,0.0,0.0,0.0,0.0,0.0,0.0,0.0,0.0
SBUX,Bear Call Spread,-19.87,-12.0,12.0,38.0,35.18,64.6,-0.5228947368421053,-3.9999999999999925,0.0,0.0,0.0,0.0,0.0,0.0,0.0,0.0,0.0,0.0,0.0,-1.0,1.0,0.0,0.0,0.0,0.0,0.0,0.0,0.0,0.0,0.0,0.0,0.0,0.0,0.0,0.0,0.0,0.0,0.0,0.0,0.0,0.0,0.0,0.0,0.0,0.0,0.0,0.0,0.0,0.0,0.0
SBUX,Bear Call Spread,-32.07,-90.00000000000006,90.00000000000006,59.99999999999994,19.49,80.28,-0.5345000000000005,-9.000000000000007,0.9999999999999996,-0.9999999999999996,1.0000000000000002,0.0,0.0,-1.0,0.0,0.0,1.0,0.0,0.0,0.0,0.0,0.0,0.0,0.0,0.0,0.0,0.0,0.0,0.0,0.0,0.0,0.0,0.0,0.0,0.0,0.0,0.0,0.0,0.0,0.0,0.0,0.0,0.0,0.0,0.0,0.0,0.0,0.0,0.0,0.0
SBUX,Bear Call Spread,-20.81,-15.0,15.0,35.0,27.39,72.38,-0.5945714285714285,-3.0000000000000027,1.0000000000000009,0.0,0.0,-1.0,0.0,0.0,0.0,0.0,0.0,-1.0,1.0,0.0,0.0,0.0,0.0,0.0,0.0,0.0,0.0,0.0,0.0,0.0,0.0,0.0,0.0,0.0,0.0,0.0,0.0,0.0,0.0,0.0,0.0,0.0,0.0,0.0,0.0,0.0,0.0,0.0,0.0,0.0
SBUX,Bear Call Spread,-23.89,-10.0,10.0,40.0,31.17,68.6,-0.5972500000000001,-3.0000000000000027,0.0,0.0,0.9999999999999996,0.0,0.0,0.0,0.0,0.0,0.0,0.0,-1.0,1.0,0.0,0.0,0.0,0.0,0.0,0.0,0.0,0.0,0.0,0.0,0.0,0.0,0.0,0.0,0.0,0.0,0.0,0.0,0.0,0.0,0.0,0.0,0.0,0.0,0.0,0.0,0.0,0.0,0.0,0.0
SBUX,Bear Call Spread,-29.99,-50.0,50.0,50.0,20.08,79.69,-0.5998,-6.000000000000005,0.9999999999999996,-0.9999999999999996,0.0,0.0,0.0,0.0,-1.0,0.0,1.0,0.0,0.0,0.0,0.0,0.0,0.0,0.0,0.0,0.0,0.0,0.0,0.0,0.0,0.0,0.0,0.0,0.0,0.0,0.0,0.0,0.0,0.0,0.0,0.0,0.0,0.0,0.0,0.0,0.0,0.0,0.0,0.0,0.0
SBUX,Bear Call Spread,-36.0,-89.99999999999994,89.99999999999994,60.00000000000006,16.74,83.03,-0.5999999999999994,-6.000000000000005,1.9999999999999998,-0.9999999999999996,1.0000000000000002,0.0,-1.0,0.0,0.0,1.0,0.0,0.0,0.0,0.0,0.0,0.0,0.0,0.0,0.0,0.0,0.0,0.0,0.0,0.0,0.0,0.0,0.0,0.0,0.0,0.0,0.0,0.0,0.0,0.0,0.0,0.0,0.0,0.0,0.0,0.0,0.0,0.0,0.0,0.0
SBUX,Bear Call Spread,-19.25,-20.0,20.0,30.0,21.3,78.48,-0.6416666666666667,-3.0000000000000027,0.0,0.0,0.0,0.0,0.0,0.0,0.0,-1.0,1.0,0.0,0.0,0.0,0.0,0.0,0.0,0.0,0.0,0.0,0.0,0.0,0.0,0.0,0.0,0.0,0.0,0.0,0.0,0.0,0.0,0.0,0.0,0.0,0.0,0.0,0.0,0.0,0.0,0.0,0.0,0.0,0.0,0.0
SBUX,Bear Call Spread,-22.6,-15.0,15.0,35.0,23.88,75.89,-0.6457142857142858,-2.9999999999999916,0.0,0.0,0.0,0.0,0.0,0.0,0.0,0.0,-1.0,1.0,0.0,0.0,0.0,0.0,0.0,0.0,0.0,0.0,0.0,0.0,0.0,0.0,0.0,0.0,0.0,0.0,0.0,0.0,0.0,0.0,0.0,0.0,0.0,0.0,0.0,0.0,0.0,0.0,0.0,0.0,0.0,0.0
SBUX,Bear Call Spread,-32.78,-50.0,50.0,50.0,17.27,82.51,-0.6556000000000001,-6.000000000000005,0.9999999999999996,-0.9999999999999996,1.0000000000000002,0.0,0.0,-1.0,0.0,1.0,0.0,0.0,0.0,0.0,0.0,0.0,0.0,0.0,0.0,0.0,0.0,0.0,0.0,0.0,0.0,0.0,0.0,0.0,0.0,0.0,0.0,0.0,0.0,0.0,0.0,0.0,0.0,0.0,0.0,0.0,0.0,0.0,0.0,0.0
SBUX,Bear Call Spread,-30.24,-55.0,55.0,45.0,14.78,84.99,-0.6719999999999999,-3.0000000000000027,1.0000000000000002,0.0,1.0000000000000002,0.0,-1.0,0.0,1.0,0.0,0.0,0.0,0.0,0.0,0.0,0.0,0.0,0.0,0.0,0.0,0.0,0.0,0.0,0.0,0.0,0.0,0.0,0.0,0.0,0.0,0.0,0.0,0.0,0.0,0.0,0.0,0.0,0.0,0.0,0.0,0.0,0.0,0.0,0.0
SBUX,Bear Call Spread,-30.7,-9.999999999999943,9.999999999999943,40.00000000000006,17.8,81.97,-0.7674999999999988,-3.0000000000000027,0.9999999999999996,-0.9999999999999996,0.0,0.0,0.0,0.0,-1.0,1.0,0.0,0.0,0.0,0.0,0.0,0.0,0.0,0.0,0.0,0.0,0.0,0.0,0.0,0.0,0.0,0.0,0.0,0.0,0.0,0.0,0.0,0.0,0.0,0.0,0.0,0.0,0.0,0.0,0.0,0.0,0.0,0.0,0.0,0.0
SBUX,Bear Call Spread,-27.02,-15.000000000000057,15.000000000000057,34.99999999999994,15.25,84.52,-0.7720000000000012,-3.0000000000000027,0.0,0.0,1.0000000000000002,0.0,0.0,-1.0,1.0,0.0,0.0,0.0,0.0,0.0,0.0,0.0,0.0,0.0,0.0,0.0,0.0,0.0,0.0,0.0,0.0,0.0,0.0,0.0,0.0,0.0,0.0,0.0,0.0,0.0,0.0,0.0,0.0,0.0,0.0,0.0,0.0,0.0,0.0,0.0
SBUX,Bear Call Spread,-23.18,-20.000000000000057,20.000000000000057,29.999999999999943,13.45,86.32,-0.7726666666666682,0.0,1.0000000000000002,0.0,0.0,0.0,-1.0,1.0,0.0,0.0,0.0,0.0,0.0,0.0,0.0,0.0,0.0,0.0,0.0,0.0,0.0,0.0,0.0,0.0,0.0,0.0,0.0,0.0,0.0,0.0,0.0,0.0,0.0,0.0,0.0,0.0,0.0,0.0,0.0,0.0,0.0,0.0,0.0,0.0
SBUX,Bear Put Spread,-51.08,346.0,154.0,346.0,51.46,48.32,-0.1476300578034682,-28.999999999999996,-2.0000000000000004,0.9999999999999996,-0.9999999999999996,-1.0,0.0,0.0,0.0,0.0,0.0,0.0,0.0,0.0,0.0,0.0,0.0,0.0,0.0,0.0,0.0,0.0,0.0,0.0,0.0,0.0,0.0,0.0,0.0,0.0,0.0,0.0,0.0,-1.0,0.0,0.0,0.0,0.0,0.0,0.0,0.0,0.0,1.0,0.0
SBUX,Bear Put Spread,-54.99,368.0,182.0,368.0,49.73,50.04,-0.14942934782608697,-32.99999999999999,-2.0000000000000004,0.9999999999999996,-0.9999999999999996,-1.0,0.0,0.0,0.0,0.0,0.0,0.0,0.0,0.0,0.0,0.0,0.0,0.0,0.0,0.0,0.0,0.0,0.0,0.0,0.0,0.0,0.0,0.0,0.0,0.0,0.0,0.0,-1.0,0.0,0.0,0.0,0.0,0.0,0.0,0.0,0.0,0.0,1.0,0.0
SBUX,Bear Put Spread,-48.28,323.0,127.0,323.0,53.17,46.6,-0.14947368421052631,-26.0,-2.0000000000000004,0.9999999999999996,-0.9999999999999996,-1.0,0.0,0.0,0.0,0.0,0.0,0.0,0.0,0.0,0.0,0.0,0.0,0.0,0.0,0.0,0.0,0.0,0.0,0.0,0.0,0.0,0.0,0.0,0.0,0.0,0.0,0.0,0.0,0.0,-1.0,0.0,0.0,0.0,0.0,0.0,0.0,0.0,1.0,0.0
SBUX,Bear Put Spread,-57.92,387.0,213.0,387.0,47.99,51.78,-0.1496640826873385,-36.0,-0.9999999999999996,0.9999999999999996,0.0,-1.0,0.0,0.0,0.0,0.0,0.0,0.0,0.0,0.0,0.0,0.0,0.0,0.0,0.0,0.0,0.0,0.0,0.0,0.0,0.0,0.0,0.0,0.0,0.0,0.0,0.0,-1.0,0.0,0.0,0.0,0.0,0.0,0.0,0.0,0.0,0.0,0.0,1.0,0.0
SBUX,Bear Put Spread,-61.78,405.0,245.0,405.0,46.26,53.52,-0.1525432098765432,-38.99999999999999,-0.9999999999999996,0.9999999999999996,0.0,-1.0,0.0,0.0,0.0,0.0,0.0,0.0,0.0,0.0,0.0,0.0,0.0,0.0,0.0,0.0,0.0,0.0,0.0,0.0,0.0,0.0,0.0,0.0,0.0,0.0,-1.0,0.0,0.0,0.0,0.0,0.0,0.0,0.0,0.0,0.0,0.0,0.0,1.0,0.0
SBUX,Bear Put Spread,-45.65,298.0,102.0,298.0,55.72,44.05,-0.15318791946308724,-21.999999999999996,-2.0000000000000004,0.9999999999999996,-0.9999999999999996,-1.0,0.0,0.0,0.0,0.0,0.0,0.0,0.0,0.0,0.0,0.0,0.0,0.0,0.0,0.0,0.0,0.0,0.0,0.0,0.0,0.0,0.0,0.0,0.0,0.0,0.0,0.0,0.0,0.0,0.0,-1.0,0.0,0.0,0.0,0.0,0.0,0.0,1.0,0.0
SBUX,Bear Put Spread,-40.16,261.0,139.0,261.0,49.73,50.04,-0.15386973180076627,-24.999999999999993,-1.0000000000000009,0.0,-0.9999999999999996,-1.0,0.0,0.0,0.0,0.0,0.0,0.0,0.0,0.0,0.0,0.0,0.0,0.0,0.0,0.0,0.0,0.0,0.0,0.0,0.0,0.0,0.0,0.0,0.0,0.0,0.0,0.0,0.0,-1.0,0.0,0.0,0.0,0.0,0.0,0.0,0.0,1.0,0.0,0.0
SBUX,Bear Put Spread,-65.42,421.0,279.0,421.0,44.52,55.25,-0.1553919239904988,-42.0,-0.9999999999999996,0.0,0.0,-1.0,0.0,0.0,0.0,0.0,0.0,0.0,0.0,0.0,0.0,0.0,0.0,0.0,0.0,0.0,0.0,0.0,0.0,0.0,0.0,0.0,0.0,0.0,0.0,-1.0,0.0,0.0,0.0,0.0,0.0,0.0,0.0,0.0,0.0,0.0,0.0,0.0,1.0,0.0
SBUX,Bear Put Spread,-47.0,302.0,198.0,302.0,46.26,53.52,-0.15562913907284767,-31.999999999999996,0.0,0.0,0.0,-1.0,0.0,0.0,0.0,0.0,0.0,0.0,0.0,0.0,0.0,0.0,0.0,0.0,0.0,0.0,0.0,0.0,0.0,0.0,0.0,0.0,0.0,0.0,0.0,0.0,0.0,-1.0,0.0,0.0,0.0,0.0,0.0,0.0,0.0,0.0,0.0,1.0,0.0,0.0
SBUX,Bear Put Spread,-44.06,283.0,167.0,283.0,47.99,51.78,-0.15568904593639576,-28.999999999999993,-1.0000000000000009,0.0,-0.9999999999999996,-1.0,0.0,0.0,0.0,0.0,0.0,0.0,0.0,0.0,0.0,0.0,0.0,0.0,0.0,0.0,0.0,0.0,0.0,0.0,0.0,0.0,0.0,0.0,0.0,0.0,0.0,0.0,-1.0,0.0,0.0,0.0,0.0,0.0,0.0,0.0,0.0,1.0,0.0,0.0
SBUX,Bear Put Spread,-67.7,434.0,316.0,434.0,43.65,56.12,-0.15599078341013825,-44.99999999999999,-0.9999999999999996,0.0,0.0,-1.0,0.0,0.0,0.0,0.0,0.0,0.0,0.0,0.0,0.0,0.0,0.0,0.0,0.0,0.0,0.0,0.0,0.0,0.0,0.0,0.0,0.0,0.0,-1.0,0.0,0.0,0.0,0.0,0.0,0.0,0.0,0.0,0.0,0.0,0.0,0.0,0.0,1.0,0.0
SBUX,Bear Put Spread,-42.18,270.0,80.0,270.0,58.22,41.55,-0.15622222222222223,-18.999999999999993,-2.0000000000000004,0.9999999999999996,-0.9999999999999996,0.0,0.0,0.0,0.0,0.0,0.0,0.0,0.0,0.0,0.0,0.0,0.0,0.0,0.0,0.0,0.0,0.0,0.0,0.0,0.0,0.0,0.0,0.0,0.0,0.0,0.0,0.0,0.0,0.0,0.0,0.0,-1.0,0.0,0.0,0.0,0.0,0.0,1.0,0.0
SBUX,Bear Put Spread,-37.36,238.0,112.0,238.0,52.32,47.46,-0.1569747899159664,-21.999999999999996,-1.0000000000000009,0.0,-0.9999999999999996,-1.0,0.0,0.0,0.0,0.0,0.0,0.0,0.0,0.0,0.0,0.0,0.0,0.0,0.0,0.0,0.0,0.0,0.0,0.0,0.0,0.0,0.0,0.0,0.0,0.0,0.0,0.0,0.0,0.0,-1.0,0.0,0.0,0.0,0.0,0.0,0.0,1.0,0.0,0.0
SBUX,Bear Put Spread,-50.85,320.0,230.0,320.0,45.39,54.39,-0.15890625,-34.99999999999999,0.0,0.0,0.0,-1.0,0.0,0.0,0.0,0.0,0.0,0.0,0.0,0.0,0.0,0.0,0.0,0.0,0.0,0.0,0.0,0.0,0.0,0.0,0.0,0.0,0.0,0.0,0.0,0.0,-1.0,0.0,0.0,0.0,0.0,0.0,0.0,0.0,0.0,0.0,0.0,1.0,0.0,0.0
SBUX,Bear Put Spread,-38.88,240.0,60.0,240.0,60.66,39.11,-0.162,-16.000000000000004,-2.0000000000000004,0.9999999999999996,-0.9999999999999996,0.0,0.0,0.0,0.0,0.0,0.0,0.0,0.0,0.0,0.0,0.0,0.0,0.0,0.0,0.0,0.0,0.0,0.0,0.0,0.0,0.0,0.0,0.0,0.0,0.0,0.0,0.0,0.0,0.0,0.0,0.0,0.0,-1.0,0.0,0.0,0.0,0.0,1.0,0.0
SBUX,Bear Put Spread,-54.49,336.0,264.0,336.0,43.65,56.12,-0.16217261904761907,-37.99999999999999,0.0,-0.9999999999999996,0.0,-1.0,0.0,0.0,0.0,0.0,0.0,0.0,0.0,0.0,0.0,0.0,0.0,0.0,0.0,0.0,0.0,0.0,0.0,0.0,0.0,0.0,0.0,0.0,0.0,-1.0,0.0,0.0,0.0,0.0,0.0,0.0,0.0,0.0,0.0,0.0,0.0,1.0,0.0,0.0
SBUX,Bear Put Spread,-56.78,349.0,301.0,349.0,42.79,56.99,-0.16269340974212035,-40.99999999999999,0.0,-0.9999999999999996,0.0,-1.0,0.0,0.0,0.0,0.0,0.0,0.0,0.0,0.0,0.0,0.0,0.0,0.0,0.0,0.0,0.0,0.0,0.0,0.0,0.0,0.0,0.0,0.0,-1.0,0.0,0.0,0.0,0.0,0.0,0.0,0.0,0.0,0.0,0.0,0.0,0.0,1.0,0.0,0.0
SBUX,Bear Put Spread,-74.54,458.0,392.0,458.0,41.92,57.85,-0.1627510917030568,-50.0,0.0,-0.9999999999999996,1.0000000000000002,-1.0,0.0,0.0,0.0,0.0,0.0,0.0,0.0,0.0,0.0,0.0,0.0,0.0,0.0,0.0,0.0,0.0,0.0,0.0,0.0,0.0,-1.0,0.0,0.0,0.0,0.0,0.0,0.0,0.0,0.0,0.0,0.0,0.0,0.0,0.0,0.0,0.0,1.0,0.0
SBUX,Bear Put Spread,-34.72,213.0,87.0,213.0,54.03,45.75,-0.16300469483568075,-17.999999999999993,-1.0000000000000009,0.0,-0.9999999999999996,-1.0,0.0,0.0,0.0,0.0,0.0,0.0,0.0,0.0,0.0,0.0,0.0,0.0,0.0,0.0,0.0,0.0,0.0,0.0,0.0,0.0,0.0,0.0,0.0,0.0,0.0,0.0,0.0,0.0,0.0,-1.0,0.0,0.0,0.0,0.0,0.0,1.0,0.0,0.0
SBUX,Bear Put Spread,-76.76,467.0,433.0,467.0,41.07,58.71,-0.16436830835117774,-52.0,0.0,-0.9999999999999996,1.0000000000000002,-1.0,0.0,0.0,0.0,0.0,0.0,0.0,0.0,0.0,0.0,0.0,0.0,0.0,0.0,0.0,0.0,0.0,0.0,0.0,0.0,-1.0,0.0,0.0,0.0,0.0,0.0,0.0,0.0,0.0,0.0,0.0,0.0,0.0,0.0,0.0,0.0,0.0,1.0,0.0
SBUX,Bear Put Spread,-31.26,185.0,65.0,185.0,56.56,43.21,-0.16897297297297298,-14.999999999999991,-1.0000000000000009,0.0,-0.9999999999999996,0.0,0.0,0.0,0.0,0.0,0.0,0.0,0.0,0.0,0.0,0.0,0.0,0.0,0.0,0.0,0.0,0.0,0.0,0.0,0.0,0.0,0.0,0.0,0.0,0.0,0.0,0.0,0.0,0.0,0.0,0.0,-1.0,0.0,0.0,0.0,0.0,1.0,0.0,0.0
SBUX,Bear Put Spread,-63.61,373.0,377.0,373.0,40.21,59.56,-0.1705361930294906,-46.0,0.9999999999999996,-1.9999999999999991,1.0000000000000002,-1.0,0.0,0.0,0.0,0.0,0.0,0.0,0.0,0.0,0.0,0.0,0.0,0.0,0.0,0.0,0.0,0.0,0.0,0.0,0.0,0.0,-1.0,0.0,0.0,0.0,0.0,0.0,0.0,0.0,0.0,0.0,0.0,0.0,0.0,0.0,0.0,1.0,0.0,0.0
SBUX,Bear Put Spread,-65.84,382.0,418.0,382.0,39.36,60.42,-0.17235602094240837,-48.0,0.9999999999999996,-1.9999999999999991,1.0000000000000002,-1.0,0.0,0.0,0.0,0.0,0.0,0.0,0.0,0.0,0.0,0.0,0.0,0.0,0.0,0.0,0.0,0.0,0.0,0.0,0.0,-1.0,0.0,0.0,0.0,0.0,0.0,0.0,0.0,0.0,0.0,0.0,0.0,0.0,0.0,0.0,0.0,1.0,0.0,0.0
SBUX,Bear Put Spread,-39.36,227.0,173.0,227.0,44.52,55.25,-0.1733920704845815,-27.0,0.0,0.0,0.0,-1.0,0.0,0.0,0.0,0.0,0.0,0.0,0.0,0.0,0.0,0.0,0.0,0.0,0.0,0.0,0.0,0.0,0.0,0.0,0.0,0.0,0.0,0.0,0.0,0.0,0.0,-1.0,0.0,0.0,0.0,0.0,0.0,0.0,0.0,1.0,0.0,0.0,0.0,0.0
SBUX,Bear Put Spread,-46.58,267.0,183.0,267.0,45.39,54.39,-0.1744569288389513,-29.000000000000004,0.0,0.0,0.0,-1.0,0.0,0.0,0.0,0.0,0.0,0.0,0.0,0.0,0.0,0.0,0.0,0.0,0.0,0.0,0.0,0.0,0.0,0.0,0.0,0.0,0.0,0.0,0.0,0.0,0.0,-1.0,0.0,0.0,0.0,0.0,0.0,0.0,0.0,0.0,1.0,0.0,0.0,0.0
SBUX,Bear Put Spread,-32.52,186.0,114.0,186.0,47.99,51.78,-0.17483870967741938,-20.0,-1.0000000000000009,0.0,-0.9999999999999996,-1.0,0.0,0.0,0.0,0.0,0.0,0.0,0.0,0.0,0.0,0.0,0.0,0.0,0.0,0.0,0.0,0.0,0.0,0.0,0.0,0.0,0.0,0.0,0.0,0.0,0.0,0.0,0.0,-1.0,0.0,0.0,0.0,0.0,0.0,1.0,0.0,0.0,0.0,0.0
SBUX,Bear Put Spread,-36.43,208.0,142.0,208.0,46.26,53.52,-0.17514423076923077,-24.0,-1.0000000000000009,0.0,-0.9999999999999996,-1.0,0.0,0.0,0.0,0.0,0.0,0.0,0.0,0.0,0.0,0.0,0.0,0.0,0.0,0.0,0.0,0.0,0.0,0.0,0.0,0.0,0.0,0.0,0.0,0.0,0.0,0.0,-1.0,0.0,0.0,0.0,0.0,0.0,0.0,1.0,0.0,0.0,0.0,0.0
SBUX,Bear Put Spread,-39.74,226.0,124.0,226.0,48.86,50.91,-0.17584070796460177,-22.000000000000004,-1.0000000000000009,0.0,-0.9999999999999996,-1.0,0.0,0.0,0.0,0.0,0.0,0.0,0.0,0.0,0.0,0.0,0.0,0.0,0.0,0.0,0.0,0.0,0.0,0.0,0.0,0.0,0.0,0.0,0.0,0.0,0.0,0.0,0.0,-1.0,0.0,0.0,0.0,0.0,0.0,0.0,1.0,0.0,0.0,0.0
SBUX,Bear Put Spread,-43.64,248.0,152.0,248.0,47.12,52.65,-0.17596774193548387,-26.0,-1.0000000000000009,0.0,-0.9999999999999996,-1.0,0.0,0.0,0.0,0.0,0.0,0.0,0.0,0.0,0.0,0.0,0.0,0.0,0.0,0.0,0.0,0.0,0.0,0.0,0.0,0.0,0.0,0.0,0.0,0.0,0.0,0.0,-1.0,0.0,0.0,0.0,0.0,0.0,0.0,0.0,1.0,0.0,0.0,0.0
SBUX,Bear Put Spread,-43.22,245.0,205.0,245.0,42.79,56.99,-0.17640816326530612,-30.0,0.0,0.0,0.0,-1.0,0.0,0.0,0.0,0.0,0.0,0.0,0.0,0.0,0.0,0.0,0.0,0.0,0.0,0.0,0.0,0.0,0.0,0.0,0.0,0.0,0.0,0.0,0.0,0.0,-1.0,0.0,0.0,0.0,0.0,0.0,0.0,0.0,0.0,1.0,0.0,0.0,0.0,0.0
SBUX,Bear Put Spread,-50.43,285.0,215.0,285.0,43.65,56.12,-0.17694736842105263,-32.0,0.0,0.0,0.0,-1.0,0.0,0.0,0.0,0.0,0.0,0.0,0.0,0.0,0.0,0.0,0.0,0.0,0.0,0.0,0.0,0.0,0.0,0.0,0.0,0.0,0.0,0.0,0.0,0.0,-1.0,0.0,0.0,0.0,0.0,0.0,0.0,0.0,0.0,0.0,1.0,0.0,0.0,0.0
SBUX,Bear Put Spread,-88.28,497.0,203.0,497.0,47.12,52.65,-0.17762575452716298,-39.0,-0.9999999999999996,0.0,-1.0000000000000002,-1.0,0.0,0.0,0.0,0.0,0.0,0.0,0.0,0.0,0.0,0.0,0.0,0.0,0.0,0.0,0.0,0.0,0.0,0.0,0.0,0.0,0.0,0.0,0.0,0.0,0.0,-1.0,0.0,0.0,0.0,0.0,0.0,0.0,0.0,0.0,0.0,0.0,0.0,1.0
SBUX,Bear Put Spread,-85.34,478.0,172.0,478.0,48.86,50.91,-0.17853556485355648,-36.0,-2.0000000000000004,0.0,-1.9999999999999998,-1.0,0.0,0.0,0.0,0.0,0.0,0.0,0.0,0.0,0.0,0.0,0.0,0.0,0.0,0.0,0.0,0.0,0.0,0.0,0.0,0.0,0.0,0.0,0.0,0.0,0.0,0.0,-1.0,0.0,0.0,0.0,0.0,0.0,0.0,0.0,0.0,0.0,0.0,1.0
SBUX,Bear Put Spread,-81.44,456.0,144.0,456.0,50.59,49.18,-0.17859649122807017,-32.0,-2.0000000000000004,0.0,-1.9999999999999998,-1.0,0.0,0.0,0.0,0.0,0.0,0.0,0.0,0.0,0.0,0.0,0.0,0.0,0.0,0.0,0.0,0.0,0.0,0.0,0.0,0.0,0.0,0.0,0.0,0.0,0.0,0.0,0.0,-1.0,0.0,0.0,0.0,0.0,0.0,0.0,0.0,0.0,0.0,1.0
SBUX,Bear Put Spread,-92.13,515.0,235.0,515.0,45.39,54.39,-0.17889320388349514,-42.0,-0.9999999999999996,0.0,-1.0000000000000002,-1.0,0.0,0.0,0.0,0.0,0.0,0.0,0.0,0.0,0.0,0.0,0.0,0.0,0.0,0.0,0.0,0.0,0.0,0.0,0.0,0.0,0.0,0.0,0.0,0.0,-1.0,0.0,0.0,0.0,0.0,0.0,0.0,0.0,0.0,0.0,0.0,0.0,0.0,1.0
SBUX,Bear Put Spread,-49.14,274.0,276.0,274.0,40.21,59.56,-0.17934306569343067,-36.0,0.0,-0.9999999999999996,0.0,-1.0,0.0,0.0,0.0,0.0,0.0,0.0,0.0,0.0,0.0,0.0,0.0,0.0,0.0,0.0,0.0,0.0,0.0,0.0,0.0,0.0,0.0,0.0,-1.0,0.0,0.0,0.0,0.0,0.0,0.0,0.0,0.0,0.0,0.0,1.0,0.0,0.0,0.0,0.0
SBUX,Bear Put Spread,-37.68,210.0,40.0,210.0,63.03,36.74,-0.17942857142857144,-13.0,-2.0000000000000004,0.9999999999999996,0.0,0.0,0.0,0.0,0.0,0.0,0.0,0.0,0.0,0.0,0.0,0.0,0.0,0.0,0.0,0.0,0.0,0.0,0.0,0.0,0.0,0.0,0.0,0.0,0.0,0.0,0.0,0.0,0.0,0.0,0.0,0.0,0.0,0.0,-1.0,0.0,0.0,0.0,1.0,0.0
SBUX,Bear Put Spread,-56.36,314.0,286.0,314.0,41.07,58.71,-0.17949044585987262,-38.0,0.0,-0.9999999999999996,0.0,-1.0,0.0,0.0,0.0,0.0,0.0,0.0,0.0,0.0,0.0,0.0,0.0,0.0,0.0,0.0,0.0,0.0,0.0,0.0,0.0,0.0,0.0,0.0,-1.0,0.0,0.0,0.0,0.0,0.0,0.0,0.0,0.0,0.0,0.0,0.0,1.0,0.0,0.0,0.0
SBUX,Bear Put Spread,-46.86,261.0,239.0,261.0,41.07,58.71,-0.17954022988505747,-33.0,0.0,-0.9999999999999996,0.0,-1.0,0.0,0.0,0.0,0.0,0.0,0.0,0.0,0.0,0.0,0.0,0.0,0.0,0.0,0.0,0.0,0.0,0.0,0.0,0.0,0.0,0.0,0.0,0.0,-1.0,0.0,0.0,0.0,0.0,0.0,0.0,0.0,0.0,0.0,1.0,0.0,0.0,0.0,0.0
SBUX,Bear Put Spread,-54.07,301.0,249.0,301.0,41.92,57.85,-0.17963455149501661,-35.0,0.0,-0.9999999999999996,0.0,-1.0,0.0,0.0,0.0,0.0,0.0,0.0,0.0,0.0,0.0,0.0,0.0,0.0,0.0,0.0,0.0,0.0,0.0,0.0,0.0,0.0,0.0,0.0,0.0,-1.0,0.0,0.0,0.0,0.0,0.0,0.0,0.0,0.0,0.0,0.0,1.0,0.0,0.0,0.0
SBUX,Bear Put Spread,-98.06,544.0,306.0,544.0,42.79,56.99,-0.18025735294117648,-48.0,-0.9999999999999996,-0.9999999999999996,-1.0000000000000002,-1.0,0.0,0.0,0.0,0.0,0.0,0.0,0.0,0.0,0.0,0.0,0.0,0.0,0.0,0.0,0.0,0.0,0.0,0.0,0.0,0.0,0.0,0.0,-1.0,0.0,0.0,0.0,0.0,0.0,0.0,0.0,0.0,0.0,0.0,0.0,0.0,0.0,0.0,1.0
SBUX,Bear Put Spread,-27.95,155.0,45.0,155.0,59.04,40.73,-0.1803225806451613,-12.0,-1.0000000000000009,0.0,-0.9999999999999996,0.0,0.0,0.0,0.0,0.0,0.0,0.0,0.0,0.0,0.0,0.0,0.0,0.0,0.0,0.0,0.0,0.0,0.0,0.0,0.0,0.0,0.0,0.0,0.0,0.0,0.0,0.0,0.0,0.0,0.0,0.0,0.0,-1.0,0.0,0.0,0.0,1.0,0.0,0.0
SBUX,Bear Put Spread,-95.77,531.0,269.0,531.0,43.65,56.12,-0.1803578154425612,-45.0,-0.9999999999999996,-0.9999999999999996,-1.0000000000000002,-1.0,0.0,0.0,0.0,0.0,0.0,0.0,0.0,0.0,0.0,0.0,0.0,0.0,0.0,0.0,0.0,0.0,0.0,0.0,0.0,0.0,0.0,0.0,0.0,-1.0,0.0,0.0,0.0,0.0,0.0,0.0,0.0,0.0,0.0,0.0,0.0,0.0,0.0,1.0
SBUX,Bear Put Spread,-78.64,433.0,117.0,433.0,52.32,47.46,-0.18161662817551963,-29.000000000000004,-2.0000000000000004,0.0,-1.9999999999999998,-1.0,0.0,0.0,0.0,0.0,0.0,0.0,0.0,0.0,0.0,0.0,0.0,0.0,0.0,0.0,0.0,0.0,0.0,0.0,0.0,0.0,0.0,0.0,0.0,0.0,0.0,0.0,0.0,0.0,-1.0,0.0,0.0,0.0,0.0,0.0,0.0,0.0,0.0,1.0
SBUX,Bear Put Spread,-36.94,203.0,97.0,203.0,50.59,49.18,-0.18197044334975368,-19.000000000000007,-1.0000000000000009,0.0,-0.9999999999999996,-1.0,0.0,0.0,0.0,0.0,0.0,0.0,0.0,0.0,0.0,0.0,0.0,0.0,0.0,0.0,0.0,0.0,0.0,0.0,0.0,0.0,0.0,0.0,0.0,0.0,0.0,0.0,0.0,0.0,-1.0,0.0,0.0,0.0,0.0,0.0,1.0,0.0,0.0,0.0
SBUX,Bear Put Spread,-29.73,163.0,87.0,163.0,49.73,50.04,-0.18239263803680983,-17.000000000000004,-1.0000000000000009,0.0,-0.9999999999999996,-1.0,0.0,0.0,0.0,0.0,0.0,0.0,0.0,0.0,0.0,0.0,0.0,0.0,0.0,0.0,0.0,0.0,0.0,0.0,0.0,0.0,0.0,0.0,0.0,0.0,0.0,0.0,0.0,0.0,-1.0,0.0,0.0,0.0,0.0,1.0,0.0,0.0,0.0,0.0
SBUX,Bear Put Spread,-35.21,192.0,158.0,192.0,42.79,56.99,-0.18338541666666666,-23.0,1.0000000000000009,0.0,0.0,-1.0,0.0,0.0,0.0,0.0,0.0,0.0,0.0,0.0,0.0,0.0,0.0,0.0,0.0,0.0,0.0,0.0,0.0,0.0,0.0,0.0,0.0,0.0,0.0,0.0,0.0,-1.0,0.0,0.0,0.0,0.0,0.0,0.0,1.0,0.0,0.0,0.0,0.0,0.0
SBUX,Bear Put Spread,-104.89,568.0,382.0,568.0,41.07,58.71,-0.18466549295774648,-53.0,0.0,-1.9999999999999991,0.0,-1.0,0.0,0.0,0.0,0.0,0.0,0.0,0.0,0.0,0.0,0.0,0.0,0.0,0.0,0.0,0.0,0.0,0.0,0.0,0.0,0.0,-1.0,0.0,0.0,0.0,0.0,0.0,0.0,0.0,0.0,0.0,0.0,0.0,0.0,0.0,0.0,0.0,0.0,1.0
SBUX,Bear Put Spread,-107.12,577.0,423.0,577.0,40.21,59.56,-0.18564991334488737,-55.00000000000001,0.0,-1.9999999999999991,0.0,-1.0,0.0,0.0,0.0,0.0,0.0,0.0,0.0,0.0,0.0,0.0,0.0,0.0,0.0,0.0,0.0,0.0,0.0,0.0,0.0,-1.0,0.0,0.0,0.0,0.0,0.0,0.0,0.0,0.0,0.0,0.0,0.0,0.0,0.0,0.0,0.0,0.0,0.0,1.0
SBUX,Bear Put Spread,-39.06,210.0,190.0,210.0,41.92,57.85,-0.186,-25.999999999999996,1.0000000000000009,0.0,0.0,-1.0,0.0,0.0,0.0,0.0,0.0,0.0,0.0,0.0,0.0,0.0,0.0,0.0,0.0,0.0,0.0,0.0,0.0,0.0,0.0,0.0,0.0,0.0,0.0,0.0,-1.0,0.0,0.0,0.0,0.0,0.0,0.0,0.0,1.0,0.0,0.0,0.0,0.0,0.0
SBUX,Bear Put Spread,-76.0,408.0,92.0,408.0,54.88,44.9,-0.18627450980392157,-25.0,-2.0000000000000004,0.0,-1.9999999999999998,-1.0,0.0,0.0,0.0,0.0,0.0,0.0,0.0,0.0,0.0,0.0,0.0,0.0,0.0,0.0,0.0,0.0,0.0,0.0,0.0,0.0,0.0,0.0,0.0,0.0,0.0,0.0,0.0,0.0,0.0,-1.0,0.0,0.0,0.0,0.0,0.0,0.0,0.0,1.0
SBUX,Bear Put Spread,-32.27,173.0,127.0,173.0,44.52,55.25,-0.18653179190751448,-19.999999999999996,0.0,0.0,-0.9999999999999996,-1.0,0.0,0.0,0.0,0.0,0.0,0.0,0.0,0.0,0.0,0.0,0.0,0.0,0.0,0.0,0.0,0.0,0.0,0.0,0.0,0.0,0.0,0.0,0.0,0.0,0.0,0.0,-1.0,0.0,0.0,0.0,0.0,0.0,1.0,0.0,0.0,0.0,0.0,0.0
SBUX,Bear Put Spread,-63.19,338.0,362.0,338.0,39.36,60.42,-0.18695266272189348,-43.00000000000001,0.9999999999999996,-1.9999999999999991,1.0000000000000002,-1.0,0.0,0.0,0.0,0.0,0.0,0.0,0.0,0.0,0.0,0.0,0.0,0.0,0.0,0.0,0.0,0.0,0.0,0.0,0.0,0.0,-1.0,0.0,0.0,0.0,0.0,0.0,0.0,0.0,0.0,0.0,0.0,0.0,0.0,0.0,1.0,0.0,0.0,0.0
SBUX,Bear Put Spread,-55.98,298.0,352.0,298.0,38.51,61.26,-0.1878523489932886,-41.0,0.9999999999999996,-1.9999999999999991,1.0000000000000002,-1.0,0.0,0.0,0.0,0.0,0.0,0.0,0.0,0.0,0.0,0.0,0.0,0.0,0.0,0.0,0.0,0.0,0.0,0.0,0.0,0.0,-1.0,0.0,0.0,0.0,0.0,0.0,0.0,0.0,0.0,0.0,0.0,0.0,0.0,1.0,0.0,0.0,0.0,0.0
SBUX,Bear Put Spread,-28.37,151.0,99.0,151.0,46.26,53.52,-0.18788079470198676,-15.999999999999998,0.0,0.0,-0.9999999999999996,-1.0,0.0,0.0,0.0,0.0,0.0,0.0,0.0,0.0,0.0,0.0,0.0,0.0,0.0,0.0,0.0,0.0,0.0,0.0,0.0,0.0,0.0,0.0,0.0,0.0,0.0,0.0,0.0,-1.0,0.0,0.0,0.0,0.0,1.0,0.0,0.0,0.0,0.0,0.0
SBUX,Bear Put Spread,-44.99,239.0,261.0,239.0,39.36,60.42,-0.1882426778242678,-31.999999999999996,1.0000000000000009,-0.9999999999999996,0.0,-1.0,0.0,0.0,0.0,0.0,0.0,0.0,0.0,0.0,0.0,0.0,0.0,0.0,0.0,0.0,0.0,0.0,0.0,0.0,0.0,0.0,0.0,0.0,-1.0,0.0,0.0,0.0,0.0,0.0,0.0,0.0,0.0,0.0,1.0,0.0,0.0,0.0,0.0,0.0
SBUX,Bear Put Spread,-65.42,347.0,403.0,347.0,38.51,61.26,-0.18853025936599424,-45.00000000000001,0.9999999999999996,-1.9999999999999991,1.0000000000000002,-1.0,0.0,0.0,0.0,0.0,0.0,0.0,0.0,0.0,0.0,0.0,0.0,0.0,0.0,0.0,0.0,0.0,0.0,0.0,0.0,-1.0,0.0,0.0,0.0,0.0,0.0,0.0,0.0,0.0,0.0,0.0,0.0,0.0,0.0,0.0,1.0,0.0,0.0,0.0
SBUX,Bear Put Spread,-42.7,226.0,224.0,226.0,40.21,59.56,-0.18893805309734515,-28.999999999999996,1.0000000000000009,-0.9999999999999996,0.0,-1.0,0.0,0.0,0.0,0.0,0.0,0.0,0.0,0.0,0.0,0.0,0.0,0.0,0.0,0.0,0.0,0.0,0.0,0.0,0.0,0.0,0.0,0.0,0.0,-1.0,0.0,0.0,0.0,0.0,0.0,0.0,0.0,0.0,1.0,0.0,0.0,0.0,0.0,0.0
SBUX,Bear Put Spread,-58.2,307.0,393.0,307.0,37.67,62.1,-0.18957654723127038,-43.00000000000001,0.9999999999999996,-1.9999999999999991,1.0000000000000002,-1.0,0.0,0.0,0.0,0.0,0.0,0.0,0.0,0.0,0.0,0.0,0.0,0.0,0.0,0.0,0.0,0.0,0.0,0.0,0.0,-1.0,0.0,0.0,0.0,0.0,0.0,0.0,0.0,0.0,0.0,0.0,0.0,0.0,0.0,1.0,0.0,0.0,0.0,0.0
SBUX,Bear Put Spread,-72.53,380.0,70.0,380.0,57.39,42.38,-0.19086842105263158,-21.999999999999996,-2.0000000000000004,0.0,-1.9999999999999998,0.0,0.0,0.0,0.0,0.0,0.0,0.0,0.0,0.0,0.0,0.0,0.0,0.0,0.0,0.0,0.0,0.0,0.0,0.0,0.0,0.0,0.0,0.0,0.0,0.0,0.0,0.0,0.0,0.0,0.0,0.0,-1.0,0.0,0.0,0.0,0.0,0.0,0.0,1.0
SBUX,Bear Put Spread,-34.3,178.0,72.0,178.0,53.17,46.6,-0.19269662921348313,-15.000000000000002,-1.0000000000000009,0.0,-0.9999999999999996,-1.0,0.0,0.0,0.0,0.0,0.0,0.0,0.0,0.0,0.0,0.0,0.0,0.0,0.0,0.0,0.0,0.0,0.0,0.0,0.0,0.0,0.0,0.0,0.0,0.0,0.0,0.0,0.0,0.0,0.0,-1.0,0.0,0.0,0.0,0.0,1.0,0.0,0.0,0.0
SBUX,Bear Put Spread,-27.09,138.0,62.0,138.0,52.32,47.46,-0.19630434782608697,-13.0,-1.0000000000000009,0.0,-0.9999999999999996,-1.0,0.0,0.0,0.0,0.0,0.0,0.0,0.0,0.0,0.0,0.0,0.0,0.0,0.0,0.0,0.0,0.0,0.0,0.0,0.0,0.0,0.0,0.0,0.0,0.0,0.0,0.0,0.0,0.0,0.0,-1.0,0.0,0.0,0.0,1.0,0.0,0.0,0.0,0.0
SBUX,Bear Put Spread,-51.82,263.0,337.0,263.0,36.83,62.94,-0.1970342205323194,-37.0,2.0000000000000004,-1.9999999999999991,1.0000000000000002,-1.0,0.0,0.0,0.0,0.0,0.0,0.0,0.0,0.0,0.0,0.0,0.0,0.0,0.0,0.0,0.0,0.0,0.0,0.0,0.0,0.0,-1.0,0.0,0.0,0.0,0.0,0.0,0.0,0.0,0.0,0.0,0.0,0.0,1.0,0.0,0.0,0.0,0.0,0.0
SBUX,Bear Put Spread,-69.23,350.0,50.0,350.0,59.85,39.92,-0.1978,-19.000000000000007,-2.0000000000000004,0.0,-1.9999999999999998,0.0,0.0,0.0,0.0,0.0,0.0,0.0,0.0,0.0,0.0,0.0,0.0,0.0,0.0,0.0,0.0,0.0,0.0,0.0,0.0,0.0,0.0,0.0,0.0,0.0,0.0,0.0,0.0,0.0,0.0,0.0,0.0,-1.0,0.0,0.0,0.0,0.0,0.0,1.0
SBUX,Bear Put Spread,-54.05,272.0,378.0,272.0,36.0,63.77,-0.19871323529411763,-39.0,2.0000000000000004,-1.9999999999999991,1.0000000000000002,-1.0,0.0,0.0,0.0,0.0,0.0,0.0,0.0,0.0,0.0,0.0,0.0,0.0,0.0,0.0,0.0,0.0,0.0,0.0,0.0,-1.0,0.0,0.0,0.0,0.0,0.0,0.0,0.0,0.0,0.0,0.0,0.0,0.0,1.0,0.0,0.0,0.0,0.0,0.0
SBUX,Bear Put Spread,-25.57,128.0,72.0,128.0,48.86,50.91,-0.199765625,-13.0,0.0,0.0,-0.9999999999999996,-1.0,0.0,0.0,0.0,0.0,0.0,0.0,0.0,0.0,0.0,0.0,0.0,0.0,0.0,0.0,0.0,0.0,0.0,0.0,0.0,0.0,0.0,0.0,0.0,0.0,0.0,0.0,0.0,0.0,-1.0,0.0,0.0,0.0,1.0,0.0,0.0,0.0,0.0,0.0
SBUX,Bear Put Spread,-95.41,471.0,329.0,471.0,40.21,59.56,-0.20256900212314224,-48.0,0.0,-0.9999999999999996,1.0000000000000002,-1.0,0.0,0.0,0.0,0.0,0.0,0.0,0.0,0.0,0.0,0.0,0.0,0.0,0.0,0.0,0.0,0.0,0.0,0.0,0.0,0.0,0.0,-1.0,0.0,0.0,0.0,0.0,0.0,0.0,0.0,0.0,0.0,0.0,0.0,0.0,0.0,0.0,1.0,0.0
SBUX,Bear Put Spread,-30.84,150.0,50.0,150.0,55.72,44.05,-0.2056,-12.0,-1.0000000000000009,0.0,-0.9999999999999996,0.0,0.0,0.0,0.0,0.0,0.0,0.0,0.0,0.0,0.0,0.0,0.0,0.0,0.0,0.0,0.0,0.0,0.0,0.0,0.0,0.0,0.0,0.0,0.0,0.0,0.0,0.0,0.0,0.0,0.0,0.0,-1.0,0.0,0.0,0.0,1.0,0.0,0.0,0.0
SBUX,Bear Put Spread,-43.79,209.0,241.0,209.0,37.67,62.1,-0.20952153110047847,-28.999999999999993,1.0000000000000009,-0.9999999999999996,0.9999999999999996,-1.0,0.0,0.0,0.0,0.0,0.0,0.0,0.0,0.0,0.0,0.0,0.0,0.0,0.0,0.0,0.0,0.0,0.0,0.0,0.0,0.0,0.0,0.0,-1.0,0.0,0.0,0.0,0.0,0.0,0.0,0.0,0.0,1.0,0.0,0.0,0.0,0.0,0.0,0.0
SBUX,Bear Put Spread,-34.01,162.0,138.0,162.0,41.07,58.71,-0.20993827160493825,-19.999999999999996,1.0000000000000009,0.0,0.9999999999999996,-1.0,0.0,0.0,0.0,0.0,0.0,0.0,0.0,0.0,0.0,0.0,0.0,0.0,0.0,0.0,0.0,0.0,0.0,0.0,0.0,0.0,0.0,0.0,0.0,0.0,0.0,-1.0,0.0,0.0,0.0,0.0,0.0,1.0,0.0,0.0,0.0,0.0,0.0,0.0
SBUX,Bear Put Spread,-37.86,180.0,170.0,180.0,40.21,59.56,-0.21033333333333332,-22.999999999999993,1.0000000000000009,0.0,0.9999999999999996,-1.0,0.0,0.0,0.0,0.0,0.0,0.0,0.0,0.0,0.0,0.0,0.0,0.0,0.0,0.0,0.0,0.0,0.0,0.0,0.0,0.0,0.0,0.0,0.0,0.0,-1.0,0.0,0.0,0.0,0.0,0.0,0.0,1.0,0.0,0.0,0.0,0.0,0.0,0.0
SBUX,Bear Put Spread,-41.51,196.0,204.0,196.0,38.51,61.26,-0.21178571428571427,-25.999999999999996,1.0000000000000009,-0.9999999999999996,0.9999999999999996,-1.0,0.0,0.0,0.0,0.0,0.0,0.0,0.0,0.0,0.0,0.0,0.0,0.0,0.0,0.0,0.0,0.0,0.0,0.0,0.0,0.0,0.0,0.0,0.0,-1.0,0.0,0.0,0.0,0.0,0.0,0.0,0.0,1.0,0.0,0.0,0.0,0.0,0.0,0.0
SBUX,Bear Put Spread,-68.03,320.0,30.0,320.0,62.25,37.52,-0.21259375,-16.000000000000004,-2.0000000000000004,0.0,-1.0000000000000002,0.0,0.0,0.0,0.0,0.0,0.0,0.0,0.0,0.0,0.0,0.0,0.0,0.0,0.0,0.0,0.0,0.0,0.0,0.0,0.0,0.0,0.0,0.0,0.0,0.0,0.0,0.0,0.0,0.0,0.0,0.0,0.0,0.0,-1.0,0.0,0.0,0.0,0.0,1.0
SBUX,Bear Put Spread,-38.51,180.0,20.0,180.0,65.32,34.45,-0.21394444444444444,-8.999999999999996,-0.9999999999999996,0.9999999999999996,0.0,0.0,0.0,0.0,0.0,0.0,0.0,0.0,0.0,0.0,0.0,0.0,0.0,0.0,0.0,0.0,0.0,0.0,0.0,0.0,0.0,0.0,0.0,0.0,0.0,0.0,0.0,0.0,0.0,0.0,0.0,0.0,0.0,0.0,0.0,-1.0,0.0,0.0,1.0,0.0
SBUX,Bear Put Spread,-26.75,125.0,25.0,125.0,61.46,38.31,-0.214,-8.999999999999996,-1.0000000000000009,0.0,0.0,0.0,0.0,0.0,0.0,0.0,0.0,0.0,0.0,0.0,0.0,0.0,0.0,0.0,0.0,0.0,0.0,0.0,0.0,0.0,0.0,0.0,0.0,0.0,0.0,0.0,0.0,0.0,0.0,0.0,0.0,0.0,0.0,0.0,-1.0,0.0,0.0,1.0,0.0,0.0
SBUX,Bear Put Spread,-23.62,110.0,40.0,110.0,54.88,44.9,-0.21472727272727274,-9.999999999999998,-1.0000000000000009,0.0,-0.9999999999999996,0.0,0.0,0.0,0.0,0.0,0.0,0.0,0.0,0.0,0.0,0.0,0.0,0.0,0.0,0.0,0.0,0.0,0.0,0.0,0.0,0.0,0.0,0.0,0.0,0.0,0.0,0.0,0.0,0.0,0.0,0.0,-1.0,0.0,0.0,1.0,0.0,0.0,0.0,0.0
SBUX,Bear Put Spread,-125.76,581.0,319.0,581.0,39.36,60.42,-0.21645438898450947,-51.0,0.0,-1.9999999999999991,0.0,-1.0,0.0,0.0,0.0,0.0,0.0,0.0,0.0,0.0,0.0,0.0,0.0,0.0,0.0,0.0,0.0,0.0,0.0,0.0,0.0,0.0,0.0,-1.0,0.0,0.0,0.0,0.0,0.0,0.0,0.0,0.0,0.0,0.0,0.0,0.0,0.0,0.0,0.0,1.0
SBUX,Bear Put Spread,-50.63,233.0,317.0,233.0,35.18,64.6,-0.2172961373390558,-34.0,2.0000000000000004,-1.9999999999999991,1.9999999999999998,-1.0,0.0,0.0,0.0,0.0,0.0,0.0,0.0,0.0,0.0,0.0,0.0,0.0,0.0,0.0,0.0,0.0,0.0,0.0,0.0,0.0,-1.0,0.0,0.0,0.0,0.0,0.0,0.0,0.0,0.0,0.0,0.0,1.0,0.0,0.0,0.0,0.0,0.0,0.0
SBUX,Bear Put Spread,-31.08,143.0,107.0,143.0,42.79,56.99,-0.21734265734265734,-16.999999999999993,0.0,0.0,0.0,-1.0,0.0,0.0,0.0,0.0,0.0,0.0,0.0,0.0,0.0,0.0,0.0,0.0,0.0,0.0,0.0,0.0,0.0,0.0,0.0,0.0,0.0,0.0,0.0,0.0,0.0,0.0,-1.0,0.0,0.0,0.0,0.0,1.0,0.0,0.0,0.0,0.0,0.0,0.0
SBUX,Bear Put Spread,-52.85,242.0,358.0,242.0,34.36,65.41,-0.21838842975206613,-36.0,2.0000000000000004,-1.9999999999999991,1.9999999999999998,-1.0,0.0,0.0,0.0,0.0,0.0,0.0,0.0,0.0,0.0,0.0,0.0,0.0,0.0,0.0,0.0,0.0,0.0,0.0,0.0,-1.0,0.0,0.0,0.0,0.0,0.0,0.0,0.0,0.0,0.0,0.0,0.0,1.0,0.0,0.0,0.0,0.0,0.0,0.0
SBUX,Bear Put Spread,-84.48,386.0,314.0,386.0,39.36,60.42,-0.21886010362694303,-43.99999999999999,0.9999999999999996,-1.9999999999999991,1.0000000000000002,-1.0,0.0,0.0,0.0,0.0,0.0,0.0,0.0,0.0,0.0,0.0,0.0,0.0,0.0,0.0,0.0,0.0,0.0,0.0,0.0,0.0,0.0,-1.0,0.0,0.0,0.0,0.0,0.0,0.0,0.0,0.0,0.0,0.0,0.0,0.0,0.0,1.0,0.0,0.0
SBUX,Bear Put Spread,-22.93,103.0,47.0,103.0,50.59,49.18,-0.22262135922330098,-8.999999999999996,0.0,0.0,-0.9999999999999996,-1.0,0.0,0.0,0.0,0.0,0.0,0.0,0.0,0.0,0.0,0.0,0.0,0.0,0.0,0.0,0.0,0.0,0.0,0.0,0.0,0.0,0.0,0.0,0.0,0.0,0.0,0.0,0.0,0.0,0.0,-1.0,0.0,0.0,1.0,0.0,0.0,0.0,0.0,0.0
SBUX,Bear Put Spread,-27.17,121.0,79.0,121.0,44.52,55.25,-0.22454545454545455,-12.999999999999995,0.0,0.0,0.0,-1.0,0.0,0.0,0.0,0.0,0.0,0.0,0.0,0.0,0.0,0.0,0.0,0.0,0.0,0.0,0.0,0.0,0.0,0.0,0.0,0.0,0.0,0.0,0.0,0.0,0.0,0.0,0.0,-1.0,0.0,0.0,0.0,1.0,0.0,0.0,0.0,0.0,0.0,0.0
SBUX,Bear Put Spread,-27.53,120.0,30.0,120.0,58.22,41.55,-0.22941666666666669,-9.000000000000007,-1.0000000000000009,0.0,-0.9999999999999996,0.0,0.0,0.0,0.0,0.0,0.0,0.0,0.0,0.0,0.0,0.0,0.0,0.0,0.0,0.0,0.0,0.0,0.0,0.0,0.0,0.0,0.0,0.0,0.0,0.0,0.0,0.0,0.0,0.0,0.0,0.0,0.0,-1.0,0.0,0.0,1.0,0.0,0.0,0.0
SBUX,Bear Put Spread,-41.48,180.0,220.0,180.0,36.0,63.77,-0.23044444444444442,-26.0,1.0000000000000009,-0.9999999999999996,0.9999999999999996,-1.0,0.0,0.0,0.0,0.0,0.0,0.0,0.0,0.0,0.0,0.0,0.0,0.0,0.0,0.0,0.0,0.0,0.0,0.0,0.0,0.0,0.0,0.0,-1.0,0.0,0.0,0.0,0.0,0.0,0.0,0.0,1.0,0.0,0.0,0.0,0.0,0.0,0.0,0.0
SBUX,Bear Put Spread,-39.2,167.0,183.0,167.0,36.83,62.94,-0.2347305389221557,-23.000000000000004,1.0000000000000009,-0.9999999999999996,0.9999999999999996,-1.0,0.0,0.0,0.0,0.0,0.0,0.0,0.0,0.0,0.0,0.0,0.0,0.0,0.0,0.0,0.0,0.0,0.0,0.0,0.0,0.0,0.0,0.0,0.0,-1.0,0.0,0.0,0.0,0.0,0.0,0.0,1.0,0.0,0.0,0.0,0.0,0.0,0.0,0.0
SBUX,Bear Put Spread,-35.56,151.0,149.0,151.0,37.67,62.1,-0.23549668874172186,-20.0,1.0000000000000009,0.0,0.9999999999999996,-1.0,0.0,0.0,0.0,0.0,0.0,0.0,0.0,0.0,0.0,0.0,0.0,0.0,0.0,0.0,0.0,0.0,0.0,0.0,0.0,0.0,0.0,0.0,0.0,0.0,-1.0,0.0,0.0,0.0,0.0,0.0,1.0,0.0,0.0,0.0,0.0,0.0,0.0,0.0
SBUX,Bear Put Spread,-48.32,204.0,296.0,204.0,33.55,66.22,-0.23686274509803923,-31.000000000000007,2.0000000000000004,-1.9999999999999991,1.9999999999999998,-1.0,0.0,0.0,0.0,0.0,0.0,0.0,0.0,0.0,0.0,0.0,0.0,0.0,0.0,0.0,0.0,0.0,0.0,0.0,0.0,0.0,-1.0,0.0,0.0,0.0,0.0,0.0,0.0,0.0,0.0,0.0,1.0,0.0,0.0,0.0,0.0,0.0,0.0,0.0
SBUX,Bear Put Spread,-50.55,213.0,337.0,213.0,32.75,67.02,-0.23732394366197182,-33.00000000000001,2.0000000000000004,-1.9999999999999991,1.9999999999999998,-1.0,0.0,0.0,0.0,0.0,0.0,0.0,0.0,0.0,0.0,0.0,0.0,0.0,0.0,0.0,0.0,0.0,0.0,0.0,0.0,-1.0,0.0,0.0,0.0,0.0,0.0,0.0,0.0,0.0,0.0,0.0,1.0,0.0,0.0,0.0,0.0,0.0,0.0,0.0
SBUX,Bear Put Spread,-68.87,290.0,10.0,290.0,64.57,35.2,-0.23748275862068968,-12.0,-0.9999999999999996,0.0,-1.0000000000000002,0.0,0.0,0.0,0.0,0.0,0.0,0.0,0.0,0.0,0.0,0.0,0.0,0.0,0.0,0.0,0.0,0.0,0.0,0.0,0.0,0.0,0.0,0.0,0.0,0.0,0.0,0.0,0.0,0.0,0.0,0.0,0.0,0.0,0.0,-1.0,0.0,0.0,0.0,1.0
SBUX,Bear Put Spread,-31.7,133.0,117.0,133.0,39.36,60.42,-0.23834586466165414,-17.000000000000004,1.0000000000000009,0.0,0.9999999999999996,-1.0,0.0,0.0,0.0,0.0,0.0,0.0,0.0,0.0,0.0,0.0,0.0,0.0,0.0,0.0,0.0,0.0,0.0,0.0,0.0,0.0,0.0,0.0,0.0,0.0,0.0,-1.0,0.0,0.0,0.0,0.0,1.0,0.0,0.0,0.0,0.0,0.0,0.0,0.0
SBUX,Bear Put Spread,-84.06,351.0,299.0,351.0,37.67,62.1,-0.23948717948717949,-41.0,0.9999999999999996,-1.9999999999999991,1.0000000000000002,-1.0,0.0,0.0,0.0,0.0,0.0,0.0,0.0,0.0,0.0,0.0,0.0,0.0,0.0,0.0,0.0,0.0,0.0,0.0,0.0,0.0,0.0,-1.0,0.0,0.0,0.0,0.0,0.0,0.0,0.0,0.0,0.0,0.0,0.0,0.0,1.0,0.0,0.0,0.0
SBUX,Bear Put Spread,-37.02,151.0,199.0,151.0,33.55,66.22,-0.24516556291390731,-23.0,1.0000000000000009,-0.9999999999999996,0.9999999999999996,0.0,0.0,0.0,0.0,0.0,0.0,0.0,0.0,0.0,0.0,0.0,0.0,0.0,0.0,0.0,0.0,0.0,0.0,0.0,0.0,0.0,0.0,0.0,-1.0,0.0,0.0,0.0,0.0,0.0,0.0,1.0,0.0,0.0,0.0,0.0,0.0,0.0,0.0,0.0
SBUX,Bear Put Spread,-76.85,311.0,289.0,311.0,36.83,62.94,-0.24710610932475882,-39.0,0.9999999999999996,-1.9999999999999991,1.0000000000000002,-1.0,0.0,0.0,0.0,0.0,0.0,0.0,0.0,0.0,0.0,0.0,0.0,0.0,0.0,0.0,0.0,0.0,0.0,0.0,0.0,0.0,0.0,-1.0,0.0,0.0,0.0,0.0,0.0,0.0,0.0,0.0,0.0,0.0,0.0,1.0,0.0,0.0,0.0,0.0
SBUX,Bear Put Spread,-24.37,98.0,52.0,98.0,47.12,52.65,-0.24867346938775511,-9.999999999999998,0.0,0.0,0.0,-1.0,0.0,0.0,0.0,0.0,0.0,0.0,0.0,0.0,0.0,0.0,0.0,0.0,0.0,0.0,0.0,0.0,0.0,0.0,0.0,0.0,0.0,0.0,0.0,0.0,0.0,0.0,0.0,0.0,-1.0,0.0,0.0,1.0,0.0,0.0,0.0,0.0,0.0,0.0
SBUX,Bear Put Spread,-36.29,145.0,5.0,145.0,67.53,32.24,-0.2502758620689655,-6.999999999999995,-0.9999999999999996,0.9999999999999996,0.0,0.0,0.0,0.0,0.0,0.0,0.0,0.0,0.0,0.0,0.0,0.0,0.0,0.0,0.0,0.0,0.0,0.0,0.0,0.0,0.0,0.0,0.0,0.0,0.0,0.0,0.0,0.0,0.0,0.0,0.0,0.0,0.0,0.0,0.0,0.0,-1.0,0.0,1.0,0.0
SBUX,Bear Put Spread,-46.09,184.0,316.0,184.0,31.17,68.6,-0.2504891304347826,-30.000000000000004,2.0000000000000004,-1.9999999999999991,1.9999999999999998,0.0,0.0,0.0,0.0,0.0,0.0,0.0,0.0,0.0,0.0,0.0,0.0,0.0,0.0,0.0,0.0,0.0,0.0,0.0,0.0,-1.0,0.0,0.0,0.0,0.0,0.0,0.0,0.0,0.0,0.0,1.0,0.0,0.0,0.0,0.0,0.0,0.0,0.0,0.0
SBUX,Bear Put Spread,-43.86,175.0,275.0,175.0,31.96,67.82,-0.2506285714285714,-28.000000000000004,2.0000000000000004,-1.9999999999999991,1.9999999999999998,0.0,0.0,0.0,0.0,0.0,0.0,0.0,0.0,0.0,0.0,0.0,0.0,0.0,0.0,0.0,0.0,0.0,0.0,0.0,0.0,0.0,-1.0,0.0,0.0,0.0,0.0,0.0,0.0,0.0,0.0,1.0,0.0,0.0,0.0,0.0,0.0,0.0,0.0,0.0
SBUX,Bear Put Spread,-34.74,138.0,162.0,138.0,35.18,64.6,-0.25173913043478263,-20.0,1.0000000000000009,-0.9999999999999996,0.9999999999999996,0.0,0.0,0.0,0.0,0.0,0.0,0.0,0.0,0.0,0.0,0.0,0.0,0.0,0.0,0.0,0.0,0.0,0.0,0.0,0.0,0.0,0.0,0.0,0.0,-1.0,0.0,0.0,0.0,0.0,0.0,1.0,0.0,0.0,0.0,0.0,0.0,0.0,0.0,0.0
SBUX,Bear Put Spread,-28.77,114.0,86.0,114.0,41.07,58.71,-0.2523684210526316,-14.000000000000002,0.0,0.0,0.0,-1.0,0.0,0.0,0.0,0.0,0.0,0.0,0.0,0.0,0.0,0.0,0.0,0.0,0.0,0.0,0.0,0.0,0.0,0.0,0.0,0.0,0.0,0.0,0.0,0.0,0.0,0.0,-1.0,0.0,0.0,0.0,1.0,0.0,0.0,0.0,0.0,0.0,0.0,0.0
SBUX,Bear Put Spread,-20.32,80.0,20.0,80.0,57.39,42.38,-0.254,-7.000000000000006,-1.0000000000000009,0.0,-0.9999999999999996,0.0,0.0,0.0,0.0,0.0,0.0,0.0,0.0,0.0,0.0,0.0,0.0,0.0,0.0,0.0,0.0,0.0,0.0,0.0,0.0,0.0,0.0,0.0,0.0,0.0,0.0,0.0,0.0,0.0,0.0,0.0,0.0,-1.0,0.0,1.0,0.0,0.0,0.0,0.0
SBUX,Bear Put Spread,-31.1,122.0,128.0,122.0,36.0,63.77,-0.25491803278688524,-17.0,1.0000000000000009,0.0,0.9999999999999996,0.0,0.0,0.0,0.0,0.0,0.0,0.0,0.0,0.0,0.0,0.0,0.0,0.0,0.0,0.0,0.0,0.0,0.0,0.0,0.0,0.0,0.0,0.0,0.0,0.0,-1.0,0.0,0.0,0.0,0.0,1.0,0.0,0.0,0.0,0.0,0.0,0.0,0.0,0.0
SBUX,Bear Put Spread,-25.89,99.99999999999994,5.684341886080802e-14,99.99999999999994,70.99,28.78,-0.25890000000000013,-4.0000000000000036,-0.9999999999999996,0.9999999999999996,0.0,0.0,0.0,0.0,0.0,0.0,0.0,0.0,0.0,0.0,0.0,0.0,0.0,0.0,0.0,0.0,0.0,0.0,0.0,0.0,0.0,0.0,0.0,0.0,0.0,0.0,0.0,0.0,0.0,0.0,0.0,0.0,0.0,0.0,0.0,0.0,0.0,-1.0,1.0,0.0
SBUX,Bear Put Spread,-19.47,75.0,25.0,75.0,53.17,46.6,-0.2596,-5.999999999999995,0.0,0.0,-0.9999999999999996,0.0,0.0,0.0,0.0,0.0,0.0,0.0,0.0,0.0,0.0,0.0,0.0,0.0,0.0,0.0,0.0,0.0,0.0,0.0,0.0,0.0,0.0,0.0,0.0,0.0,0.0,0.0,0.0,0.0,0.0,0.0,-1.0,0.0,1.0,0.0,0.0,0.0,0.0,0.0
SBUX,Bear Put Spread,-27.24,104.0,96.0,104.0,37.67,62.1,-0.2619230769230769,-14.000000000000002,1.0000000000000009,0.0,0.9999999999999996,0.0,0.0,0.0,0.0,0.0,0.0,0.0,0.0,0.0,0.0,0.0,0.0,0.0,0.0,0.0,0.0,0.0,0.0,0.0,0.0,0.0,0.0,0.0,0.0,0.0,0.0,-1.0,0.0,0.0,0.0,1.0,0.0,0.0,0.0,0.0,0.0,0.0,0.0,0.0
SBUX,Bear Put Spread,-72.69,276.0,274.0,276.0,36.0,63.77,-0.2633695652173913,-35.0,2.0000000000000004,-1.9999999999999991,1.0000000000000002,-1.0,0.0,0.0,0.0,0.0,0.0,0.0,0.0,0.0,0.0,0.0,0.0,0.0,0.0,0.0,0.0,0.0,0.0,0.0,0.0,0.0,0.0,-1.0,0.0,0.0,0.0,0.0,0.0,0.0,0.0,0.0,0.0,0.0,1.0,0.0,0.0,0.0,0.0,0.0
SBUX,Bear Put Spread,-24.86,92.0,58.0,92.0,42.79,56.99,-0.2702173913043478,-10.000000000000004,0.0,0.0,0.0,-1.0,0.0,0.0,0.0,0.0,0.0,0.0,0.0,0.0,0.0,0.0,0.0,0.0,0.0,0.0,0.0,0.0,0.0,0.0,0.0,0.0,0.0,0.0,0.0,0.0,0.0,0.0,0.0,-1.0,0.0,0.0,1.0,0.0,0.0,0.0,0.0,0.0,0.0,0.0
SBUX,Bear Put Spread,-34.38,125.99999999999997,174.00000000000003,125.99999999999997,31.96,67.82,-0.27285714285714296,-18.999999999999993,1.0000000000000009,-0.9999999999999996,0.9999999999999996,0.0,0.0,0.0,0.0,0.0,0.0,0.0,0.0,0.0,0.0,0.0,0.0,0.0,0.0,0.0,0.0,0.0,0.0,0.0,0.0,0.0,0.0,0.0,-1.0,0.0,0.0,0.0,0.0,0.0,1.0,0.0,0.0,0.0,0.0,0.0,0.0,0.0,0.0,0.0
SBUX,Bear Put Spread,-43.45,158.99999999999997,291.0,158.99999999999997,29.63,70.14,-0.2732704402515724,-26.0,2.0000000000000004,-1.9999999999999991,1.9999999999999998,0.0,0.0,0.0,0.0,0.0,0.0,0.0,0.0,0.0,0.0,0.0,0.0,0.0,0.0,0.0,0.0,0.0,0.0,0.0,0.0,-1.0,0.0,0.0,0.0,0.0,0.0,0.0,0.0,0.0,1.0,0.0,0.0,0.0,0.0,0.0,0.0,0.0,0.0,0.0
SBUX,Bear Put Spread,-41.22,149.99999999999997,250.00000000000003,149.99999999999997,30.4,69.38,-0.27480000000000004,-23.999999999999996,2.0000000000000004,-1.9999999999999991,1.9999999999999998,0.0,0.0,0.0,0.0,0.0,0.0,0.0,0.0,0.0,0.0,0.0,0.0,0.0,0.0,0.0,0.0,0.0,0.0,0.0,0.0,0.0,-1.0,0.0,0.0,0.0,0.0,0.0,0.0,0.0,1.0,0.0,0.0,0.0,0.0,0.0,0.0,0.0,0.0,0.0
SBUX,Bear Put Spread,-32.1,112.99999999999997,137.00000000000003,112.99999999999997,32.75,67.02,-0.2840707964601771,-15.999999999999998,1.0000000000000009,-0.9999999999999996,0.9999999999999996,0.0,0.0,0.0,0.0,0.0,0.0,0.0,0.0,0.0,0.0,0.0,0.0,0.0,0.0,0.0,0.0,0.0,0.0,0.0,0.0,0.0,0.0,0.0,0.0,-1.0,0.0,0.0,0.0,0.0,1.0,0.0,0.0,0.0,0.0,0.0,0.0,0.0,0.0,0.0
SBUX,Bear Put Spread,-24.31,85.0,65.0,85.0,39.36,60.42,-0.286,-10.999999999999998,0.0,0.0,0.0,0.0,0.0,0.0,0.0,0.0,0.0,0.0,0.0,0.0,0.0,0.0,0.0,0.0,0.0,0.0,0.0,0.0,0.0,0.0,0.0,0.0,0.0,0.0,0.0,0.0,0.0,0.0,-1.0,0.0,0.0,1.0,0.0,0.0,0.0,0.0,0.0,0.0,0.0,0.0
SBUX,Bear Put Spread,-38.65,133.99999999999997,266.0,133.99999999999997,27.39,72.38,-0.2884328358208956,-23.0,2.0000000000000004,-1.9999999999999991,1.9999999999999998,0.0,0.0,0.0,0.0,0.0,0.0,0.0,0.0,0.0,0.0,0.0,0.0,0.0,0.0,0.0,0.0,0.0,0.0,0.0,0.0,-1.0,0.0,0.0,0.0,0.0,0.0,0.0,0.0,1.0,0.0,0.0,0.0,0.0,0.0,0.0,0.0,0.0,0.0,0.0
SBUX,Bear Put Spread,-27.59,95.0,5.0,95.0,63.81,35.97,-0.29042105263157897,-4.999999999999993,0.0,0.0,0.0,0.0,0.0,0.0,0.0,0.0,0.0,0.0,0.0,0.0,0.0,0.0,0.0,0.0,0.0,0.0,0.0,0.0,0.0,0.0,0.0,0.0,0.0,0.0,0.0,0.0,0.0,0.0,0.0,0.0,0.0,0.0,0.0,0.0,0.0,-1.0,0.0,1.0,0.0,0.0
SBUX,Bear Put Spread,-71.5,246.0,254.0,246.0,34.36,65.41,-0.29065040650406504,-31.999999999999996,2.0000000000000004,-1.9999999999999991,1.9999999999999998,-1.0,0.0,0.0,0.0,0.0,0.0,0.0,0.0,0.0,0.0,0.0,0.0,0.0,0.0,0.0,0.0,0.0,0.0,0.0,0.0,0.0,0.0,-1.0,0.0,0.0,0.0,0.0,0.0,0.0,0.0,0.0,0.0,1.0,0.0,0.0,0.0,0.0,0.0,0.0
SBUX,Bear Put Spread,-36.43,124.99999999999997,225.00000000000003,124.99999999999997,28.13,71.65,-0.2914400000000001,-21.0,2.0000000000000004,-1.9999999999999991,1.9999999999999998,0.0,0.0,0.0,0.0,0.0,0.0,0.0,0.0,0.0,0.0,0.0,0.0,0.0,0.0,0.0,0.0,0.0,0.0,0.0,0.0,0.0,-1.0,0.0,0.0,0.0,0.0,0.0,0.0,1.0,0.0,0.0,0.0,0.0,0.0,0.0,0.0,0.0,0.0,0.0
SBUX,Bear Put Spread,-26.34,90.0,10.0,90.0,60.66,39.11,-0.2926666666666667,-6.000000000000005,-1.0000000000000009,0.0,0.0,0.0,0.0,0.0,0.0,0.0,0.0,0.0,0.0,0.0,0.0,0.0,0.0,0.0,0.0,0.0,0.0,0.0,0.0,0.0,0.0,0.0,0.0,0.0,0.0,0.0,0.0,0.0,0.0,0.0,0.0,0.0,0.0,0.0,-1.0,0.0,1.0,0.0,0.0,0.0
SBUX,Bear Put Spread,-29.59,100.99999999999997,149.00000000000003,100.99999999999997,29.63,70.14,-0.29297029702970306,-15.999999999999998,1.0000000000000009,-0.9999999999999996,0.9999999999999996,0.0,0.0,0.0,0.0,0.0,0.0,0.0,0.0,0.0,0.0,0.0,0.0,0.0,0.0,0.0,0.0,0.0,0.0,0.0,0.0,0.0,0.0,0.0,-1.0,0.0,0.0,0.0,0.0,1.0,0.0,0.0,0.0,0.0,0.0,0.0,0.0,0.0,0.0,0.0
SBUX,Bear Put Spread,-28.46,96.99999999999997,103.00000000000003,96.99999999999997,34.36,65.41,-0.2934020618556702,-12.999999999999995,1.0000000000000009,0.0,0.9999999999999996,0.0,0.0,0.0,0.0,0.0,0.0,0.0,0.0,0.0,0.0,0.0,0.0,0.0,0.0,0.0,0.0,0.0,0.0,0.0,0.0,0.0,0.0,0.0,0.0,0.0,-1.0,0.0,0.0,0.0,1.0,0.0,0.0,0.0,0.0,0.0,0.0,0.0,0.0,0.0
SBUX,Bear Put Spread,-21.73,73.0,27.0,73.0,48.86,50.91,-0.2976712328767123,-5.999999999999995,0.0,0.0,0.0,-1.0,0.0,0.0,0.0,0.0,0.0,0.0,0.0,0.0,0.0,0.0,0.0,0.0,0.0,0.0,0.0,0.0,0.0,0.0,0.0,0.0,0.0,0.0,0.0,0.0,0.0,0.0,0.0,0.0,0.0,-1.0,0.0,1.0,0.0,0.0,0.0,0.0,0.0,0.0
SBUX,Bear Put Spread,-27.31,87.99999999999997,112.00000000000003,87.99999999999997,31.17,68.6,-0.31034090909090917,-13.0,1.0000000000000009,-0.9999999999999996,0.9999999999999996,0.0,0.0,0.0,0.0,0.0,0.0,0.0,0.0,0.0,0.0,0.0,0.0,0.0,0.0,0.0,0.0,0.0,0.0,0.0,0.0,0.0,0.0,0.0,0.0,-1.0,0.0,0.0,0.0,1.0,0.0,0.0,0.0,0.0,0.0,0.0,0.0,0.0,0.0,0.0
SBUX,Bear Put Spread,-24.6,78.99999999999997,71.00000000000003,78.99999999999997,36.0,63.77,-0.31139240506329124,-9.999999999999998,1.0000000000000009,0.0,0.9999999999999996,0.0,0.0,0.0,0.0,0.0,0.0,0.0,0.0,0.0,0.0,0.0,0.0,0.0,0.0,0.0,0.0,0.0,0.0,0.0,0.0,0.0,0.0,0.0,0.0,0.0,0.0,-1.0,0.0,0.0,1.0,0.0,0.0,0.0,0.0,0.0,0.0,0.0,0.0,0.0
SBUX,Bear Put Spread,-35.74,113.0,237.0,113.0,25.25,74.52,-0.31628318584070797,-19.000000000000004,2.0000000000000004,-1.9999999999999991,1.9999999999999998,0.0,0.0,0.0,0.0,0.0,0.0,0.0,0.0,0.0,0.0,0.0,0.0,0.0,0.0,0.0,0.0,0.0,0.0,0.0,0.0,-1.0,0.0,0.0,0.0,0.0,0.0,0.0,1.0,0.0,0.0,0.0,0.0,0.0,0.0,0.0,0.0,0.0,0.0,0.0
SBUX,Bear Put Spread,-69.19,217.0,233.0,217.0,32.75,67.02,-0.3188479262672811,-29.000000000000004,2.0000000000000004,-1.9999999999999991,1.9999999999999998,-1.0,0.0,0.0,0.0,0.0,0.0,0.0,0.0,0.0,0.0,0.0,0.0,0.0,0.0,0.0,0.0,0.0,0.0,0.0,0.0,0.0,0.0,-1.0,0.0,0.0,0.0,0.0,0.0,0.0,0.0,0.0,1.0,0.0,0.0,0.0,0.0,0.0,0.0,0.0
SBUX,Bear Put Spread,-22.07,69.0,31.0,69.0,45.39,54.39,-0.3198550724637681,-7.000000000000006,0.0,0.0,0.0,-1.0,0.0,0.0,0.0,0.0,0.0,0.0,0.0,0.0,0.0,0.0,0.0,0.0,0.0,0.0,0.0,0.0,0.0,0.0,0.0,0.0,0.0,0.0,0.0,0.0,0.0,0.0,0.0,0.0,-1.0,0.0,1.0,0.0,0.0,0.0,0.0,0.0,0.0,0.0
SBUX,Bear Put Spread,-33.52,104.0,196.0,104.0,25.95,73.82,-0.32230769230769235,-17.0,2.0000000000000004,-1.9999999999999991,1.9999999999999998,0.0,0.0,0.0,0.0,0.0,0.0,0.0,0.0,0.0,0.0,0.0,0.0,0.0,0.0,0.0,0.0,0.0,0.0,0.0,0.0,0.0,-1.0,0.0,0.0,0.0,0.0,0.0,1.0,0.0,0.0,0.0,0.0,0.0,0.0,0.0,0.0,0.0,0.0,0.0
SBUX,Bear Put Spread,-20.4,63.0,37.0,63.0,41.07,58.71,-0.32380952380952377,-7.000000000000001,0.0,0.0,0.0,0.0,0.0,0.0,0.0,0.0,0.0,0.0,0.0,0.0,0.0,0.0,0.0,0.0,0.0,0.0,0.0,0.0,0.0,0.0,0.0,0.0,0.0,0.0,0.0,0.0,0.0,0.0,0.0,-1.0,0.0,1.0,0.0,0.0,0.0,0.0,0.0,0.0,0.0,0.0
SBUX,Bear Put Spread,-23.66,71.99999999999997,78.00000000000003,71.99999999999997,31.96,67.82,-0.32861111111111124,-9.999999999999998,1.0000000000000009,0.0,0.9999999999999996,0.0,0.0,0.0,0.0,0.0,0.0,0.0,0.0,0.0,0.0,0.0,0.0,0.0,0.0,0.0,0.0,0.0,0.0,0.0,0.0,0.0,0.0,0.0,0.0,0.0,-1.0,0.0,0.0,1.0,0.0,0.0,0.0,0.0,0.0,0.0,0.0,0.0,0.0,0.0
SBUX,Bear Put Spread,-26.68,80.0,120.0,80.0,28.13,71.65,-0.3335,-12.0,1.0000000000000009,-0.9999999999999996,0.9999999999999996,0.0,0.0,0.0,0.0,0.0,0.0,0.0,0.0,0.0,0.0,0.0,0.0,0.0,0.0,0.0,0.0,0.0,0.0,0.0,0.0,0.0,0.0,0.0,-1.0,0.0,0.0,0.0,1.0,0.0,0.0,0.0,0.0,0.0,0.0,0.0,0.0,0.0,0.0,0.0
SBUX,Bear Put Spread,-30.81,92.0,208.0,92.0,23.22,76.55,-0.33489130434782605,-16.0,0.9999999999999996,-1.9999999999999991,1.0000000000000002,0.0,0.0,0.0,0.0,0.0,0.0,0.0,0.0,0.0,0.0,0.0,0.0,0.0,0.0,0.0,0.0,0.0,0.0,0.0,0.0,-1.0,0.0,0.0,0.0,0.0,0.0,1.0,0.0,0.0,0.0,0.0,0.0,0.0,0.0,0.0,0.0,0.0,0.0,0.0
SBUX,Bear Put Spread,-64.73,188.0,212.0,188.0,31.17,68.6,-0.34430851063829787,-26.0,2.0000000000000004,-1.9999999999999991,1.9999999999999998,0.0,0.0,0.0,0.0,0.0,0.0,0.0,0.0,0.0,0.0,0.0,0.0,0.0,0.0,0.0,0.0,0.0,0.0,0.0,0.0,0.0,0.0,-1.0,0.0,0.0,0.0,0.0,0.0,0.0,0.0,1.0,0.0,0.0,0.0,0.0,0.0,0.0,0.0,0.0
SBUX,Bear Put Spread,-28.59,83.0,167.0,83.0,23.88,75.89,-0.3444578313253012,-13.999999999999998,0.9999999999999996,-1.9999999999999991,1.0000000000000002,0.0,0.0,0.0,0.0,0.0,0.0,0.0,0.0,0.0,0.0,0.0,0.0,0.0,0.0,0.0,0.0,0.0,0.0,0.0,0.0,0.0,-1.0,0.0,0.0,0.0,0.0,1.0,0.0,0.0,0.0,0.0,0.0,0.0,0.0,0.0,0.0,0.0,0.0,0.0
SBUX,Bear Put Spread,-25.96,73.0,177.0,73.0,21.3,78.48,-0.3556164383561644,-13.000000000000004,0.9999999999999996,-1.9999999999999991,1.0000000000000002,0.0,0.0,0.0,0.0,0.0,0.0,0.0,0.0,0.0,0.0,0.0,0.0,0.0,0.0,0.0,0.0,0.0,0.0,0.0,0.0,-1.0,0.0,0.0,0.0,0.0,1.0,0.0,0.0,0.0,0.0,0.0,0.0,0.0,0.0,0.0,0.0,0.0,0.0,0.0
SBUX,Bear Put Spread,-16.16,45.0,5.0,45.0,55.72,44.05,-0.3591111111111111,-3.0000000000000027,0.0,0.0,-0.9999999999999996,0.0,0.0,0.0,0.0,0.0,0.0,0.0,0.0,0.0,0.0,0.0,0.0,0.0,0.0,0.0,0.0,0.0,0.0,0.0,0.0,0.0,0.0,0.0,0.0,0.0,0.0,0.0,0.0,0.0,0.0,0.0,0.0,-1.0,1.0,0.0,0.0,0.0,0.0,0.0
SBUX,Bear Put Spread,-21.67,59.99999999999997,40.00000000000003,59.99999999999997,37.67,62.1,-0.36116666666666686,-6.999999999999995,0.0,0.0,0.0,0.0,0.0,0.0,0.0,0.0,0.0,0.0,0.0,0.0,0.0,0.0,0.0,0.0,0.0,0.0,0.0,0.0,0.0,0.0,0.0,0.0,0.0,0.0,0.0,0.0,0.0,0.0,-1.0,0.0,1.0,0.0,0.0,0.0,0.0,0.0,0.0,0.0,0.0,0.0
SBUX,Bear Put Spread,-24.4,67.0,83.0,67.0,28.87,70.9,-0.3641791044776119,-9.000000000000002,1.0000000000000009,-0.9999999999999996,0.9999999999999996,0.0,0.0,0.0,0.0,0.0,0.0,0.0,0.0,0.0,0.0,0.0,0.0,0.0,0.0,0.0,0.0,0.0,0.0,0.0,0.0,0.0,0.0,0.0,0.0,-1.0,0.0,0.0,1.0,0.0,0.0,0.0,0.0,0.0,0.0,0.0,0.0,0.0,0.0,0.0
SBUX,Bear Put Spread,-19.81,53.99999999999997,46.00000000000003,53.99999999999997,33.55,66.22,-0.36685185185185204,-7.000000000000001,1.0000000000000009,0.0,0.9999999999999996,0.0,0.0,0.0,0.0,0.0,0.0,0.0,0.0,0.0,0.0,0.0,0.0,0.0,0.0,0.0,0.0,0.0,0.0,0.0,0.0,0.0,0.0,0.0,0.0,0.0,0.0,-1.0,0.0,1.0,0.0,0.0,0.0,0.0,0.0,0.0,0.0,0.0,0.0,0.0
SBUX,Bear Put Spread,-21.75,59.0,91.0,59.0,25.95,73.82,-0.3686440677966102,-8.999999999999996,0.0,-0.9999999999999996,0.0,0.0,0.0,0.0,0.0,0.0,0.0,0.0,0.0,0.0,0.0,0.0,0.0,0.0,0.0,0.0,0.0,0.0,0.0,0.0,0.0,0.0,0.0,0.0,-1.0,0.0,0.0,1.0,0.0,0.0,0.0,0.0,0.0,0.0,0.0,0.0,0.0,0.0,0.0,0.0
SBUX,Bear Put Spread,-23.74,64.0,136.0,64.0,21.92,77.85,-0.3709375,-11.000000000000002,0.9999999999999996,-1.9999999999999991,1.0000000000000002,0.0,0.0,0.0,0.0,0.0,0.0,0.0,0.0,0.0,0.0,0.0,0.0,0.0,0.0,0.0,0.0,0.0,0.0,0.0,0.0,0.0,-1.0,0.0,0.0,0.0,1.0,0.0,0.0,0.0,0.0,0.0,0.0,0.0,0.0,0.0,0.0,0.0,0.0,0.0
SBUX,Bear Put Spread,-62.09,162.99999999999997,187.00000000000003,162.99999999999997,28.87,70.9,-0.3809202453987731,-21.999999999999996,2.0000000000000004,-1.9999999999999991,1.9999999999999998,0.0,0.0,0.0,0.0,0.0,0.0,0.0,0.0,0.0,0.0,0.0,0.0,0.0,0.0,0.0,0.0,0.0,0.0,0.0,0.0,0.0,0.0,-1.0,0.0,0.0,0.0,0.0,0.0,0.0,1.0,0.0,0.0,0.0,0.0,0.0,0.0,0.0,0.0,0.0
SBUX,Bear Put Spread,-23.32,58.0,142.0,58.0,19.49,80.28,-0.40206896551724136,-10.0,0.9999999999999996,-0.9999999999999996,1.0000000000000002,0.0,0.0,0.0,0.0,0.0,0.0,0.0,0.0,0.0,0.0,0.0,0.0,0.0,0.0,0.0,0.0,0.0,0.0,0.0,0.0,-1.0,0.0,0.0,0.0,1.0,0.0,0.0,0.0,0.0,0.0,0.0,0.0,0.0,0.0,0.0,0.0,0.0,0.0,0.0
SBUX,Bear Put Spread,-18.27,45.0,5.0,45.0,51.46,48.32,-0.40599999999999997,-2.9999999999999916,0.0,0.0,0.0,0.0,0.0,0.0,0.0,0.0,0.0,0.0,0.0,0.0,0.0,0.0,0.0,0.0,0.0,0.0,0.0,0.0,0.0,0.0,0.0,0.0,0.0,0.0,0.0,0.0,0.0,0.0,0.0,0.0,0.0,0.0,-1.0,1.0,0.0,0.0,0.0,0.0,0.0,0.0
SBUX,Bear Put Spread,-20.76,51.0,49.0,51.0,29.63,70.14,-0.4070588235294118,-6.0,1.0000000000000009,0.0,0.9999999999999996,0.0,0.0,0.0,0.0,0.0,0.0,0.0,0.0,0.0,0.0,0.0,0.0,0.0,0.0,0.0,0.0,0.0,0.0,0.0,0.0,0.0,0.0,0.0,0.0,0.0,-1.0,0.0,1.0,0.0,0.0,0.0,0.0,0.0,0.0,0.0,0.0,0.0,0.0,0.0
SBUX,Bear Put Spread,-57.3,137.99999999999997,162.00000000000003,137.99999999999997,27.39,72.38,-0.41521739130434787,-19.0,2.0000000000000004,-1.9999999999999991,1.9999999999999998,0.0,0.0,0.0,0.0,0.0,0.0,0.0,0.0,0.0,0.0,0.0,0.0,0.0,0.0,0.0,0.0,0.0,0.0,0.0,0.0,0.0,0.0,-1.0,0.0,0.0,0.0,0.0,0.0,1.0,0.0,0.0,0.0,0.0,0.0,0.0,0.0,0.0,0.0,0.0
SBUX,Bear Put Spread,-16.9,40.0,60.0,40.0,23.88,75.89,-0.4225,-6.0,0.0,-0.9999999999999996,0.0,0.0,0.0,0.0,0.0,0.0,0.0,0.0,0.0,0.0,0.0,0.0,0.0,0.0,0.0,0.0,0.0,0.0,0.0,0.0,0.0,0.0,0.0,0.0,-1.0,0.0,1.0,0.0,0.0,0.0,0.0,0.0,0.0,0.0,0.0,0.0,0.0,0.0,0.0,0.0
SBUX,Bear Put Spread,-19.47,46.0,54.0,46.0,26.67,73.11,-0.42326086956521736,-6.0,0.0,-0.9999999999999996,0.0,0.0,0.0,0.0,0.0,0.0,0.0,0.0,0.0,0.0,0.0,0.0,0.0,0.0,0.0,0.0,0.0,0.0,0.0,0.0,0.0,0.0,0.0,0.0,0.0,-1.0,0.0,1.0,0.0,0.0,0.0,0.0,0.0,0.0,0.0,0.0,0.0,0.0,0.0,0.0
SBUX,Bear Put Spread,-21.09,49.0,101.0,49.0,20.08,79.69,-0.4304081632653061,-7.999999999999999,0.9999999999999996,-0.9999999999999996,1.0000000000000002,0.0,0.0,0.0,0.0,0.0,0.0,0.0,0.0,0.0,0.0,0.0,0.0,0.0,0.0,0.0,0.0,0.0,0.0,0.0,0.0,0.0,-1.0,0.0,0.0,1.0,0.0,0.0,0.0,0.0,0.0,0.0,0.0,0.0,0.0,0.0,0.0,0.0,0.0,0.0
SBUX,Bear Put Spread,-17.61,40.0,10.0,40.0,43.65,56.12,-0.44025,-4.0000000000000036,0.0,0.0,0.0,0.0,0.0,0.0,0.0,0.0,0.0,0.0,0.0,0.0,0.0,0.0,0.0,0.0,0.0,0.0,0.0,0.0,0.0,0.0,0.0,0.0,0.0,0.0,0.0,0.0,0.0,0.0,0.0,0.0,-1.0,1.0,0.0,0.0,0.0,0.0,0.0,0.0,0.0,0.0
SBUX,Bear Put Spread,-19.43,44.0,6.0,44.0,47.12,52.65,-0.4415909090909091,-3.0000000000000027,0.0,0.0,0.0,-1.0,0.0,0.0,0.0,0.0,0.0,0.0,0.0,0.0,0.0,0.0,0.0,0.0,0.0,0.0,0.0,0.0,0.0,0.0,0.0,0.0,0.0,0.0,0.0,0.0,0.0,0.0,0.0,0.0,0.0,-1.0,1.0,0.0,0.0,0.0,0.0,0.0,0.0,0.0
SBUX,Bear Put Spread,-54.39,117.0,133.0,117.0,25.25,74.52,-0.46487179487179486,-15.000000000000002,2.0000000000000004,-1.9999999999999991,1.9999999999999998,0.0,0.0,0.0,0.0,0.0,0.0,0.0,0.0,0.0,0.0,0.0,0.0,0.0,0.0,0.0,0.0,0.0,0.0,0.0,0.0,0.0,0.0,-1.0,0.0,0.0,0.0,0.0,1.0,0.0,0.0,0.0,0.0,0.0,0.0,0.0,0.0,0.0,0.0,0.0
SBUX,Bear Put Spread,-17.76,37.99999999999997,12.000000000000028,37.99999999999997,39.36,60.42,-0.467368421052632,-2.9999999999999973,0.0,0.0,0.0,0.0,0.0,0.0,0.0,0.0,0.0,0.0,0.0,0.0,0.0,0.0,0.0,0.0,0.0,0.0,0.0,0.0,0.0,0.0,0.0,0.0,0.0,0.0,0.0,0.0,0.0,0.0,0.0,-1.0,1.0,0.0,0.0,0.0,0.0,0.0,0.0,0.0,0.0,0.0
SBUX,Bear Put Spread,-22.03,46.0,104.0,46.0,17.27,82.51,-0.4789130434782609,-7.0000000000000036,0.9999999999999996,-0.9999999999999996,1.0000000000000002,0.0,0.0,0.0,0.0,0.0,0.0,0.0,0.0,0.0,0.0,0.0,0.0,0.0,0.0,0.0,0.0,0.0,0.0,0.0,0.0,-1.0,0.0,0.0,1.0,0.0,0.0,0.0,0.0,0.0,0.0,0.0,0.0,0.0,0.0,0.0,0.0,0.0,0.0,0.0
SBUX,Bear Put Spread,-16.88,34.99999999999997,15.000000000000028,34.99999999999997,35.18,64.6,-0.48228571428571465,-3.9999999999999982,0.0,0.0,0.0,0.0,0.0,0.0,0.0,0.0,0.0,0.0,0.0,0.0,0.0,0.0,0.0,0.0,0.0,0.0,0.0,0.0,0.0,0.0,0.0,0.0,0.0,0.0,0.0,0.0,0.0,0.0,-1.0,1.0,0.0,0.0,0.0,0.0,0.0,0.0,0.0,0.0,0.0,0.0
SBUX,Bear Put Spread,-16.9,33.0,17.0,33.0,31.17,68.6,-0.5121212121212121,-3.0000000000000027,1.0000000000000009,0.0,0.9999999999999996,0.0,0.0,0.0,0.0,0.0,0.0,0.0,0.0,0.0,0.0,0.0,0.0,0.0,0.0,0.0,0.0,0.0,0.0,0.0,0.0,0.0,0.0,0.0,0.0,0.0,0.0,-1.0,1.0,0.0,0.0,0.0,0.0,0.0,0.0,0.0,0.0,0.0,0.0,0.0
SBUX,Bear Put Spread,-49.46,96.0,104.0,96.0,23.22,76.55,-0.5152083333333334,-12.0,0.9999999999999996,-1.9999999999999991,1.0000000000000002,0.0,0.0,0.0,0.0,0.0,0.0,0.0,0.0,0.0,0.0,0.0,0.0,0.0,0.0,0.0,0.0,0.0,0.0,0.0,0.0,0.0,0.0,-1.0,0.0,0.0,0.0,1.0,0.0,0.0,0.0,0.0,0.0,0.0,0.0,0.0,0.0,0.0,0.0,0.0
SBUX,Bear Put Spread,-15.83,30.0,20.0,30.0,28.13,71.65,-0.5276666666666666,-2.9999999999999973,0.0,0.0,0.0,0.0,0.0,0.0,0.0,0.0,0.0,0.0,0.0,0.0,0.0,0.0,0.0,0.0,0.0,0.0,0.0,0.0,0.0,0.0,0.0,0.0,0.0,0.0,0.0,0.0,-1.0,1.0,0.0,0.0,0.0,0.0,0.0,0.0,0.0,0.0,0.0,0.0,0.0,0.0
SBUX,Bear Put Spread,-19.81,37.0,63.0,37.0,17.8,81.97,-0.5354054054054054,-5.000000000000002,0.9999999999999996,-0.9999999999999996,1.0000000000000002,0.0,0.0,0.0,0.0,0.0,0.0,0.0,0.0,0.0,0.0,0.0,0.0,0.0,0.0,0.0,0.0,0.0,0.0,0.0,0.0,0.0,-1.0,0.0,1.0,0.0,0.0,0.0,0.0,0.0,0.0,0.0,0.0,0.0,0.0,0.0,0.0,0.0,0.0,0.0
SBUX,Bear Put Spread,-14.62,27.0,23.0,27.0,24.56,75.21,-0.5414814814814815,-3.0000000000000027,0.0,-0.9999999999999996,0.0,0.0,0.0,0.0,0.0,0.0,0.0,0.0,0.0,0.0,0.0,0.0,0.0,0.0,0.0,0.0,0.0,0.0,0.0,0.0,0.0,0.0,0.0,0.0,0.0,-1.0,1.0,0.0,0.0,0.0,0.0,0.0,0.0,0.0,0.0,0.0,0.0,0.0,0.0,0.0
SBUX,Bear Put Spread,-14.26,25.0,25.0,25.0,21.3,78.48,-0.5704,-2.9999999999999973,0.0,0.0,0.0,0.0,0.0,0.0,0.0,0.0,0.0,0.0,0.0,0.0,0.0,0.0,0.0,0.0,0.0,0.0,0.0,0.0,0.0,0.0,0.0,0.0,0.0,0.0,-1.0,1.0,0.0,0.0,0.0,0.0,0.0,0.0,0.0,0.0,0.0,0.0,0.0,0.0,0.0,0.0
SBUX,Bear Put Spread,-20.27,35.0,65.0,35.0,15.25,84.52,-0.5791428571428572,-4.000000000000001,0.0,0.0,0.0,0.0,0.0,0.0,0.0,0.0,0.0,0.0,0.0,0.0,0.0,0.0,0.0,0.0,0.0,0.0,0.0,0.0,0.0,0.0,0.0,-1.0,0.0,1.0,0.0,0.0,0.0,0.0,0.0,0.0,0.0,0.0,0.0,0.0,0.0,0.0,0.0,0.0,0.0,0.0
SBUX,Bear Put Spread,-44.61,77.0,73.0,77.0,21.3,78.48,-0.5793506493506494,-9.000000000000002,0.9999999999999996,-1.9999999999999991,1.0000000000000002,0.0,0.0,0.0,0.0,0.0,0.0,0.0,0.0,0.0,0.0,0.0,0.0,0.0,0.0,0.0,0.0,0.0,0.0,0.0,0.0,0.0,0.0,-1.0,0.0,0.0,1.0,0.0,0.0,0.0,0.0,0.0,0.0,0.0,0.0,0.0,0.0,0.0,0.0,0.0
SBUX,Bear Put Spread,-10.21,17.0,33.0,17.0,13.88,85.89,-0.6005882352941176,-2.0000000000000018,0.0,0.0,0.0,0.0,0.0,0.0,0.0,0.0,0.0,0.0,0.0,0.0,0.0,0.0,0.0,0.0,0.0,0.0,0.0,0.0,0.0,0.0,0.0,-1.0,1.0,0.0,0.0,0.0,0.0,0.0,0.0,0.0,0.0,0.0,0.0,0.0,0.0,0.0,0.0,0.0,0.0,0.0
SBUX,Bear Put Spread,-41.96,62.0,38.0,62.0,18.91,80.86,-0.6767741935483871,-6.0,0.9999999999999996,-0.9999999999999996,1.0000000000000002,0.0,0.0,0.0,0.0,0.0,0.0,0.0,0.0,0.0,0.0,0.0,0.0,0.0,0.0,0.0,0.0,0.0,0.0,0.0,0.0,0.0,0.0,-1.0,0.0,1.0,0.0,0.0,0.0,0.0,0.0,0.0,0.0,0.0,0.0,0.0,0.0,0.0,0.0,0.0
SBUX,Bear Put Spread,-18.04,26.0,24.0,26.0,15.74,84.04,-0.6938461538461538,-1.9999999999999991,0.0,0.0,0.0,0.0,0.0,0.0,0.0,0.0,0.0,0.0,0.0,0.0,0.0,0.0,0.0,0.0,0.0,0.0,0.0,0.0,0.0,0.0,0.0,0.0,-1.0,1.0,0.0,0.0,0.0,0.0,0.0,0.0,0.0,0.0,0.0,0.0,0.0,0.0,0.0,0.0,0.0,0.0
