Underlying,Name,Expected PnL,Cost of Strategy,Max_Profit,Max_Loss,Prob of Profit,Prob of Loss,Exp_Pnl/Max_Loss,Strategy_Delta,Strategy_Gamma,Strategy_Theta,Strategy_Vega,Strategy_Rho,C_122.0,C_123.0,C_124.0,C_125.0,C_126.0,C_127.0,C_128.0,C_129.0,C_130.0,C_131.0,C_132.0,C_133.0,C_134.0,C_135.0,C_136.0,C_137.0,P_122.0,P_123.0,P_124.0,P_125.0,P_126.0,P_127.0,P_128.0,P_129.0,P_130.0,P_131.0,P_132.0,P_133.0,P_134.0,P_135.0,P_136.0,P_137.0
TXN,Bear Call Spread,-71.15,-459.0,459.0,741.0,48.33,50.48,-0.09601889338731445,-61.0,-2.0000000000000004,2.0000000000000004,-2.0000000000000004,-1.9999999999999998,0.0,0.0,0.0,-1.0,0.0,0.0,0.0,0.0,0.0,0.0,0.0,0.0,0.0,0.0,0.0,1.0,0.0,0.0,0.0,0.0,0.0,0.0,0.0,0.0,0.0,0.0,0.0,0.0,0.0,0.0,0.0,0.0
TXN,Bear Call Spread,-68.87,-389.0,389.0,711.0,49.94,48.87,-0.0968635724331927,-55.99999999999999,-2.0000000000000004,3.0,-2.0000000000000004,-1.9999999999999998,0.0,0.0,0.0,0.0,-1.0,0.0,0.0,0.0,0.0,0.0,0.0,0.0,0.0,0.0,0.0,1.0,0.0,0.0,0.0,0.0,0.0,0.0,0.0,0.0,0.0,0.0,0.0,0.0,0.0,0.0,0.0,0.0
TXN,Bear Call Spread,-40.5,-93.0,93.0,407.0,65.84,32.97,-0.09950859950859951,-22.0,-2.0000000000000004,4.000000000000001,-3.0,-1.0,0.0,0.0,0.0,0.0,0.0,0.0,0.0,0.0,0.0,0.0,-1.0,0.0,0.0,0.0,0.0,1.0,0.0,0.0,0.0,0.0,0.0,0.0,0.0,0.0,0.0,0.0,0.0,0.0,0.0,0.0,0.0,0.0
TXN,Bear Call Spread,-55.08,-165.0,165.0,535.0,59.42,39.39,-0.10295327102803738,-32.99999999999999,-3.0,4.000000000000001,-4.000000000000001,-1.0,0.0,0.0,0.0,0.0,0.0,0.0,0.0,0.0,-1.0,0.0,0.0,0.0,0.0,0.0,0.0,1.0,0.0,0.0,0.0,0.0,0.0,0.0,0.0,0.0,0.0,0.0,0.0,0.0,0.0,0.0,0.0,0.0
TXN,Bear Call Spread,-70.28,-518.0,518.0,682.0,46.18,52.63,-0.10304985337243402,-61.00000000000001,0.0,0.0,0.0,-1.9999999999999998,0.0,0.0,-1.0,0.0,0.0,0.0,0.0,0.0,0.0,0.0,0.0,0.0,0.0,0.0,1.0,0.0,0.0,0.0,0.0,0.0,0.0,0.0,0.0,0.0,0.0,0.0,0.0,0.0,0.0,0.0,0.0,0.0
TXN,Bear Call Spread,-68.45,-443.0,443.0,657.0,47.79,51.02,-0.10418569254185693,-57.00000000000001,-1.0000000000000002,0.9999999999999996,-0.9999999999999996,-1.9999999999999998,0.0,0.0,0.0,-1.0,0.0,0.0,0.0,0.0,0.0,0.0,0.0,0.0,0.0,0.0,1.0,0.0,0.0,0.0,0.0,0.0,0.0,0.0,0.0,0.0,0.0,0.0,0.0,0.0,0.0,0.0,0.0,0.0
TXN,Bear Call Spread,-71.44,-319.0,319.0,681.0,51.55,47.26,-0.10490455212922173,-50.0,-2.0000000000000004,3.0,-3.0,-1.9999999999999998,0.0,0.0,0.0,0.0,0.0,-1.0,0.0,0.0,0.0,0.0,0.0,0.0,0.0,0.0,0.0,1.0,0.0,0.0,0.0,0.0,0.0,0.0,0.0,0.0,0.0,0.0,0.0,0.0,0.0,0.0,0.0,0.0
TXN,Bear Call Spread,-66.18,-373.0,373.0,627.0,49.41,49.4,-0.10555023923444977,-52.0,-1.0000000000000002,1.9999999999999991,-0.9999999999999996,-1.9999999999999998,0.0,0.0,0.0,0.0,-1.0,0.0,0.0,0.0,0.0,0.0,0.0,0.0,0.0,0.0,1.0,0.0,0.0,0.0,0.0,0.0,0.0,0.0,0.0,0.0,0.0,0.0,0.0,0.0,0.0,0.0,0.0,0.0
TXN,Bear Call Spread,-35.91,-62.0,62.0,338.0,69.09,29.72,-0.10624260355029584,-17.0,-2.0000000000000004,3.0,-3.0,0.0,0.0,0.0,0.0,0.0,0.0,0.0,0.0,0.0,0.0,0.0,0.0,-1.0,0.0,0.0,0.0,1.0,0.0,0.0,0.0,0.0,0.0,0.0,0.0,0.0,0.0,0.0,0.0,0.0,0.0,0.0,0.0,0.0
TXN,Bear Call Spread,-67.95,-498.0,498.0,602.0,45.1,53.71,-0.11287375415282393,-58.00000000000001,0.0,-0.9999999999999996,0.0,-1.9999999999999998,0.0,0.0,-1.0,0.0,0.0,0.0,0.0,0.0,0.0,0.0,0.0,0.0,0.0,1.0,0.0,0.0,0.0,0.0,0.0,0.0,0.0,0.0,0.0,0.0,0.0,0.0,0.0,0.0,0.0,0.0,0.0,0.0
TXN,Bear Call Spread,-66.12,-423.0,423.0,577.0,46.72,52.09,-0.11459272097053727,-54.0,-1.0000000000000002,0.0,-0.9999999999999996,-1.9999999999999998,0.0,0.0,0.0,-1.0,0.0,0.0,0.0,0.0,0.0,0.0,0.0,0.0,0.0,1.0,0.0,0.0,0.0,0.0,0.0,0.0,0.0,0.0,0.0,0.0,0.0,0.0,0.0,0.0,0.0,0.0,0.0,0.0
TXN,Bear Call Spread,-74.17,-254.0,254.0,646.0,53.68,45.13,-0.11481424148606811,-44.99999999999999,-3.0,4.000000000000001,-3.0,-1.0,0.0,0.0,0.0,0.0,0.0,0.0,-1.0,0.0,0.0,0.0,0.0,0.0,0.0,0.0,0.0,1.0,0.0,0.0,0.0,0.0,0.0,0.0,0.0,0.0,0.0,0.0,0.0,0.0,0.0,0.0,0.0,0.0
TXN,Bear Call Spread,-68.74,-303.0,303.0,597.0,51.02,47.79,-0.11514237855946398,-46.0,-1.0000000000000002,1.9999999999999991,-1.9999999999999991,-1.9999999999999998,0.0,0.0,0.0,0.0,0.0,-1.0,0.0,0.0,0.0,0.0,0.0,0.0,0.0,0.0,1.0,0.0,0.0,0.0,0.0,0.0,0.0,0.0,0.0,0.0,0.0,0.0,0.0,0.0,0.0,0.0,0.0,0.0
TXN,Bear Call Spread,-52.39,-149.0,149.0,451.0,58.39,40.42,-0.11616407982261641,-28.999999999999996,-1.9999999999999998,3.0,-3.0,-1.0,0.0,0.0,0.0,0.0,0.0,0.0,0.0,0.0,-1.0,0.0,0.0,0.0,0.0,0.0,1.0,0.0,0.0,0.0,0.0,0.0,0.0,0.0,0.0,0.0,0.0,0.0,0.0,0.0,0.0,0.0,0.0,0.0
TXN,Bear Call Spread,-63.85,-353.0,353.0,547.0,48.33,50.48,-0.11672760511882999,-49.0,-1.0000000000000002,0.9999999999999996,-0.9999999999999996,-1.9999999999999998,0.0,0.0,0.0,0.0,-1.0,0.0,0.0,0.0,0.0,0.0,0.0,0.0,0.0,1.0,0.0,0.0,0.0,0.0,0.0,0.0,0.0,0.0,0.0,0.0,0.0,0.0,0.0,0.0,0.0,0.0,0.0,0.0
TXN,Bear Call Spread,-37.81,-77.0,77.0,323.0,64.89,33.92,-0.11705882352941177,-18.0,-1.0000000000000002,3.0,-1.9999999999999991,-1.0,0.0,0.0,0.0,0.0,0.0,0.0,0.0,0.0,0.0,0.0,-1.0,0.0,0.0,0.0,1.0,0.0,0.0,0.0,0.0,0.0,0.0,0.0,0.0,0.0,0.0,0.0,0.0,0.0,0.0,0.0,0.0,0.0
TXN,Bear Call Spread,-71.33,-200.0,200.0,600.0,55.79,43.02,-0.11888333333333333,-39.0,-3.0,4.000000000000001,-4.000000000000001,-1.0,0.0,0.0,0.0,0.0,0.0,0.0,0.0,-1.0,0.0,0.0,0.0,0.0,0.0,0.0,0.0,1.0,0.0,0.0,0.0,0.0,0.0,0.0,0.0,0.0,0.0,0.0,0.0,0.0,0.0,0.0,0.0,0.0
TXN,Bear Call Spread,-90.65,-663.0,663.0,737.0,43.49,55.32,-0.12299864314789688,-71.0,1.0000000000000002,-3.0000000000000004,3.0000000000000004,-1.0,-1.0,0.0,0.0,0.0,0.0,0.0,0.0,0.0,0.0,0.0,0.0,0.0,0.0,0.0,1.0,0.0,0.0,0.0,0.0,0.0,0.0,0.0,0.0,0.0,0.0,0.0,0.0,0.0,0.0,0.0,0.0,0.0
TXN,Bear Call Spread,-60.99,-113.0,113.0,487.0,61.94,36.87,-0.12523613963039015,-27.0,-3.0,4.000000000000001,-4.000000000000001,-1.0,0.0,0.0,0.0,0.0,0.0,0.0,0.0,0.0,0.0,-1.0,0.0,0.0,0.0,0.0,0.0,1.0,0.0,0.0,0.0,0.0,0.0,0.0,0.0,0.0,0.0,0.0,0.0,0.0,0.0,0.0,0.0,0.0
TXN,Bear Call Spread,-91.0,-578.0,578.0,722.0,44.03,54.78,-0.1260387811634349,-67.0,0.0,-2.0000000000000004,2.0000000000000004,-1.9999999999999998,0.0,-1.0,0.0,0.0,0.0,0.0,0.0,0.0,0.0,0.0,0.0,0.0,0.0,0.0,1.0,0.0,0.0,0.0,0.0,0.0,0.0,0.0,0.0,0.0,0.0,0.0,0.0,0.0,0.0,0.0,0.0,0.0
TXN,Bear Call Spread,-56.82,-452.0,452.0,448.0,42.95,55.86,-0.12683035714285715,-48.00000000000001,1.0000000000000002,-1.9999999999999991,1.9999999999999991,-1.9999999999999998,0.0,0.0,-1.0,0.0,0.0,0.0,0.0,0.0,0.0,0.0,0.0,1.0,0.0,0.0,0.0,0.0,0.0,0.0,0.0,0.0,0.0,0.0,0.0,0.0,0.0,0.0,0.0,0.0,0.0,0.0,0.0,0.0
TXN,Bear Call Spread,-71.48,-238.0,238.0,562.0,52.62,46.19,-0.12718861209964413,-41.0,-1.9999999999999998,3.0,-1.9999999999999991,-1.0,0.0,0.0,0.0,0.0,0.0,0.0,-1.0,0.0,0.0,0.0,0.0,0.0,0.0,0.0,1.0,0.0,0.0,0.0,0.0,0.0,0.0,0.0,0.0,0.0,0.0,0.0,0.0,0.0,0.0,0.0,0.0,0.0
TXN,Bear Call Spread,-66.41,-283.0,283.0,517.0,49.94,48.87,-0.12845261121856866,-43.00000000000001,-1.0000000000000002,0.9999999999999996,-1.9999999999999991,-1.9999999999999998,0.0,0.0,0.0,0.0,0.0,-1.0,0.0,0.0,0.0,0.0,0.0,0.0,0.0,1.0,0.0,0.0,0.0,0.0,0.0,0.0,0.0,0.0,0.0,0.0,0.0,0.0,0.0,0.0,0.0,0.0,0.0,0.0
TXN,Bear Call Spread,-55.0,-377.0,377.0,423.0,44.03,54.78,-0.13002364066193853,-44.0,0.0,-0.9999999999999996,0.9999999999999996,-1.9999999999999998,0.0,0.0,0.0,-1.0,0.0,0.0,0.0,0.0,0.0,0.0,0.0,1.0,0.0,0.0,0.0,0.0,0.0,0.0,0.0,0.0,0.0,0.0,0.0,0.0,0.0,0.0,0.0,0.0,0.0,0.0,0.0,0.0
TXN,Bear Call Spread,-33.22,-46.0,46.0,254.0,68.18,30.63,-0.13078740157480315,-13.0,-1.0000000000000002,1.9999999999999991,-1.9999999999999991,0.0,0.0,0.0,0.0,0.0,0.0,0.0,0.0,0.0,0.0,0.0,0.0,-1.0,0.0,0.0,1.0,0.0,0.0,0.0,0.0,0.0,0.0,0.0,0.0,0.0,0.0,0.0,0.0,0.0,0.0,0.0,0.0,0.0
TXN,Bear Call Spread,-68.63,-184.0,184.0,516.0,55.27,43.54,-0.13300387596899224,-35.0,-1.9999999999999998,3.0,-3.0,-1.0,0.0,0.0,0.0,0.0,0.0,0.0,0.0,-1.0,0.0,0.0,0.0,0.0,0.0,0.0,1.0,0.0,0.0,0.0,0.0,0.0,0.0,0.0,0.0,0.0,0.0,0.0,0.0,0.0,0.0,0.0,0.0,0.0
TXN,Bear Call Spread,-52.72,-307.0,307.0,393.0,45.64,53.17,-0.134147582697201,-38.99999999999999,0.0,0.0,0.9999999999999996,-1.9999999999999998,0.0,0.0,0.0,0.0,-1.0,0.0,0.0,0.0,0.0,0.0,0.0,1.0,0.0,0.0,0.0,0.0,0.0,0.0,0.0,0.0,0.0,0.0,0.0,0.0,0.0,0.0,0.0,0.0,0.0,0.0,0.0,0.0
TXN,Bear Call Spread,-71.5,-468.0,468.0,532.0,43.49,55.32,-0.13439849624060152,-53.0,1.0000000000000002,-1.9999999999999991,0.9999999999999996,-1.9999999999999998,0.0,0.0,-1.0,0.0,0.0,0.0,0.0,0.0,0.0,0.0,0.0,0.0,1.0,0.0,0.0,0.0,0.0,0.0,0.0,0.0,0.0,0.0,0.0,0.0,0.0,0.0,0.0,0.0,0.0,0.0,0.0,0.0
TXN,Bear Call Spread,-88.32,-643.0,643.0,657.0,42.42,56.39,-0.13442922374429223,-68.0,1.0000000000000002,-4.0,3.0000000000000004,-1.0,-1.0,0.0,0.0,0.0,0.0,0.0,0.0,0.0,0.0,0.0,0.0,0.0,0.0,1.0,0.0,0.0,0.0,0.0,0.0,0.0,0.0,0.0,0.0,0.0,0.0,0.0,0.0,0.0,0.0,0.0,0.0,0.0
TXN,Bear Call Spread,-50.06,-129.0,129.0,371.0,57.36,41.45,-0.13493261455525607,-26.0,-1.9999999999999998,2.0000000000000004,-3.0,-1.0,0.0,0.0,0.0,0.0,0.0,0.0,0.0,0.0,-1.0,0.0,0.0,0.0,0.0,1.0,0.0,0.0,0.0,0.0,0.0,0.0,0.0,0.0,0.0,0.0,0.0,0.0,0.0,0.0,0.0,0.0,0.0,0.0
TXN,Bear Call Spread,-69.67,-393.0,393.0,507.0,45.1,53.71,-0.13741617357001973,-49.0,0.0,-0.9999999999999996,0.0,-1.9999999999999998,0.0,0.0,0.0,-1.0,0.0,0.0,0.0,0.0,0.0,0.0,0.0,0.0,1.0,0.0,0.0,0.0,0.0,0.0,0.0,0.0,0.0,0.0,0.0,0.0,0.0,0.0,0.0,0.0,0.0,0.0,0.0,0.0
TXN,Bear Call Spread,-88.67,-558.0,558.0,642.0,42.95,55.86,-0.1381152647975078,-64.0,0.0,-3.0,2.0000000000000004,-1.9999999999999998,0.0,-1.0,0.0,0.0,0.0,0.0,0.0,0.0,0.0,0.0,0.0,0.0,0.0,1.0,0.0,0.0,0.0,0.0,0.0,0.0,0.0,0.0,0.0,0.0,0.0,0.0,0.0,0.0,0.0,0.0,0.0,0.0
TXN,Bear Call Spread,-38.03,-29.0,29.0,271.0,71.73,27.08,-0.1403321033210332,-12.000000000000002,-2.0000000000000004,3.0,-2.0000000000000004,0.0,0.0,0.0,0.0,0.0,0.0,0.0,0.0,0.0,0.0,0.0,0.0,0.0,-1.0,0.0,0.0,1.0,0.0,0.0,0.0,0.0,0.0,0.0,0.0,0.0,0.0,0.0,0.0,0.0,0.0,0.0,0.0,0.0
TXN,Bear Call Spread,-67.4,-323.0,323.0,477.0,46.72,52.09,-0.14129979035639414,-43.99999999999999,0.0,0.0,0.0,-1.9999999999999998,0.0,0.0,0.0,0.0,-1.0,0.0,0.0,0.0,0.0,0.0,0.0,0.0,1.0,0.0,0.0,0.0,0.0,0.0,0.0,0.0,0.0,0.0,0.0,0.0,0.0,0.0,0.0,0.0,0.0,0.0,0.0,0.0
TXN,Bear Call Spread,-69.15,-218.0,218.0,482.0,51.55,47.26,-0.14346473029045645,-38.0,-1.9999999999999998,2.0000000000000004,-1.9999999999999991,-1.0,0.0,0.0,0.0,0.0,0.0,0.0,-1.0,0.0,0.0,0.0,0.0,0.0,0.0,1.0,0.0,0.0,0.0,0.0,0.0,0.0,0.0,0.0,0.0,0.0,0.0,0.0,0.0,0.0,0.0,0.0,0.0,0.0
TXN,Bear Call Spread,-58.29,-97.0,97.0,403.0,60.94,37.87,-0.14464019851116625,-23.0,-1.9999999999999998,3.0,-3.0,-1.0,0.0,0.0,0.0,0.0,0.0,0.0,0.0,0.0,0.0,-1.0,0.0,0.0,0.0,0.0,1.0,0.0,0.0,0.0,0.0,0.0,0.0,0.0,0.0,0.0,0.0,0.0,0.0,0.0,0.0,0.0,0.0,0.0
TXN,Bear Call Spread,-35.48,-57.0,57.0,243.0,63.92,34.89,-0.1460082304526749,-15.0,-1.0000000000000002,2.0000000000000004,-1.9999999999999991,-1.0,0.0,0.0,0.0,0.0,0.0,0.0,0.0,0.0,0.0,0.0,-1.0,0.0,0.0,1.0,0.0,0.0,0.0,0.0,0.0,0.0,0.0,0.0,0.0,0.0,0.0,0.0,0.0,0.0,0.0,0.0,0.0,0.0
TXN,Bear Call Spread,-66.3,-164.0,164.0,436.0,54.21,44.6,-0.15206422018348623,-32.00000000000001,-1.9999999999999998,2.0000000000000004,-3.0,-1.0,0.0,0.0,0.0,0.0,0.0,0.0,0.0,-1.0,0.0,0.0,0.0,0.0,0.0,1.0,0.0,0.0,0.0,0.0,0.0,0.0,0.0,0.0,0.0,0.0,0.0,0.0,0.0,0.0,0.0,0.0,0.0,0.0
TXN,Bear Call Spread,-55.29,-237.0,237.0,363.0,47.25,51.55,-0.15231404958677686,-33.0,0.0,0.0,0.0,-1.9999999999999998,0.0,0.0,0.0,0.0,0.0,-1.0,0.0,0.0,0.0,0.0,0.0,1.0,0.0,0.0,0.0,0.0,0.0,0.0,0.0,0.0,0.0,0.0,0.0,0.0,0.0,0.0,0.0,0.0,0.0,0.0,0.0,0.0
TXN,Bear Call Spread,-77.19,-597.0,597.0,503.0,39.76,59.05,-0.15345924453280319,-58.00000000000001,2.0000000000000004,-5.0,5.0,-1.0,-1.0,0.0,0.0,0.0,0.0,0.0,0.0,0.0,0.0,0.0,0.0,1.0,0.0,0.0,0.0,0.0,0.0,0.0,0.0,0.0,0.0,0.0,0.0,0.0,0.0,0.0,0.0,0.0,0.0,0.0,0.0,0.0
TXN,Bear Call Spread,-91.87,-613.0,613.0,587.0,40.82,57.99,-0.1565076660988075,-63.0,2.0000000000000004,-5.0,4.0,-1.0,-1.0,0.0,0.0,0.0,0.0,0.0,0.0,0.0,0.0,0.0,0.0,0.0,1.0,0.0,0.0,0.0,0.0,0.0,0.0,0.0,0.0,0.0,0.0,0.0,0.0,0.0,0.0,0.0,0.0,0.0,0.0,0.0
TXN,Bear Call Spread,-69.96,-253.0,253.0,447.0,48.33,50.48,-0.15651006711409396,-38.0,0.0,0.0,-0.9999999999999996,-1.9999999999999998,0.0,0.0,0.0,0.0,0.0,-1.0,0.0,0.0,0.0,0.0,0.0,0.0,1.0,0.0,0.0,0.0,0.0,0.0,0.0,0.0,0.0,0.0,0.0,0.0,0.0,0.0,0.0,0.0,0.0,0.0,0.0,0.0
TXN,Bear Call Spread,-77.55,-512.0,512.0,488.0,40.82,57.99,-0.1589139344262295,-54.0,1.0000000000000002,-3.9999999999999996,3.9999999999999996,-1.9999999999999998,0.0,-1.0,0.0,0.0,0.0,0.0,0.0,0.0,0.0,0.0,0.0,1.0,0.0,0.0,0.0,0.0,0.0,0.0,0.0,0.0,0.0,0.0,0.0,0.0,0.0,0.0,0.0,0.0,0.0,0.0,0.0,0.0
TXN,Bear Call Spread,-92.22,-528.0,528.0,572.0,41.35,57.46,-0.16122377622377623,-59.0,1.0000000000000002,-3.9999999999999996,3.0,-1.9999999999999998,0.0,-1.0,0.0,0.0,0.0,0.0,0.0,0.0,0.0,0.0,0.0,0.0,1.0,0.0,0.0,0.0,0.0,0.0,0.0,0.0,0.0,0.0,0.0,0.0,0.0,0.0,0.0,0.0,0.0,0.0,0.0,0.0
TXN,Bear Call Spread,-64.09,-409.0,409.0,391.0,40.29,58.52,-0.16391304347826088,-43.00000000000001,1.0000000000000002,-3.0,1.9999999999999991,-0.9999999999999999,0.0,0.0,-1.0,0.0,0.0,0.0,0.0,0.0,0.0,0.0,1.0,0.0,0.0,0.0,0.0,0.0,0.0,0.0,0.0,0.0,0.0,0.0,0.0,0.0,0.0,0.0,0.0,0.0,0.0,0.0,0.0,0.0
TXN,Bear Call Spread,-62.26,-334.0,334.0,366.0,41.88,56.93,-0.17010928961748634,-39.0,0.0,-2.0000000000000004,0.9999999999999996,-0.9999999999999999,0.0,0.0,0.0,-1.0,0.0,0.0,0.0,0.0,0.0,0.0,1.0,0.0,0.0,0.0,0.0,0.0,0.0,0.0,0.0,0.0,0.0,0.0,0.0,0.0,0.0,0.0,0.0,0.0,0.0,0.0,0.0,0.0
TXN,Bear Call Spread,-55.96,-77.0,77.0,323.0,59.93,38.88,-0.17325077399380806,-20.0,-1.9999999999999998,2.0000000000000004,-3.0,-1.0,0.0,0.0,0.0,0.0,0.0,0.0,0.0,0.0,0.0,-1.0,0.0,0.0,0.0,1.0,0.0,0.0,0.0,0.0,0.0,0.0,0.0,0.0,0.0,0.0,0.0,0.0,0.0,0.0,0.0,0.0,0.0,0.0
TXN,Bear Call Spread,-72.7,-188.0,188.0,412.0,49.94,48.87,-0.17645631067961165,-32.99999999999999,-0.9999999999999996,1.0000000000000009,-0.9999999999999996,-1.0,0.0,0.0,0.0,0.0,0.0,0.0,-1.0,0.0,0.0,0.0,0.0,0.0,1.0,0.0,0.0,0.0,0.0,0.0,0.0,0.0,0.0,0.0,0.0,0.0,0.0,0.0,0.0,0.0,0.0,0.0,0.0,0.0
TXN,Bear Call Spread,-58.02,-172.0,172.0,328.0,49.41,49.4,-0.17689024390243904,-27.999999999999996,-0.9999999999999996,1.0000000000000009,0.0,-1.0,0.0,0.0,0.0,0.0,0.0,0.0,-1.0,0.0,0.0,0.0,0.0,1.0,0.0,0.0,0.0,0.0,0.0,0.0,0.0,0.0,0.0,0.0,0.0,0.0,0.0,0.0,0.0,0.0,0.0,0.0,0.0,0.0
TXN,Bear Call Spread,-30.89,-26.0,26.0,174.0,67.25,31.55,-0.1775287356321839,-10.0,-1.0000000000000002,0.9999999999999996,-1.9999999999999991,0.0,0.0,0.0,0.0,0.0,0.0,0.0,0.0,0.0,0.0,0.0,0.0,-1.0,0.0,1.0,0.0,0.0,0.0,0.0,0.0,0.0,0.0,0.0,0.0,0.0,0.0,0.0,0.0,0.0,0.0,0.0,0.0,0.0
TXN,Bear Call Spread,-53.61,-99.0,99.0,301.0,55.79,43.02,-0.1781063122923588,-20.999999999999996,-0.9999999999999996,1.0000000000000009,-2.0000000000000004,-1.0,0.0,0.0,0.0,0.0,0.0,0.0,0.0,0.0,-1.0,0.0,0.0,0.0,1.0,0.0,0.0,0.0,0.0,0.0,0.0,0.0,0.0,0.0,0.0,0.0,0.0,0.0,0.0,0.0,0.0,0.0,0.0,0.0
TXN,Bear Call Spread,-59.99,-264.0,264.0,336.0,43.49,55.32,-0.17854166666666668,-34.0,0.0,-1.0000000000000009,0.9999999999999996,-0.9999999999999999,0.0,0.0,0.0,0.0,-1.0,0.0,0.0,0.0,0.0,0.0,1.0,0.0,0.0,0.0,0.0,0.0,0.0,0.0,0.0,0.0,0.0,0.0,0.0,0.0,0.0,0.0,0.0,0.0,0.0,0.0,0.0,0.0
TXN,Bear Call Spread,-34.67,-6.0,6.0,194.0,75.04,23.76,-0.17871134020618556,-7.000000000000001,-1.0000000000000002,2.0000000000000004,-1.0000000000000009,0.0,0.0,0.0,0.0,0.0,0.0,0.0,0.0,0.0,0.0,0.0,0.0,0.0,0.0,-1.0,0.0,1.0,0.0,0.0,0.0,0.0,0.0,0.0,0.0,0.0,0.0,0.0,0.0,0.0,0.0,0.0,0.0,0.0
TXN,Bear Call Spread,-38.93,-83.0,83.0,217.0,55.27,43.54,-0.17940092165898616,-15.999999999999998,-0.9999999999999996,1.0000000000000009,-1.0000000000000009,-1.0,0.0,0.0,0.0,0.0,0.0,0.0,0.0,0.0,-1.0,0.0,0.0,1.0,0.0,0.0,0.0,0.0,0.0,0.0,0.0,0.0,0.0,0.0,0.0,0.0,0.0,0.0,0.0,0.0,0.0,0.0,0.0,0.0
TXN,Bear Call Spread,-60.4,-372.0,372.0,328.0,38.7,60.11,-0.18414634146341463,-38.00000000000001,1.9999999999999998,-3.0,3.0,-0.9999999999999999,0.0,0.0,-1.0,0.0,0.0,0.0,0.0,0.0,0.0,1.0,0.0,0.0,0.0,0.0,0.0,0.0,0.0,0.0,0.0,0.0,0.0,0.0,0.0,0.0,0.0,0.0,0.0,0.0,0.0,0.0,0.0,0.0
TXN,Bear Call Spread,-35.34,-13.0,13.0,187.0,71.3,27.51,-0.18898395721925135,-8.000000000000002,-1.0000000000000002,1.9999999999999991,-0.9999999999999996,0.0,0.0,0.0,0.0,0.0,0.0,0.0,0.0,0.0,0.0,0.0,0.0,0.0,-1.0,0.0,1.0,0.0,0.0,0.0,0.0,0.0,0.0,0.0,0.0,0.0,0.0,0.0,0.0,0.0,0.0,0.0,0.0,0.0
TXN,Bear Call Spread,-84.46,-554.0,554.0,446.0,37.65,61.16,-0.18937219730941704,-53.0,2.0000000000000004,-6.000000000000001,5.0,0.0,-1.0,0.0,0.0,0.0,0.0,0.0,0.0,0.0,0.0,0.0,1.0,0.0,0.0,0.0,0.0,0.0,0.0,0.0,0.0,0.0,0.0,0.0,0.0,0.0,0.0,0.0,0.0,0.0,0.0,0.0,0.0,0.0
TXN,Bear Call Spread,-69.85,-134.0,134.0,366.0,52.62,46.19,-0.19084699453551912,-27.0,-0.9999999999999996,1.0000000000000009,-2.0000000000000004,-1.0,0.0,0.0,0.0,0.0,0.0,0.0,0.0,-1.0,0.0,0.0,0.0,0.0,1.0,0.0,0.0,0.0,0.0,0.0,0.0,0.0,0.0,0.0,0.0,0.0,0.0,0.0,0.0,0.0,0.0,0.0,0.0,0.0
TXN,Bear Call Spread,-58.58,-297.0,297.0,303.0,39.76,59.05,-0.19333333333333333,-34.0,0.9999999999999996,-2.0000000000000004,2.0000000000000004,-0.9999999999999999,0.0,0.0,0.0,-1.0,0.0,0.0,0.0,0.0,0.0,1.0,0.0,0.0,0.0,0.0,0.0,0.0,0.0,0.0,0.0,0.0,0.0,0.0,0.0,0.0,0.0,0.0,0.0,0.0,0.0,0.0,0.0,0.0
TXN,Bear Call Spread,-55.18,-118.0,118.0,282.0,51.55,47.26,-0.19567375886524824,-22.000000000000004,-0.9999999999999996,1.0000000000000009,-1.0000000000000009,-1.0,0.0,0.0,0.0,0.0,0.0,0.0,0.0,-1.0,0.0,0.0,0.0,1.0,0.0,0.0,0.0,0.0,0.0,0.0,0.0,0.0,0.0,0.0,0.0,0.0,0.0,0.0,0.0,0.0,0.0,0.0,0.0,0.0
TXN,Bear Call Spread,-84.81,-469.0,469.0,431.0,38.17,60.64,-0.19677494199535964,-49.0,1.0000000000000002,-5.0,3.9999999999999996,-0.9999999999999999,0.0,-1.0,0.0,0.0,0.0,0.0,0.0,0.0,0.0,0.0,1.0,0.0,0.0,0.0,0.0,0.0,0.0,0.0,0.0,0.0,0.0,0.0,0.0,0.0,0.0,0.0,0.0,0.0,0.0,0.0,0.0,0.0
TXN,Bear Call Spread,-62.55,-194.0,194.0,306.0,45.1,53.71,-0.20441176470588235,-28.000000000000004,0.0,-1.0000000000000009,0.0,-0.9999999999999999,0.0,0.0,0.0,0.0,0.0,-1.0,0.0,0.0,0.0,0.0,1.0,0.0,0.0,0.0,0.0,0.0,0.0,0.0,0.0,0.0,0.0,0.0,0.0,0.0,0.0,0.0,0.0,0.0,0.0,0.0,0.0,0.0
TXN,Bear Call Spread,-55.44,-331.0,331.0,269.0,36.09,62.72,-0.20609665427509294,-32.00000000000001,1.9999999999999998,-3.0,3.0,-0.9999999999999999,0.0,0.0,-1.0,0.0,0.0,0.0,0.0,0.0,1.0,0.0,0.0,0.0,0.0,0.0,0.0,0.0,0.0,0.0,0.0,0.0,0.0,0.0,0.0,0.0,0.0,0.0,0.0,0.0,0.0,0.0,0.0,0.0
TXN,Bear Call Spread,-56.3,-227.00000000000003,227.00000000000003,273.0,41.35,57.46,-0.20622710622710622,-28.999999999999996,0.9999999999999996,-1.0000000000000009,2.0000000000000004,-0.9999999999999999,0.0,0.0,0.0,0.0,-1.0,0.0,0.0,0.0,0.0,1.0,0.0,0.0,0.0,0.0,0.0,0.0,0.0,0.0,0.0,0.0,0.0,0.0,0.0,0.0,0.0,0.0,0.0,0.0,0.0,0.0,0.0,0.0
TXN,Bear Call Spread,-80.77,-517.0,517.0,383.0,35.57,63.24,-0.21088772845953002,-48.00000000000001,3.0,-6.000000000000001,6.000000000000001,0.0,-1.0,0.0,0.0,0.0,0.0,0.0,0.0,0.0,0.0,1.0,0.0,0.0,0.0,0.0,0.0,0.0,0.0,0.0,0.0,0.0,0.0,0.0,0.0,0.0,0.0,0.0,0.0,0.0,0.0,0.0,0.0,0.0
TXN,Bear Call Spread,-53.61,-256.0,256.0,244.0,37.65,61.16,-0.21971311475409835,-28.000000000000004,0.9999999999999996,-2.0000000000000004,2.0000000000000004,-0.9999999999999999,0.0,0.0,0.0,-1.0,0.0,0.0,0.0,0.0,1.0,0.0,0.0,0.0,0.0,0.0,0.0,0.0,0.0,0.0,0.0,0.0,0.0,0.0,0.0,0.0,0.0,0.0,0.0,0.0,0.0,0.0,0.0,0.0
TXN,Bear Call Spread,-81.13,-432.0,432.0,368.0,36.61,62.2,-0.2204619565217391,-44.0,1.9999999999999998,-5.0,5.0,-0.9999999999999999,0.0,-1.0,0.0,0.0,0.0,0.0,0.0,0.0,0.0,1.0,0.0,0.0,0.0,0.0,0.0,0.0,0.0,0.0,0.0,0.0,0.0,0.0,0.0,0.0,0.0,0.0,0.0,0.0,0.0,0.0,0.0,0.0
TXN,Bear Call Spread,-39.03,-27.0,27.0,173.0,62.44,36.37,-0.22560693641618498,-9.999999999999998,0.0,1.0000000000000009,-0.9999999999999996,-1.0,0.0,0.0,0.0,0.0,0.0,0.0,0.0,0.0,0.0,0.0,-1.0,0.0,1.0,0.0,0.0,0.0,0.0,0.0,0.0,0.0,0.0,0.0,0.0,0.0,0.0,0.0,0.0,0.0,0.0,0.0,0.0,0.0
TXN,Bear Call Spread,-75.81,-476.0,476.0,324.0,33.53,65.28,-0.23398148148148148,-42.00000000000001,3.0,-6.000000000000001,6.000000000000001,0.0,-1.0,0.0,0.0,0.0,0.0,0.0,0.0,0.0,1.0,0.0,0.0,0.0,0.0,0.0,0.0,0.0,0.0,0.0,0.0,0.0,0.0,0.0,0.0,0.0,0.0,0.0,0.0,0.0,0.0,0.0,0.0,0.0
TXN,Bear Call Spread,-59.51,-47.0,47.0,253.0,58.39,40.42,-0.23521739130434782,-14.999999999999996,-0.9999999999999996,1.0000000000000009,-2.0000000000000004,-1.0,0.0,0.0,0.0,0.0,0.0,0.0,0.0,0.0,0.0,-1.0,0.0,0.0,1.0,0.0,0.0,0.0,0.0,0.0,0.0,0.0,0.0,0.0,0.0,0.0,0.0,0.0,0.0,0.0,0.0,0.0,0.0,0.0
TXN,Bear Call Spread,-51.34,-186.0,186.0,214.0,39.23,59.58,-0.23990654205607478,-23.0,0.9999999999999996,-1.0000000000000009,2.0000000000000004,-0.9999999999999999,0.0,0.0,0.0,0.0,-1.0,0.0,0.0,0.0,1.0,0.0,0.0,0.0,0.0,0.0,0.0,0.0,0.0,0.0,0.0,0.0,0.0,0.0,0.0,0.0,0.0,0.0,0.0,0.0,0.0,0.0,0.0,0.0
TXN,Bear Call Spread,-65.29,-129.0,129.0,271.0,46.72,52.09,-0.24092250922509229,-23.0,-0.9999999999999996,0.0,0.0,0.0,0.0,0.0,0.0,0.0,0.0,0.0,-1.0,0.0,0.0,0.0,1.0,0.0,0.0,0.0,0.0,0.0,0.0,0.0,0.0,0.0,0.0,0.0,0.0,0.0,0.0,0.0,0.0,0.0,0.0,0.0,0.0,0.0
TXN,Bear Call Spread,-58.87,-157.00000000000003,157.00000000000003,242.99999999999997,42.95,55.86,-0.24226337448559673,-23.000000000000004,0.9999999999999996,-1.0000000000000009,1.0000000000000009,-0.9999999999999999,0.0,0.0,0.0,0.0,0.0,-1.0,0.0,0.0,0.0,1.0,0.0,0.0,0.0,0.0,0.0,0.0,0.0,0.0,0.0,0.0,0.0,0.0,0.0,0.0,0.0,0.0,0.0,0.0,0.0,0.0,0.0,0.0
TXN,Bear Call Spread,-76.16,-391.0,391.0,309.0,34.03,64.77,-0.2464724919093851,-38.0,1.9999999999999998,-5.0,5.0,-0.9999999999999999,0.0,-1.0,0.0,0.0,0.0,0.0,0.0,0.0,1.0,0.0,0.0,0.0,0.0,0.0,0.0,0.0,0.0,0.0,0.0,0.0,0.0,0.0,0.0,0.0,0.0,0.0,0.0,0.0,0.0,0.0,0.0,0.0
TXN,Bear Call Spread,-55.0,-280.0,280.0,220.0,33.53,65.28,-0.25,-26.0,1.9999999999999998,-3.0,3.0,-0.9999999999999999,0.0,0.0,-1.0,0.0,0.0,0.0,0.0,1.0,0.0,0.0,0.0,0.0,0.0,0.0,0.0,0.0,0.0,0.0,0.0,0.0,0.0,0.0,0.0,0.0,0.0,0.0,0.0,0.0,0.0,0.0,0.0,0.0
TXN,Bear Call Spread,-44.84,-31.0,31.0,169.0,57.36,41.45,-0.26532544378698225,-9.999999999999998,-0.9999999999999996,1.0000000000000009,-1.0000000000000009,-1.0,0.0,0.0,0.0,0.0,0.0,0.0,0.0,0.0,0.0,-1.0,0.0,1.0,0.0,0.0,0.0,0.0,0.0,0.0,0.0,0.0,0.0,0.0,0.0,0.0,0.0,0.0,0.0,0.0,0.0,0.0,0.0,0.0
TXN,Bear Call Spread,-53.18,-205.0,205.0,195.0,35.06,63.75,-0.27271794871794874,-21.999999999999996,0.9999999999999996,-2.0000000000000004,2.0000000000000004,-0.9999999999999999,0.0,0.0,0.0,-1.0,0.0,0.0,0.0,1.0,0.0,0.0,0.0,0.0,0.0,0.0,0.0,0.0,0.0,0.0,0.0,0.0,0.0,0.0,0.0,0.0,0.0,0.0,0.0,0.0,0.0,0.0,0.0,0.0
TXN,Bear Call Spread,-24.35,-11.0,11.0,89.0,61.44,37.37,-0.2735955056179775,-4.999999999999999,0.0,1.0000000000000009,0.0,-1.0,0.0,0.0,0.0,0.0,0.0,0.0,0.0,0.0,0.0,0.0,-1.0,1.0,0.0,0.0,0.0,0.0,0.0,0.0,0.0,0.0,0.0,0.0,0.0,0.0,0.0,0.0,0.0,0.0,0.0,0.0,0.0,0.0
TXN,Bear Call Spread,-75.37,-425.0,425.0,275.0,31.03,67.78,-0.2740727272727273,-36.0,3.0,-6.000000000000001,6.000000000000001,0.0,-1.0,0.0,0.0,0.0,0.0,0.0,0.0,1.0,0.0,0.0,0.0,0.0,0.0,0.0,0.0,0.0,0.0,0.0,0.0,0.0,0.0,0.0,0.0,0.0,0.0,0.0,0.0,0.0,0.0,0.0,0.0,0.0
TXN,Bear Call Spread,-62.44,-75.0,75.0,225.0,49.41,49.4,-0.2775111111111111,-17.000000000000004,-0.9999999999999996,0.0,-1.0000000000000009,0.0,0.0,0.0,0.0,0.0,0.0,0.0,0.0,-1.0,0.0,0.0,1.0,0.0,0.0,0.0,0.0,0.0,0.0,0.0,0.0,0.0,0.0,0.0,0.0,0.0,0.0,0.0,0.0,0.0,0.0,0.0,0.0,0.0
TXN,Bear Call Spread,-46.2,-40.0,40.0,160.0,52.62,46.19,-0.28875,-10.999999999999998,-0.9999999999999996,0.0,-1.0000000000000009,0.0,0.0,0.0,0.0,0.0,0.0,0.0,0.0,0.0,-1.0,0.0,1.0,0.0,0.0,0.0,0.0,0.0,0.0,0.0,0.0,0.0,0.0,0.0,0.0,0.0,0.0,0.0,0.0,0.0,0.0,0.0,0.0,0.0
TXN,Bear Call Spread,-75.73,-340.0,340.0,260.0,31.52,67.29,-0.2912692307692308,-31.999999999999996,1.9999999999999998,-5.0,5.0,-0.9999999999999999,0.0,-1.0,0.0,0.0,0.0,0.0,0.0,1.0,0.0,0.0,0.0,0.0,0.0,0.0,0.0,0.0,0.0,0.0,0.0,0.0,0.0,0.0,0.0,0.0,0.0,0.0,0.0,0.0,0.0,0.0,0.0,0.0
TXN,Bear Call Spread,-53.9,-116.0,116.0,184.0,40.82,57.99,-0.29293478260869565,-17.000000000000004,0.9999999999999996,-1.0000000000000009,1.0000000000000009,-0.9999999999999999,0.0,0.0,0.0,0.0,0.0,-1.0,0.0,0.0,1.0,0.0,0.0,0.0,0.0,0.0,0.0,0.0,0.0,0.0,0.0,0.0,0.0,0.0,0.0,0.0,0.0,0.0,0.0,0.0,0.0,0.0,0.0,0.0
TXN,Bear Call Spread,-61.6,-92.00000000000003,92.00000000000003,207.99999999999997,45.1,53.71,-0.2961538461538462,-18.0,0.0,0.0,1.0000000000000009,0.0,0.0,0.0,0.0,0.0,0.0,0.0,-1.0,0.0,0.0,1.0,0.0,0.0,0.0,0.0,0.0,0.0,0.0,0.0,0.0,0.0,0.0,0.0,0.0,0.0,0.0,0.0,0.0,0.0,0.0,0.0,0.0,0.0
TXN,Bear Call Spread,-53.15,-225.0,225.0,175.0,31.03,67.78,-0.3037142857142857,-20.000000000000007,1.9999999999999998,-3.0,1.9999999999999991,-0.9999999999999999,0.0,0.0,-1.0,0.0,0.0,0.0,1.0,0.0,0.0,0.0,0.0,0.0,0.0,0.0,0.0,0.0,0.0,0.0,0.0,0.0,0.0,0.0,0.0,0.0,0.0,0.0,0.0,0.0,0.0,0.0,0.0,0.0
TXN,Bear Call Spread,-50.9,-135.0,135.0,165.0,36.61,62.2,-0.3084848484848485,-16.999999999999993,0.9999999999999996,-1.0000000000000009,2.0000000000000004,-0.9999999999999999,0.0,0.0,0.0,0.0,-1.0,0.0,0.0,1.0,0.0,0.0,0.0,0.0,0.0,0.0,0.0,0.0,0.0,0.0,0.0,0.0,0.0,0.0,0.0,0.0,0.0,0.0,0.0,0.0,0.0,0.0,0.0,0.0
TXN,Bear Call Spread,-73.52,-370.0,370.0,230.0,28.13,70.68,-0.31965217391304346,-30.000000000000004,3.0,-6.000000000000001,5.0,0.0,-1.0,0.0,0.0,0.0,0.0,0.0,1.0,0.0,0.0,0.0,0.0,0.0,0.0,0.0,0.0,0.0,0.0,0.0,0.0,0.0,0.0,0.0,0.0,0.0,0.0,0.0,0.0,0.0,0.0,0.0,0.0,0.0
TXN,Bear Call Spread,-51.32,-150.0,150.0,150.0,32.02,66.79,-0.34213333333333334,-16.000000000000004,0.9999999999999996,-2.0000000000000004,0.9999999999999996,-0.9999999999999999,0.0,0.0,0.0,-1.0,0.0,0.0,1.0,0.0,0.0,0.0,0.0,0.0,0.0,0.0,0.0,0.0,0.0,0.0,0.0,0.0,0.0,0.0,0.0,0.0,0.0,0.0,0.0,0.0,0.0,0.0,0.0,0.0
TXN,Bear Call Spread,-73.87,-285.0,285.0,215.0,29.08,69.73,-0.34358139534883725,-26.0,1.9999999999999998,-5.0,3.9999999999999996,-0.9999999999999999,0.0,-1.0,0.0,0.0,0.0,0.0,1.0,0.0,0.0,0.0,0.0,0.0,0.0,0.0,0.0,0.0,0.0,0.0,0.0,0.0,0.0,0.0,0.0,0.0,0.0,0.0,0.0,0.0,0.0,0.0,0.0,0.0
TXN,Bear Call Spread,-58.76,-38.00000000000003,38.00000000000003,161.99999999999997,47.25,51.55,-0.3627160493827161,-12.000000000000005,0.0,0.0,0.0,0.0,0.0,0.0,0.0,0.0,0.0,0.0,0.0,-1.0,0.0,1.0,0.0,0.0,0.0,0.0,0.0,0.0,0.0,0.0,0.0,0.0,0.0,0.0,0.0,0.0,0.0,0.0,0.0,0.0,0.0,0.0,0.0,0.0
TXN,Bear Call Spread,-56.64,-51.0,51.0,149.0,42.42,56.39,-0.3801342281879195,-12.0,0.0,0.0,1.0000000000000009,0.0,0.0,0.0,0.0,0.0,0.0,0.0,-1.0,0.0,1.0,0.0,0.0,0.0,0.0,0.0,0.0,0.0,0.0,0.0,0.0,0.0,0.0,0.0,0.0,0.0,0.0,0.0,0.0,0.0,0.0,0.0,0.0,0.0
TXN,Bear Call Spread,-76.25,-304.99999999999994,304.99999999999994,195.00000000000006,25.35,73.46,-0.3910256410256409,-25.0,2.0000000000000004,-5.0,5.0,0.9999999999999999,-1.0,0.0,0.0,0.0,0.0,1.0,0.0,0.0,0.0,0.0,0.0,0.0,0.0,0.0,0.0,0.0,0.0,0.0,0.0,0.0,0.0,0.0,0.0,0.0,0.0,0.0,0.0,0.0,0.0,0.0,0.0,0.0
TXN,Bear Call Spread,-53.47,-65.0,65.0,135.0,38.17,60.64,-0.3960740740740741,-10.999999999999998,0.9999999999999996,-1.0000000000000009,1.0000000000000009,-0.9999999999999999,0.0,0.0,0.0,0.0,0.0,-1.0,0.0,1.0,0.0,0.0,0.0,0.0,0.0,0.0,0.0,0.0,0.0,0.0,0.0,0.0,0.0,0.0,0.0,0.0,0.0,0.0,0.0,0.0,0.0,0.0,0.0,0.0
TXN,Bear Call Spread,-55.88,-159.99999999999994,159.99999999999994,140.00000000000006,27.66,71.15,-0.399142857142857,-15.000000000000002,1.0000000000000002,-1.9999999999999991,1.9999999999999991,0.0,0.0,0.0,-1.0,0.0,0.0,1.0,0.0,0.0,0.0,0.0,0.0,0.0,0.0,0.0,0.0,0.0,0.0,0.0,0.0,0.0,0.0,0.0,0.0,0.0,0.0,0.0,0.0,0.0,0.0,0.0,0.0,0.0
TXN,Bear Call Spread,-49.05,-80.0,80.0,120.0,33.53,65.28,-0.40875,-10.999999999999998,0.9999999999999996,-1.0000000000000009,0.9999999999999996,-0.9999999999999999,0.0,0.0,0.0,0.0,-1.0,0.0,1.0,0.0,0.0,0.0,0.0,0.0,0.0,0.0,0.0,0.0,0.0,0.0,0.0,0.0,0.0,0.0,0.0,0.0,0.0,0.0,0.0,0.0,0.0,0.0,0.0,0.0
TXN,Bear Call Spread,-76.6,-219.99999999999994,219.99999999999994,180.00000000000006,25.81,73.0,-0.4255555555555554,-20.999999999999996,1.0000000000000002,-3.9999999999999996,3.9999999999999996,0.0,0.0,-1.0,0.0,0.0,0.0,1.0,0.0,0.0,0.0,0.0,0.0,0.0,0.0,0.0,0.0,0.0,0.0,0.0,0.0,0.0,0.0,0.0,0.0,0.0,0.0,0.0,0.0,0.0,0.0,0.0,0.0,0.0
TXN,Bear Call Spread,-42.51,-3.0000000000000284,3.0000000000000284,96.99999999999997,51.02,47.79,-0.4382474226804125,-6.0,0.0,0.0,0.0,0.0,0.0,0.0,0.0,0.0,0.0,0.0,0.0,0.0,-1.0,1.0,0.0,0.0,0.0,0.0,0.0,0.0,0.0,0.0,0.0,0.0,0.0,0.0,0.0,0.0,0.0,0.0,0.0,0.0,0.0,0.0,0.0,0.0
TXN,Bear Call Spread,-73.87,-240.0,240.0,160.0,22.29,76.52,-0.46168750000000003,-19.000000000000007,2.0000000000000004,-5.0,4.0,0.9999999999999999,-1.0,0.0,0.0,0.0,1.0,0.0,0.0,0.0,0.0,0.0,0.0,0.0,0.0,0.0,0.0,0.0,0.0,0.0,0.0,0.0,0.0,0.0,0.0,0.0,0.0,0.0,0.0,0.0,0.0,0.0,0.0,0.0
TXN,Bear Call Spread,-54.06,-84.99999999999994,84.99999999999994,115.00000000000006,29.08,69.73,-0.47008695652173893,-10.999999999999998,0.0,-0.9999999999999996,0.9999999999999996,0.0,0.0,0.0,0.0,-1.0,0.0,1.0,0.0,0.0,0.0,0.0,0.0,0.0,0.0,0.0,0.0,0.0,0.0,0.0,0.0,0.0,0.0,0.0,0.0,0.0,0.0,0.0,0.0,0.0,0.0,0.0,0.0,0.0
TXN,Bear Call Spread,-53.5,-95.0,95.0,105.0,24.9,73.91,-0.5095238095238095,-9.000000000000007,1.0000000000000002,-1.9999999999999991,0.9999999999999996,0.0,0.0,0.0,-1.0,0.0,1.0,0.0,0.0,0.0,0.0,0.0,0.0,0.0,0.0,0.0,0.0,0.0,0.0,0.0,0.0,0.0,0.0,0.0,0.0,0.0,0.0,0.0,0.0,0.0,0.0,0.0,0.0,0.0
TXN,Bear Call Spread,-74.23,-155.0,155.0,145.0,23.14,75.67,-0.5119310344827587,-15.000000000000002,1.0000000000000002,-3.9999999999999996,3.0,0.0,0.0,-1.0,0.0,0.0,1.0,0.0,0.0,0.0,0.0,0.0,0.0,0.0,0.0,0.0,0.0,0.0,0.0,0.0,0.0,0.0,0.0,0.0,0.0,0.0,0.0,0.0,0.0,0.0,0.0,0.0,0.0,0.0
TXN,Bear Call Spread,-71.6,-170.0,170.0,130.0,19.42,79.38,-0.5507692307692307,-14.000000000000002,2.0000000000000004,-4.0,4.0,0.9999999999999999,-1.0,0.0,0.0,1.0,0.0,0.0,0.0,0.0,0.0,0.0,0.0,0.0,0.0,0.0,0.0,0.0,0.0,0.0,0.0,0.0,0.0,0.0,0.0,0.0,0.0,0.0,0.0,0.0,0.0,0.0,0.0,0.0
TXN,Bear Call Spread,-51.61,-10.0,10.0,90.0,35.06,63.75,-0.5734444444444444,-5.000000000000004,0.9999999999999996,-1.0000000000000009,0.0,-0.9999999999999999,0.0,0.0,0.0,0.0,0.0,-1.0,1.0,0.0,0.0,0.0,0.0,0.0,0.0,0.0,0.0,0.0,0.0,0.0,0.0,0.0,0.0,0.0,0.0,0.0,0.0,0.0,0.0,0.0,0.0,0.0,0.0,0.0
TXN,Bear Call Spread,-51.78,-14.999999999999943,14.999999999999943,85.00000000000006,30.54,68.27,-0.6091764705882349,-5.999999999999995,0.0,0.0,0.9999999999999996,0.0,0.0,0.0,0.0,0.0,-1.0,1.0,0.0,0.0,0.0,0.0,0.0,0.0,0.0,0.0,0.0,0.0,0.0,0.0,0.0,0.0,0.0,0.0,0.0,0.0,0.0,0.0,0.0,0.0,0.0,0.0,0.0,0.0
TXN,Bear Call Spread,-71.95,-85.0,85.0,115.0,20.22,78.59,-0.6256521739130435,-9.999999999999998,1.0000000000000002,-3.0,3.0,0.0,0.0,-1.0,0.0,1.0,0.0,0.0,0.0,0.0,0.0,0.0,0.0,0.0,0.0,0.0,0.0,0.0,0.0,0.0,0.0,0.0,0.0,0.0,0.0,0.0,0.0,0.0,0.0,0.0,0.0,0.0,0.0,0.0
TXN,Bear Call Spread,-51.68,-20.0,20.0,80.0,25.81,73.0,-0.646,-5.000000000000004,0.0,-0.9999999999999996,0.0,0.0,0.0,0.0,0.0,-1.0,1.0,0.0,0.0,0.0,0.0,0.0,0.0,0.0,0.0,0.0,0.0,0.0,0.0,0.0,0.0,0.0,0.0,0.0,0.0,0.0,0.0,0.0,0.0,0.0,0.0,0.0,0.0,0.0
TXN,Bear Call Spread,-51.23,-25.0,25.0,75.0,21.86,76.95,-0.6830666666666666,-4.0000000000000036,1.0000000000000002,-0.9999999999999996,0.9999999999999996,0.0,0.0,0.0,-1.0,1.0,0.0,0.0,0.0,0.0,0.0,0.0,0.0,0.0,0.0,0.0,0.0,0.0,0.0,0.0,0.0,0.0,0.0,0.0,0.0,0.0,0.0,0.0,0.0,0.0,0.0,0.0,0.0,0.0
TXN,Bear Call Spread,-84.6,-80.0,80.0,120.0,16.07,82.74,-0.705,-9.999999999999998,1.0000000000000002,-3.0000000000000004,3.0000000000000004,0.9999999999999999,-1.0,0.0,1.0,0.0,0.0,0.0,0.0,0.0,0.0,0.0,0.0,0.0,0.0,0.0,0.0,0.0,0.0,0.0,0.0,0.0,0.0,0.0,0.0,0.0,0.0,0.0,0.0,0.0,0.0,0.0,0.0,0.0
TXN,Bear Call Spread,-73.75,-10.0,10.0,90.0,13.72,85.09,-0.8194444444444444,-4.0000000000000036,1.0000000000000002,-1.0000000000000002,1.0000000000000002,0.9999999999999999,-1.0,1.0,0.0,0.0,0.0,0.0,0.0,0.0,0.0,0.0,0.0,0.0,0.0,0.0,0.0,0.0,0.0,0.0,0.0,0.0,0.0,0.0,0.0,0.0,0.0,0.0,0.0,0.0,0.0,0.0,0.0,0.0
TXN,Bear Put Spread,-97.94,710.0,490.0,710.0,44.56,54.25,-0.13794366197183097,-47.0,-1.0000000000000002,-2.0000000000000004,0.0,-3.0,0.0,0.0,0.0,0.0,0.0,0.0,0.0,0.0,0.0,0.0,0.0,0.0,0.0,0.0,0.0,0.0,0.0,0.0,-1.0,0.0,0.0,0.0,0.0,0.0,0.0,0.0,0.0,0.0,0.0,0.0,1.0,0.0
TXN,Bear Put Spread,-85.73,620.0,480.0,620.0,44.03,54.78,-0.1382741935483871,-43.99999999999999,0.0,-2.0000000000000004,0.0,-3.0,0.0,0.0,0.0,0.0,0.0,0.0,0.0,0.0,0.0,0.0,0.0,0.0,0.0,0.0,0.0,0.0,0.0,0.0,-1.0,0.0,0.0,0.0,0.0,0.0,0.0,0.0,0.0,0.0,0.0,1.0,0.0,0.0
TXN,Bear Put Spread,-96.12,685.0,415.0,685.0,46.18,52.63,-0.1403211678832117,-44.0,-1.0000000000000002,-1.0000000000000009,0.0,-3.0,0.0,0.0,0.0,0.0,0.0,0.0,0.0,0.0,0.0,0.0,0.0,0.0,0.0,0.0,0.0,0.0,0.0,0.0,0.0,-1.0,0.0,0.0,0.0,0.0,0.0,0.0,0.0,0.0,0.0,0.0,1.0,0.0
TXN,Bear Put Spread,-91.87,653.0,347.0,653.0,47.79,51.02,-0.14068912710566617,-40.0,-1.0000000000000002,0.0,-0.9999999999999996,-2.0,0.0,0.0,0.0,0.0,0.0,0.0,0.0,0.0,0.0,0.0,0.0,0.0,0.0,0.0,0.0,0.0,0.0,0.0,0.0,0.0,-1.0,0.0,0.0,0.0,0.0,0.0,0.0,0.0,0.0,0.0,1.0,0.0
TXN,Bear Put Spread,-83.91,595.0,405.0,595.0,45.64,53.17,-0.1410252100840336,-41.0,0.0,-1.0000000000000009,0.0,-3.0,0.0,0.0,0.0,0.0,0.0,0.0,0.0,0.0,0.0,0.0,0.0,0.0,0.0,0.0,0.0,0.0,0.0,0.0,0.0,-1.0,0.0,0.0,0.0,0.0,0.0,0.0,0.0,0.0,0.0,1.0,0.0,0.0
TXN,Bear Put Spread,-79.66,563.0,337.0,563.0,47.25,51.55,-0.14149200710479573,-36.99999999999999,0.0,0.0,-0.9999999999999996,-2.0,0.0,0.0,0.0,0.0,0.0,0.0,0.0,0.0,0.0,0.0,0.0,0.0,0.0,0.0,0.0,0.0,0.0,0.0,0.0,0.0,-1.0,0.0,0.0,0.0,0.0,0.0,0.0,0.0,0.0,1.0,0.0,0.0
TXN,Bear Put Spread,-104.83,736.0,564.0,736.0,43.49,55.32,-0.1424320652173913,-51.0,0.0,-2.0000000000000004,0.9999999999999996,-3.0,0.0,0.0,0.0,0.0,0.0,0.0,0.0,0.0,0.0,0.0,0.0,0.0,0.0,0.0,0.0,0.0,0.0,-1.0,0.0,0.0,0.0,0.0,0.0,0.0,0.0,0.0,0.0,0.0,0.0,0.0,1.0,0.0
TXN,Bear Put Spread,-92.62,646.0,554.0,646.0,42.95,55.86,-0.14337461300309598,-48.0,1.0000000000000002,-2.0000000000000004,0.9999999999999996,-3.0,0.0,0.0,0.0,0.0,0.0,0.0,0.0,0.0,0.0,0.0,0.0,0.0,0.0,0.0,0.0,0.0,0.0,-1.0,0.0,0.0,0.0,0.0,0.0,0.0,0.0,0.0,0.0,0.0,0.0,1.0,0.0,0.0
TXN,Bear Put Spread,-79.4,540.0,460.0,540.0,42.95,55.86,-0.14703703703703705,-41.0,0.0,-3.0000000000000013,0.9999999999999996,-1.9999999999999998,0.0,0.0,0.0,0.0,0.0,0.0,0.0,0.0,0.0,0.0,0.0,0.0,0.0,0.0,0.0,0.0,0.0,0.0,-1.0,0.0,0.0,0.0,0.0,0.0,0.0,0.0,0.0,0.0,1.0,0.0,0.0,0.0
TXN,Bear Put Spread,-98.2,667.0,633.0,667.0,41.88,56.93,-0.1472263868065967,-51.0,1.0000000000000002,-3.0,0.9999999999999996,-3.0,0.0,0.0,0.0,0.0,0.0,0.0,0.0,0.0,0.0,0.0,0.0,0.0,0.0,0.0,0.0,0.0,-1.0,0.0,0.0,0.0,0.0,0.0,0.0,0.0,0.0,0.0,0.0,0.0,0.0,1.0,0.0,0.0
TXN,Bear Put Spread,-77.58,515.0,385.0,515.0,44.56,54.25,-0.15064077669902912,-38.00000000000001,0.0,-2.0000000000000018,0.9999999999999996,-1.9999999999999998,0.0,0.0,0.0,0.0,0.0,0.0,0.0,0.0,0.0,0.0,0.0,0.0,0.0,0.0,0.0,0.0,0.0,0.0,0.0,-1.0,0.0,0.0,0.0,0.0,0.0,0.0,0.0,0.0,1.0,0.0,0.0,0.0
TXN,Bear Put Spread,-94.43,623.0,277.0,623.0,49.41,49.4,-0.15157303370786518,-36.0,-1.0000000000000002,0.0,-0.9999999999999996,-2.0,0.0,0.0,0.0,0.0,0.0,0.0,0.0,0.0,0.0,0.0,0.0,0.0,0.0,0.0,0.0,0.0,0.0,0.0,0.0,0.0,0.0,-1.0,0.0,0.0,0.0,0.0,0.0,0.0,0.0,0.0,1.0,0.0
TXN,Bear Put Spread,-73.33,483.0,317.0,483.0,46.18,52.63,-0.15182194616977226,-34.0,0.0,-1.0000000000000009,0.0,-0.9999999999999999,0.0,0.0,0.0,0.0,0.0,0.0,0.0,0.0,0.0,0.0,0.0,0.0,0.0,0.0,0.0,0.0,0.0,0.0,0.0,0.0,-1.0,0.0,0.0,0.0,0.0,0.0,0.0,0.0,1.0,0.0,0.0,0.0
TXN,Bear Put Spread,-86.29,566.0,534.0,566.0,41.88,56.93,-0.1524558303886926,-45.00000000000001,1.0000000000000002,-3.0000000000000013,1.9999999999999991,-1.9999999999999998,0.0,0.0,0.0,0.0,0.0,0.0,0.0,0.0,0.0,0.0,0.0,0.0,0.0,0.0,0.0,0.0,0.0,-1.0,0.0,0.0,0.0,0.0,0.0,0.0,0.0,0.0,0.0,0.0,1.0,0.0,0.0,0.0
TXN,Bear Put Spread,-82.22,533.0,267.0,533.0,48.87,49.94,-0.15425891181988743,-32.99999999999999,0.0,0.0,-0.9999999999999996,-2.0,0.0,0.0,0.0,0.0,0.0,0.0,0.0,0.0,0.0,0.0,0.0,0.0,0.0,0.0,0.0,0.0,0.0,0.0,0.0,0.0,0.0,-1.0,0.0,0.0,0.0,0.0,0.0,0.0,0.0,1.0,0.0,0.0
TXN,Bear Put Spread,-112.94,723.0,277.0,723.0,49.41,49.4,-0.15621023513139695,-38.0,-1.0000000000000002,0.0,-0.9999999999999996,-2.0,0.0,0.0,0.0,0.0,0.0,0.0,0.0,0.0,0.0,0.0,0.0,0.0,0.0,0.0,0.0,0.0,0.0,0.0,0.0,0.0,0.0,-1.0,0.0,0.0,0.0,0.0,0.0,0.0,0.0,0.0,0.0,1.0
TXN,Bear Put Spread,-91.87,587.0,613.0,587.0,40.82,57.99,-0.1565076660988075,-48.00000000000001,1.0000000000000002,-4.000000000000001,1.9999999999999991,-1.9999999999999998,0.0,0.0,0.0,0.0,0.0,0.0,0.0,0.0,0.0,0.0,0.0,0.0,0.0,0.0,0.0,0.0,-1.0,0.0,0.0,0.0,0.0,0.0,0.0,0.0,0.0,0.0,0.0,0.0,1.0,0.0,0.0,0.0
TXN,Bear Put Spread,-91.24,582.0,218.0,582.0,51.55,47.26,-0.15676975945017183,-31.0,-1.0000000000000002,0.0,-2.0000000000000004,-2.0,0.0,0.0,0.0,0.0,0.0,0.0,0.0,0.0,0.0,0.0,0.0,0.0,0.0,0.0,0.0,0.0,0.0,0.0,0.0,0.0,0.0,0.0,-1.0,0.0,0.0,0.0,0.0,0.0,0.0,0.0,1.0,0.0
TXN,Bear Put Spread,-73.62,465.0,435.0,465.0,41.88,56.93,-0.1583225806451613,-37.0,0.0,-3.0000000000000013,0.9999999999999996,-1.9999999999999998,0.0,0.0,0.0,0.0,0.0,0.0,0.0,0.0,0.0,0.0,0.0,0.0,0.0,0.0,0.0,0.0,0.0,0.0,-1.0,0.0,0.0,0.0,0.0,0.0,0.0,0.0,0.0,1.0,0.0,0.0,0.0,0.0
TXN,Bear Put Spread,-79.03,492.0,208.0,492.0,51.02,47.79,-0.16063008130081302,-27.999999999999996,0.0,0.0,-2.0000000000000004,-2.0,0.0,0.0,0.0,0.0,0.0,0.0,0.0,0.0,0.0,0.0,0.0,0.0,0.0,0.0,0.0,0.0,0.0,0.0,0.0,0.0,0.0,0.0,-1.0,0.0,0.0,0.0,0.0,0.0,0.0,1.0,0.0,0.0
TXN,Bear Put Spread,-109.74,682.0,218.0,682.0,51.55,47.26,-0.1609090909090909,-33.0,-1.0000000000000002,0.0,-2.0000000000000004,-2.0,0.0,0.0,0.0,0.0,0.0,0.0,0.0,0.0,0.0,0.0,0.0,0.0,0.0,0.0,0.0,0.0,0.0,0.0,0.0,0.0,0.0,0.0,-1.0,0.0,0.0,0.0,0.0,0.0,0.0,0.0,0.0,1.0
TXN,Bear Put Spread,-71.8,440.0,360.0,440.0,42.95,55.86,-0.16318181818181818,-34.0,0.0,-2.0000000000000018,0.9999999999999996,-1.9999999999999998,0.0,0.0,0.0,0.0,0.0,0.0,0.0,0.0,0.0,0.0,0.0,0.0,0.0,0.0,0.0,0.0,0.0,0.0,0.0,-1.0,0.0,0.0,0.0,0.0,0.0,0.0,0.0,1.0,0.0,0.0,0.0,0.0
TXN,Bear Put Spread,-80.51,491.0,509.0,491.0,40.29,58.52,-0.1639714867617108,-41.0,1.0000000000000002,-3.0000000000000013,1.9999999999999991,-1.9999999999999998,0.0,0.0,0.0,0.0,0.0,0.0,0.0,0.0,0.0,0.0,0.0,0.0,0.0,0.0,0.0,0.0,0.0,-1.0,0.0,0.0,0.0,0.0,0.0,0.0,0.0,0.0,0.0,1.0,0.0,0.0,0.0,0.0
TXN,Bear Put Spread,-67.55,408.0,292.0,408.0,45.1,53.71,-0.16556372549019607,-30.0,0.0,-1.0000000000000009,0.0,-0.9999999999999999,0.0,0.0,0.0,0.0,0.0,0.0,0.0,0.0,0.0,0.0,0.0,0.0,0.0,0.0,0.0,0.0,0.0,0.0,0.0,0.0,-1.0,0.0,0.0,0.0,0.0,0.0,0.0,1.0,0.0,0.0,0.0,0.0
TXN,Bear Put Spread,-75.89,453.0,247.0,453.0,47.79,51.02,-0.16752759381898455,-30.000000000000004,0.0,-1.0000000000000009,0.0,-0.9999999999999999,0.0,0.0,0.0,0.0,0.0,0.0,0.0,0.0,0.0,0.0,0.0,0.0,0.0,0.0,0.0,0.0,0.0,0.0,0.0,0.0,0.0,-1.0,0.0,0.0,0.0,0.0,0.0,0.0,1.0,0.0,0.0,0.0
TXN,Bear Put Spread,-86.09,512.0,588.0,512.0,39.23,59.58,-0.16814453125,-44.0,1.0000000000000002,-4.000000000000001,1.9999999999999991,-1.9999999999999998,0.0,0.0,0.0,0.0,0.0,0.0,0.0,0.0,0.0,0.0,0.0,0.0,0.0,0.0,0.0,0.0,-1.0,0.0,0.0,0.0,0.0,0.0,0.0,0.0,0.0,0.0,0.0,1.0,0.0,0.0,0.0,0.0
TXN,Bear Put Spread,-81.04,480.0,120.0,480.0,56.84,41.97,-0.16883333333333334,-21.999999999999996,-2.0000000000000004,1.0000000000000009,-2.0000000000000004,-2.0,0.0,0.0,0.0,0.0,0.0,0.0,0.0,0.0,0.0,0.0,0.0,0.0,0.0,0.0,0.0,0.0,0.0,0.0,0.0,0.0,0.0,0.0,0.0,0.0,-1.0,0.0,0.0,0.0,0.0,0.0,1.0,0.0
TXN,Bear Put Spread,-92.35,540.0,160.0,540.0,53.68,45.13,-0.17101851851851851,-26.999999999999996,-2.0000000000000004,1.0000000000000009,-2.0000000000000004,-2.0,0.0,0.0,0.0,0.0,0.0,0.0,0.0,0.0,0.0,0.0,0.0,0.0,0.0,0.0,0.0,0.0,0.0,0.0,0.0,0.0,0.0,0.0,0.0,-1.0,0.0,0.0,0.0,0.0,0.0,0.0,1.0,0.0
TXN,Bear Put Spread,-99.55,580.0,120.0,580.0,56.84,41.97,-0.17163793103448274,-24.0,-2.0000000000000004,1.0000000000000009,-2.0000000000000004,-2.0,0.0,0.0,0.0,0.0,0.0,0.0,0.0,0.0,0.0,0.0,0.0,0.0,0.0,0.0,0.0,0.0,0.0,0.0,0.0,0.0,0.0,0.0,0.0,0.0,-1.0,0.0,0.0,0.0,0.0,0.0,0.0,1.0
TXN,Bear Put Spread,-68.04,395.0,405.0,395.0,40.29,58.52,-0.17225316455696205,-34.0,0.0,-3.0000000000000013,0.9999999999999996,-1.9999999999999998,0.0,0.0,0.0,0.0,0.0,0.0,0.0,0.0,0.0,0.0,0.0,0.0,0.0,0.0,0.0,0.0,0.0,0.0,-1.0,0.0,0.0,0.0,0.0,0.0,0.0,0.0,1.0,0.0,0.0,0.0,0.0,0.0
TXN,Bear Put Spread,-110.85,640.0,160.0,640.0,53.68,45.13,-0.17320312499999999,-28.999999999999996,-2.0000000000000004,1.0000000000000009,-2.0000000000000004,-2.0,0.0,0.0,0.0,0.0,0.0,0.0,0.0,0.0,0.0,0.0,0.0,0.0,0.0,0.0,0.0,0.0,0.0,0.0,0.0,0.0,0.0,0.0,0.0,-1.0,0.0,0.0,0.0,0.0,0.0,0.0,0.0,1.0
TXN,Bear Put Spread,-72.7,412.0,188.0,412.0,49.94,48.87,-0.17645631067961165,-25.000000000000007,0.0,-1.0000000000000009,-1.0000000000000009,-0.9999999999999999,0.0,0.0,0.0,0.0,0.0,0.0,0.0,0.0,0.0,0.0,0.0,0.0,0.0,0.0,0.0,0.0,0.0,0.0,0.0,0.0,0.0,0.0,-1.0,0.0,0.0,0.0,0.0,0.0,1.0,0.0,0.0,0.0
TXN,Bear Put Spread,-68.83,390.0,110.0,390.0,56.32,42.49,-0.17648717948717949,-18.999999999999993,-1.0000000000000002,1.0000000000000009,-2.0000000000000004,-2.0,0.0,0.0,0.0,0.0,0.0,0.0,0.0,0.0,0.0,0.0,0.0,0.0,0.0,0.0,0.0,0.0,0.0,0.0,0.0,0.0,0.0,0.0,0.0,0.0,-1.0,0.0,0.0,0.0,0.0,1.0,0.0,0.0
TXN,Bear Put Spread,-74.93,421.0,479.0,421.0,38.7,60.11,-0.1779809976247031,-38.0,1.0000000000000002,-3.0000000000000013,1.9999999999999991,-1.9999999999999998,0.0,0.0,0.0,0.0,0.0,0.0,0.0,0.0,0.0,0.0,0.0,0.0,0.0,0.0,0.0,0.0,0.0,-1.0,0.0,0.0,0.0,0.0,0.0,0.0,0.0,0.0,1.0,0.0,0.0,0.0,0.0,0.0
TXN,Bear Put Spread,-80.14,450.0,150.0,450.0,53.15,45.66,-0.17808888888888888,-23.999999999999993,-1.0000000000000002,1.0000000000000009,-2.0000000000000004,-2.0,0.0,0.0,0.0,0.0,0.0,0.0,0.0,0.0,0.0,0.0,0.0,0.0,0.0,0.0,0.0,0.0,0.0,0.0,0.0,0.0,0.0,0.0,0.0,-1.0,0.0,0.0,0.0,0.0,0.0,1.0,0.0,0.0
TXN,Bear Put Spread,-66.22,370.0,330.0,370.0,41.35,57.46,-0.17897297297297296,-31.0,0.0,-2.0000000000000018,0.9999999999999996,-1.9999999999999998,0.0,0.0,0.0,0.0,0.0,0.0,0.0,0.0,0.0,0.0,0.0,0.0,0.0,0.0,0.0,0.0,0.0,0.0,0.0,-1.0,0.0,0.0,0.0,0.0,0.0,0.0,1.0,0.0,0.0,0.0,0.0,0.0
TXN,Bear Put Spread,-80.51,442.0,558.0,442.0,37.65,61.16,-0.18214932126696834,-41.0,1.0000000000000002,-4.000000000000001,1.9999999999999991,-1.9999999999999998,0.0,0.0,0.0,0.0,0.0,0.0,0.0,0.0,0.0,0.0,0.0,0.0,0.0,0.0,0.0,0.0,-1.0,0.0,0.0,0.0,0.0,0.0,0.0,0.0,0.0,0.0,1.0,0.0,0.0,0.0,0.0,0.0
TXN,Bear Put Spread,-61.97,338.0,262.0,338.0,43.49,55.32,-0.18334319526627219,-26.999999999999996,0.0,-1.0000000000000009,0.0,-0.9999999999999999,0.0,0.0,0.0,0.0,0.0,0.0,0.0,0.0,0.0,0.0,0.0,0.0,0.0,0.0,0.0,0.0,0.0,0.0,0.0,0.0,-1.0,0.0,0.0,0.0,0.0,0.0,1.0,0.0,0.0,0.0,0.0,0.0
TXN,Bear Put Spread,-70.11,378.0,222.0,378.0,46.72,52.09,-0.18547619047619046,-26.0,0.0,-1.0000000000000009,0.0,-0.9999999999999999,0.0,0.0,0.0,0.0,0.0,0.0,0.0,0.0,0.0,0.0,0.0,0.0,0.0,0.0,0.0,0.0,0.0,0.0,0.0,0.0,0.0,-1.0,0.0,0.0,0.0,0.0,0.0,1.0,0.0,0.0,0.0,0.0
TXN,Bear Put Spread,-98.53,525.0,75.0,525.0,59.93,38.88,-0.18767619047619047,-19.999999999999996,-1.0000000000000002,1.0000000000000009,-2.0000000000000004,-1.0000000000000002,0.0,0.0,0.0,0.0,0.0,0.0,0.0,0.0,0.0,0.0,0.0,0.0,0.0,0.0,0.0,0.0,0.0,0.0,0.0,0.0,0.0,0.0,0.0,0.0,0.0,-1.0,0.0,0.0,0.0,0.0,0.0,1.0
TXN,Bear Put Spread,-80.03,424.99999999999994,75.00000000000006,424.99999999999994,59.93,38.88,-0.1883058823529412,-17.999999999999993,-1.0000000000000002,1.0000000000000009,-2.0000000000000004,-1.0000000000000002,0.0,0.0,0.0,0.0,0.0,0.0,0.0,0.0,0.0,0.0,0.0,0.0,0.0,0.0,0.0,0.0,0.0,0.0,0.0,0.0,0.0,0.0,0.0,0.0,0.0,-1.0,0.0,0.0,0.0,0.0,1.0,0.0
TXN,Bear Put Spread,-62.38,329.99999999999994,370.00000000000006,329.99999999999994,38.17,60.64,-0.18903030303030308,-29.000000000000004,0.0,-3.0000000000000013,2.0000000000000004,-1.9999999999999998,0.0,0.0,0.0,0.0,0.0,0.0,0.0,0.0,0.0,0.0,0.0,0.0,0.0,0.0,0.0,0.0,0.0,0.0,-1.0,0.0,0.0,0.0,0.0,0.0,0.0,1.0,0.0,0.0,0.0,0.0,0.0,0.0
TXN,Bear Put Spread,-51.49,265.0,335.0,265.0,36.61,62.2,-0.19430188679245283,-25.0,1.0000000000000002,-3.0000000000000013,2.0000000000000004,-1.0,0.0,0.0,0.0,0.0,0.0,0.0,0.0,0.0,0.0,0.0,0.0,0.0,0.0,0.0,0.0,0.0,0.0,0.0,-1.0,0.0,0.0,0.0,0.0,0.0,1.0,0.0,0.0,0.0,0.0,0.0,0.0,0.0
TXN,Bear Put Spread,-69.27,355.99999999999994,444.00000000000006,355.99999999999994,37.13,61.68,-0.1945786516853933,-33.00000000000001,1.0000000000000002,-3.0000000000000013,3.0,-1.9999999999999998,0.0,0.0,0.0,0.0,0.0,0.0,0.0,0.0,0.0,0.0,0.0,0.0,0.0,0.0,0.0,0.0,0.0,-1.0,0.0,0.0,0.0,0.0,0.0,0.0,0.0,1.0,0.0,0.0,0.0,0.0,0.0,0.0
TXN,Bear Put Spread,-74.85,376.99999999999994,523.0,376.99999999999994,36.09,62.72,-0.19854111405835545,-36.00000000000001,1.0000000000000002,-4.000000000000001,3.0,-1.9999999999999998,0.0,0.0,0.0,0.0,0.0,0.0,0.0,0.0,0.0,0.0,0.0,0.0,0.0,0.0,0.0,0.0,-1.0,0.0,0.0,0.0,0.0,0.0,0.0,0.0,0.0,1.0,0.0,0.0,0.0,0.0,0.0,0.0
TXN,Bear Put Spread,-66.91,337.0,163.0,337.0,48.87,49.94,-0.1985459940652819,-21.000000000000004,0.0,-1.0000000000000009,-1.0000000000000009,-0.9999999999999999,0.0,0.0,0.0,0.0,0.0,0.0,0.0,0.0,0.0,0.0,0.0,0.0,0.0,0.0,0.0,0.0,0.0,0.0,0.0,0.0,0.0,0.0,-1.0,0.0,0.0,0.0,0.0,1.0,0.0,0.0,0.0,0.0
TXN,Bear Put Spread,-60.56,304.99999999999994,295.00000000000006,304.99999999999994,39.76,59.05,-0.19855737704918036,-26.000000000000007,0.0,-2.0000000000000018,2.0000000000000004,-1.9999999999999998,0.0,0.0,0.0,0.0,0.0,0.0,0.0,0.0,0.0,0.0,0.0,0.0,0.0,0.0,0.0,0.0,0.0,0.0,0.0,-1.0,0.0,0.0,0.0,0.0,0.0,1.0,0.0,0.0,0.0,0.0,0.0,0.0
TXN,Bear Put Spread,-73.81,370.0,130.0,370.0,52.09,46.72,-0.19948648648648648,-21.000000000000004,-1.0000000000000002,0.0,-1.0000000000000009,-0.9999999999999999,0.0,0.0,0.0,0.0,0.0,0.0,0.0,0.0,0.0,0.0,0.0,0.0,0.0,0.0,0.0,0.0,0.0,0.0,0.0,0.0,0.0,0.0,0.0,-1.0,0.0,0.0,0.0,0.0,1.0,0.0,0.0,0.0
TXN,Bear Put Spread,-58.38,291.0,409.0,291.0,35.06,63.75,-0.20061855670103093,-29.000000000000004,2.0000000000000004,-3.0000000000000013,3.0,-1.0,0.0,0.0,0.0,0.0,0.0,0.0,0.0,0.0,0.0,0.0,0.0,0.0,0.0,0.0,0.0,0.0,0.0,-1.0,0.0,0.0,0.0,0.0,0.0,0.0,1.0,0.0,0.0,0.0,0.0,0.0,0.0,0.0
TXN,Bear Put Spread,-62.5,310.0,90.0,310.0,55.27,43.54,-0.20161290322580644,-16.000000000000004,-1.0000000000000002,0.0,-1.0000000000000009,-0.9999999999999999,0.0,0.0,0.0,0.0,0.0,0.0,0.0,0.0,0.0,0.0,0.0,0.0,0.0,0.0,0.0,0.0,0.0,0.0,0.0,0.0,0.0,0.0,0.0,0.0,-1.0,0.0,0.0,0.0,1.0,0.0,0.0,0.0
TXN,Bear Put Spread,-92.87,460.0,40.0,460.0,62.94,35.87,-0.2018913043478261,-15.000000000000002,-1.0000000000000002,1.0000000000000009,-0.9999999999999996,-1.0000000000000002,0.0,0.0,0.0,0.0,0.0,0.0,0.0,0.0,0.0,0.0,0.0,0.0,0.0,0.0,0.0,0.0,0.0,0.0,0.0,0.0,0.0,0.0,0.0,0.0,0.0,0.0,-1.0,0.0,0.0,0.0,0.0,1.0
TXN,Bear Put Spread,-67.82,334.99999999999994,65.00000000000006,334.99999999999994,59.42,39.39,-0.20244776119402985,-14.999999999999991,0.0,1.0000000000000009,-2.0000000000000004,-1.0000000000000002,0.0,0.0,0.0,0.0,0.0,0.0,0.0,0.0,0.0,0.0,0.0,0.0,0.0,0.0,0.0,0.0,0.0,0.0,0.0,0.0,0.0,0.0,0.0,0.0,0.0,-1.0,0.0,0.0,0.0,1.0,0.0,0.0
TXN,Bear Put Spread,-63.95,312.0,488.0,312.0,34.03,64.77,-0.20496794871794874,-32.0,2.0000000000000004,-4.000000000000001,3.0,-1.0,0.0,0.0,0.0,0.0,0.0,0.0,0.0,0.0,0.0,0.0,0.0,0.0,0.0,0.0,0.0,0.0,-1.0,0.0,0.0,0.0,0.0,0.0,0.0,0.0,1.0,0.0,0.0,0.0,0.0,0.0,0.0,0.0
TXN,Bear Put Spread,-56.3,272.99999999999994,227.00000000000006,272.99999999999994,41.35,57.46,-0.20622710622710627,-22.000000000000004,0.0,-1.0000000000000009,1.0000000000000009,-0.9999999999999999,0.0,0.0,0.0,0.0,0.0,0.0,0.0,0.0,0.0,0.0,0.0,0.0,0.0,0.0,0.0,0.0,0.0,0.0,0.0,0.0,-1.0,0.0,0.0,0.0,0.0,1.0,0.0,0.0,0.0,0.0,0.0,0.0
TXN,Bear Put Spread,-74.37,360.0,40.0,360.0,62.94,35.87,-0.20658333333333334,-13.0,-1.0000000000000002,1.0000000000000009,-0.9999999999999996,-1.0000000000000002,0.0,0.0,0.0,0.0,0.0,0.0,0.0,0.0,0.0,0.0,0.0,0.0,0.0,0.0,0.0,0.0,0.0,0.0,0.0,0.0,0.0,0.0,0.0,0.0,0.0,0.0,-1.0,0.0,0.0,0.0,1.0,0.0
TXN,Bear Put Spread,-49.66,240.0,260.0,240.0,37.65,61.16,-0.20691666666666667,-22.000000000000004,1.0000000000000002,-2.0000000000000018,2.0000000000000004,-1.0,0.0,0.0,0.0,0.0,0.0,0.0,0.0,0.0,0.0,0.0,0.0,0.0,0.0,0.0,0.0,0.0,0.0,0.0,0.0,-1.0,0.0,0.0,0.0,0.0,1.0,0.0,0.0,0.0,0.0,0.0,0.0,0.0
TXN,Bear Put Spread,-64.53,308.0,192.0,308.0,45.1,53.71,-0.209512987012987,-23.0,0.0,-1.0000000000000009,0.0,-0.9999999999999999,0.0,0.0,0.0,0.0,0.0,0.0,0.0,0.0,0.0,0.0,0.0,0.0,0.0,0.0,0.0,0.0,0.0,0.0,0.0,0.0,0.0,-1.0,0.0,0.0,0.0,0.0,1.0,0.0,0.0,0.0,0.0,0.0
TXN,Bear Put Spread,-45.41,208.0,192.0,208.0,39.76,59.05,-0.21831730769230767,-18.0,1.0000000000000002,-1.0000000000000009,1.0000000000000009,0.0,0.0,0.0,0.0,0.0,0.0,0.0,0.0,0.0,0.0,0.0,0.0,0.0,0.0,0.0,0.0,0.0,0.0,0.0,0.0,0.0,-1.0,0.0,0.0,0.0,1.0,0.0,0.0,0.0,0.0,0.0,0.0,0.0
TXN,Bear Put Spread,-87.29,390.0,10.0,390.0,66.32,32.49,-0.22382051282051282,-12.0,-1.0000000000000002,1.0000000000000009,-0.9999999999999996,-1.0000000000000002,0.0,0.0,0.0,0.0,0.0,0.0,0.0,0.0,0.0,0.0,0.0,0.0,0.0,0.0,0.0,0.0,0.0,0.0,0.0,0.0,0.0,0.0,0.0,0.0,0.0,0.0,0.0,-1.0,0.0,0.0,0.0,1.0
TXN,Bear Put Spread,-61.34,267.0,133.0,267.0,47.25,51.55,-0.2297378277153558,-18.0,0.0,-1.0000000000000009,-1.0000000000000009,-0.9999999999999999,0.0,0.0,0.0,0.0,0.0,0.0,0.0,0.0,0.0,0.0,0.0,0.0,0.0,0.0,0.0,0.0,0.0,0.0,0.0,0.0,0.0,0.0,-1.0,0.0,0.0,0.0,1.0,0.0,0.0,0.0,0.0,0.0
TXN,Bear Put Spread,-62.16,270.0,30.0,270.0,62.44,36.37,-0.23022222222222222,-9.999999999999998,0.0,1.0000000000000009,-0.9999999999999996,-1.0000000000000002,0.0,0.0,0.0,0.0,0.0,0.0,0.0,0.0,0.0,0.0,0.0,0.0,0.0,0.0,0.0,0.0,0.0,0.0,0.0,0.0,0.0,0.0,0.0,0.0,0.0,0.0,-1.0,0.0,0.0,1.0,0.0,0.0
TXN,Bear Put Spread,-68.02,295.0,105.0,295.0,51.02,47.79,-0.23057627118644067,-17.0,-1.0000000000000002,0.0,-1.0000000000000009,-0.9999999999999999,0.0,0.0,0.0,0.0,0.0,0.0,0.0,0.0,0.0,0.0,0.0,0.0,0.0,0.0,0.0,0.0,0.0,0.0,0.0,0.0,0.0,0.0,0.0,-1.0,0.0,0.0,0.0,1.0,0.0,0.0,0.0,0.0
TXN,Bear Put Spread,-68.79,290.0,10.0,290.0,66.32,32.49,-0.23720689655172417,-9.999999999999998,-1.0000000000000002,1.0000000000000009,-0.9999999999999996,-1.0000000000000002,0.0,0.0,0.0,0.0,0.0,0.0,0.0,0.0,0.0,0.0,0.0,0.0,0.0,0.0,0.0,0.0,0.0,0.0,0.0,0.0,0.0,0.0,0.0,0.0,0.0,0.0,0.0,-1.0,0.0,0.0,1.0,0.0
TXN,Bear Put Spread,-61.49,254.99999999999994,45.00000000000006,254.99999999999994,58.39,40.42,-0.24113725490196083,-12.0,0.0,0.0,-1.0000000000000009,0.0,0.0,0.0,0.0,0.0,0.0,0.0,0.0,0.0,0.0,0.0,0.0,0.0,0.0,0.0,0.0,0.0,0.0,0.0,0.0,0.0,0.0,0.0,0.0,0.0,0.0,-1.0,0.0,0.0,1.0,0.0,0.0,0.0
TXN,Bear Put Spread,-56.72,235.0,65.0,235.0,54.21,44.6,-0.24136170212765956,-12.0,-1.0000000000000002,0.0,-1.0000000000000009,-0.9999999999999999,0.0,0.0,0.0,0.0,0.0,0.0,0.0,0.0,0.0,0.0,0.0,0.0,0.0,0.0,0.0,0.0,0.0,0.0,0.0,0.0,0.0,0.0,0.0,0.0,-1.0,0.0,0.0,1.0,0.0,0.0,0.0,0.0
TXN,Bear Put Spread,-58.87,242.99999999999994,157.00000000000006,242.99999999999994,42.95,55.86,-0.24226337448559676,-18.000000000000004,0.0,-1.0000000000000009,1.0000000000000009,-0.9999999999999999,0.0,0.0,0.0,0.0,0.0,0.0,0.0,0.0,0.0,0.0,0.0,0.0,0.0,0.0,0.0,0.0,0.0,0.0,0.0,0.0,0.0,-1.0,0.0,0.0,0.0,1.0,0.0,0.0,0.0,0.0,0.0,0.0
TXN,Bear Put Spread,-55.0,220.0,280.0,220.0,33.53,65.28,-0.25,-20.0,1.0000000000000002,-3.0000000000000013,2.0000000000000004,-1.0,0.0,0.0,0.0,0.0,0.0,0.0,0.0,0.0,0.0,0.0,0.0,0.0,0.0,0.0,0.0,0.0,0.0,0.0,-1.0,0.0,0.0,0.0,0.0,1.0,0.0,0.0,0.0,0.0,0.0,0.0,0.0,0.0
TXN,Bear Put Spread,-61.89,246.0,354.0,246.0,32.52,66.29,-0.25158536585365854,-24.000000000000004,2.0000000000000004,-3.0000000000000013,3.0,-1.0,0.0,0.0,0.0,0.0,0.0,0.0,0.0,0.0,0.0,0.0,0.0,0.0,0.0,0.0,0.0,0.0,0.0,-1.0,0.0,0.0,0.0,0.0,0.0,1.0,0.0,0.0,0.0,0.0,0.0,0.0,0.0,0.0
TXN,Bear Put Spread,-67.47,267.0,433.0,267.0,31.52,67.29,-0.2526966292134831,-27.0,2.0000000000000004,-4.000000000000001,3.0,-1.0,0.0,0.0,0.0,0.0,0.0,0.0,0.0,0.0,0.0,0.0,0.0,0.0,0.0,0.0,0.0,0.0,-1.0,0.0,0.0,0.0,0.0,0.0,0.0,1.0,0.0,0.0,0.0,0.0,0.0,0.0,0.0,0.0
TXN,Bear Put Spread,-42.28,164.0,236.0,164.0,31.52,67.29,-0.2578048780487805,-15.999999999999998,0.0,-2.0000000000000004,2.0000000000000004,-1.0,0.0,0.0,0.0,0.0,0.0,0.0,0.0,0.0,0.0,0.0,0.0,0.0,0.0,0.0,0.0,0.0,0.0,0.0,-1.0,0.0,0.0,0.0,1.0,0.0,0.0,0.0,0.0,0.0,0.0,0.0,0.0,0.0
TXN,Bear Put Spread,-49.17,190.0,310.0,190.0,30.05,68.76,-0.2587894736842105,-20.0,1.0000000000000002,-2.0000000000000004,3.0,-1.0,0.0,0.0,0.0,0.0,0.0,0.0,0.0,0.0,0.0,0.0,0.0,0.0,0.0,0.0,0.0,0.0,0.0,-1.0,0.0,0.0,0.0,0.0,1.0,0.0,0.0,0.0,0.0,0.0,0.0,0.0,0.0,0.0
TXN,Bear Put Spread,-54.74,211.0,389.0,211.0,29.08,69.73,-0.2594312796208531,-23.0,1.0000000000000002,-3.0,3.0,-1.0,0.0,0.0,0.0,0.0,0.0,0.0,0.0,0.0,0.0,0.0,0.0,0.0,0.0,0.0,0.0,0.0,-1.0,0.0,0.0,0.0,0.0,0.0,1.0,0.0,0.0,0.0,0.0,0.0,0.0,0.0,0.0,0.0
TXN,Bear Put Spread,-47.97,178.0,122.0,178.0,41.35,57.46,-0.2694943820224719,-14.000000000000002,1.0000000000000002,-1.0000000000000009,1.0000000000000009,0.0,0.0,0.0,0.0,0.0,0.0,0.0,0.0,0.0,0.0,0.0,0.0,0.0,0.0,0.0,0.0,0.0,0.0,0.0,0.0,0.0,0.0,-1.0,0.0,0.0,1.0,0.0,0.0,0.0,0.0,0.0,0.0,0.0
TXN,Bear Put Spread,-53.18,195.0,205.0,195.0,35.06,63.75,-0.27271794871794874,-17.000000000000004,1.0000000000000002,-2.0000000000000018,2.0000000000000004,-1.0,0.0,0.0,0.0,0.0,0.0,0.0,0.0,0.0,0.0,0.0,0.0,0.0,0.0,0.0,0.0,0.0,0.0,0.0,0.0,-1.0,0.0,0.0,0.0,1.0,0.0,0.0,0.0,0.0,0.0,0.0,0.0,0.0
TXN,Bear Put Spread,-55.67,201.99999999999994,98.00000000000006,201.99999999999994,45.1,53.71,-0.2755940594059407,-13.000000000000005,0.0,-1.0000000000000009,0.0,-0.9999999999999999,0.0,0.0,0.0,0.0,0.0,0.0,0.0,0.0,0.0,0.0,0.0,0.0,0.0,0.0,0.0,0.0,0.0,0.0,0.0,0.0,0.0,0.0,-1.0,0.0,0.0,1.0,0.0,0.0,0.0,0.0,0.0,0.0
TXN,Bear Put Spread,-62.44,225.0,75.0,225.0,49.41,49.4,-0.2775111111111111,-13.999999999999996,-1.0000000000000002,0.0,-1.0000000000000009,-0.9999999999999999,0.0,0.0,0.0,0.0,0.0,0.0,0.0,0.0,0.0,0.0,0.0,0.0,0.0,0.0,0.0,0.0,0.0,0.0,0.0,0.0,0.0,0.0,0.0,-1.0,0.0,0.0,1.0,0.0,0.0,0.0,0.0,0.0
TXN,Bear Put Spread,-40.45,139.0,161.0,139.0,32.52,66.29,-0.29100719424460436,-13.0,0.0,-1.0000000000000009,2.0000000000000004,-1.0,0.0,0.0,0.0,0.0,0.0,0.0,0.0,0.0,0.0,0.0,0.0,0.0,0.0,0.0,0.0,0.0,0.0,0.0,0.0,-1.0,0.0,0.0,1.0,0.0,0.0,0.0,0.0,0.0,0.0,0.0,0.0,0.0
TXN,Bear Put Spread,-55.83,190.0,10.0,190.0,61.44,37.37,-0.2938421052631579,-7.000000000000006,0.0,0.0,0.0,0.0,0.0,0.0,0.0,0.0,0.0,0.0,0.0,0.0,0.0,0.0,0.0,0.0,0.0,0.0,0.0,0.0,0.0,0.0,0.0,0.0,0.0,0.0,0.0,0.0,0.0,0.0,-1.0,0.0,1.0,0.0,0.0,0.0
TXN,Bear Put Spread,-48.93,163.0,137.0,163.0,36.61,62.2,-0.3001840490797546,-13.0,1.0000000000000002,-1.0000000000000009,1.0000000000000009,0.0,0.0,0.0,0.0,0.0,0.0,0.0,0.0,0.0,0.0,0.0,0.0,0.0,0.0,0.0,0.0,0.0,0.0,0.0,0.0,0.0,-1.0,0.0,0.0,1.0,0.0,0.0,0.0,0.0,0.0,0.0,0.0,0.0
TXN,Bear Put Spread,-52.54,171.0,329.0,171.0,26.26,72.55,-0.3072514619883041,-18.0,1.0000000000000002,-3.0,1.9999999999999991,-1.0,0.0,0.0,0.0,0.0,0.0,0.0,0.0,0.0,0.0,0.0,0.0,0.0,0.0,0.0,0.0,0.0,-1.0,0.0,0.0,0.0,0.0,1.0,0.0,0.0,0.0,0.0,0.0,0.0,0.0,0.0,0.0,0.0
TXN,Bear Put Spread,-55.71,179.99999999999994,20.000000000000057,179.99999999999994,56.84,41.97,-0.3095000000000001,-7.9999999999999964,0.0,0.0,-1.0000000000000009,0.0,0.0,0.0,0.0,0.0,0.0,0.0,0.0,0.0,0.0,0.0,0.0,0.0,0.0,0.0,0.0,0.0,0.0,0.0,0.0,0.0,0.0,0.0,0.0,0.0,0.0,-1.0,0.0,1.0,0.0,0.0,0.0,0.0
TXN,Bear Put Spread,-51.14,165.0,35.0,165.0,52.62,46.19,-0.30993939393939396,-8.999999999999996,-1.0000000000000002,0.0,-1.0000000000000009,-0.9999999999999999,0.0,0.0,0.0,0.0,0.0,0.0,0.0,0.0,0.0,0.0,0.0,0.0,0.0,0.0,0.0,0.0,0.0,0.0,0.0,0.0,0.0,0.0,0.0,0.0,-1.0,0.0,1.0,0.0,0.0,0.0,0.0,0.0
TXN,Bear Put Spread,-46.96,150.0,250.0,150.0,27.19,71.62,-0.31306666666666666,-15.0,1.0000000000000002,-2.0000000000000004,1.9999999999999991,-1.0,0.0,0.0,0.0,0.0,0.0,0.0,0.0,0.0,0.0,0.0,0.0,0.0,0.0,0.0,0.0,0.0,0.0,-1.0,0.0,0.0,0.0,1.0,0.0,0.0,0.0,0.0,0.0,0.0,0.0,0.0,0.0,0.0
TXN,Bear Put Spread,-40.07,124.0,176.0,124.0,28.6,70.2,-0.32314516129032256,-10.999999999999998,0.0,-2.0000000000000004,0.9999999999999996,-1.0,0.0,0.0,0.0,0.0,0.0,0.0,0.0,0.0,0.0,0.0,0.0,0.0,0.0,0.0,0.0,0.0,0.0,0.0,-1.0,0.0,0.0,1.0,0.0,0.0,0.0,0.0,0.0,0.0,0.0,0.0,0.0,0.0
TXN,Bear Put Spread,-44.78,137.0,63.0,137.0,43.49,55.32,-0.32686131386861317,-9.000000000000002,1.0000000000000002,-1.0000000000000009,0.0,0.0,0.0,0.0,0.0,0.0,0.0,0.0,0.0,0.0,0.0,0.0,0.0,0.0,0.0,0.0,0.0,0.0,0.0,0.0,0.0,0.0,0.0,0.0,-1.0,0.0,1.0,0.0,0.0,0.0,0.0,0.0,0.0,0.0
TXN,Bear Put Spread,-36.2,107.0,93.0,107.0,34.54,64.26,-0.3383177570093458,-8.999999999999996,0.0,0.0,1.0000000000000009,0.0,0.0,0.0,0.0,0.0,0.0,0.0,0.0,0.0,0.0,0.0,0.0,0.0,0.0,0.0,0.0,0.0,0.0,0.0,0.0,0.0,-1.0,0.0,1.0,0.0,0.0,0.0,0.0,0.0,0.0,0.0,0.0,0.0
TXN,Bear Put Spread,-45.22,131.0,269.0,131.0,23.58,75.23,-0.34519083969465647,-14.000000000000002,1.0000000000000002,-3.0,1.9999999999999991,-1.0,0.0,0.0,0.0,0.0,0.0,0.0,0.0,0.0,0.0,0.0,0.0,0.0,0.0,0.0,0.0,0.0,-1.0,0.0,0.0,0.0,1.0,0.0,0.0,0.0,0.0,0.0,0.0,0.0,0.0,0.0,0.0,0.0
TXN,Bear Put Spread,-56.78,159.99999999999994,40.00000000000006,159.99999999999994,47.25,51.55,-0.3548750000000001,-9.000000000000002,-1.0000000000000002,0.0,0.0,-0.9999999999999999,0.0,0.0,0.0,0.0,0.0,0.0,0.0,0.0,0.0,0.0,0.0,0.0,0.0,0.0,0.0,0.0,0.0,0.0,0.0,0.0,0.0,0.0,0.0,-1.0,0.0,1.0,0.0,0.0,0.0,0.0,0.0,0.0
TXN,Bear Put Spread,-39.64,110.0,190.0,110.0,24.46,74.35,-0.3603636363636364,-11.000000000000002,1.0000000000000002,-2.0000000000000004,1.9999999999999991,-1.0,0.0,0.0,0.0,0.0,0.0,0.0,0.0,0.0,0.0,0.0,0.0,0.0,0.0,0.0,0.0,0.0,0.0,-1.0,0.0,0.0,1.0,0.0,0.0,0.0,0.0,0.0,0.0,0.0,0.0,0.0,0.0,0.0
TXN,Bear Put Spread,-38.25,99.0,101.0,99.0,29.57,69.24,-0.38636363636363635,-8.000000000000002,0.0,-1.0000000000000009,0.9999999999999996,-1.0,0.0,0.0,0.0,0.0,0.0,0.0,0.0,0.0,0.0,0.0,0.0,0.0,0.0,0.0,0.0,0.0,0.0,0.0,0.0,-1.0,0.0,1.0,0.0,0.0,0.0,0.0,0.0,0.0,0.0,0.0,0.0,0.0
TXN,Bear Put Spread,-51.49,133.0,67.0,133.0,38.17,60.64,-0.3871428571428572,-9.000000000000002,1.0000000000000002,-1.0000000000000009,1.0000000000000009,0.0,0.0,0.0,0.0,0.0,0.0,0.0,0.0,0.0,0.0,0.0,0.0,0.0,0.0,0.0,0.0,0.0,0.0,0.0,0.0,0.0,0.0,-1.0,0.0,1.0,0.0,0.0,0.0,0.0,0.0,0.0,0.0,0.0
TXN,Bear Put Spread,-32.75,84.0,116.0,84.0,25.81,73.0,-0.3898809523809524,-7.000000000000001,0.0,-2.0000000000000004,0.9999999999999996,-1.0,0.0,0.0,0.0,0.0,0.0,0.0,0.0,0.0,0.0,0.0,0.0,0.0,0.0,0.0,0.0,0.0,0.0,0.0,-1.0,0.0,1.0,0.0,0.0,0.0,0.0,0.0,0.0,0.0,0.0,0.0,0.0,0.0
TXN,Bear Put Spread,-45.48,99.99999999999994,5.684341886080802e-14,99.99999999999994,50.48,48.33,-0.4548000000000002,-4.0000000000000036,-1.0000000000000002,0.0,0.0,-0.9999999999999999,0.0,0.0,0.0,0.0,0.0,0.0,0.0,0.0,0.0,0.0,0.0,0.0,0.0,0.0,0.0,0.0,0.0,0.0,0.0,0.0,0.0,0.0,0.0,0.0,-1.0,1.0,0.0,0.0,0.0,0.0,0.0,0.0
TXN,Bear Put Spread,-51.84,110.0,190.0,110.0,20.22,78.59,-0.4712727272727273,-9.999999999999998,1.0000000000000002,-1.9999999999999991,0.9999999999999996,0.0,0.0,0.0,0.0,0.0,0.0,0.0,0.0,0.0,0.0,0.0,0.0,0.0,0.0,0.0,0.0,0.0,-1.0,0.0,0.0,1.0,0.0,0.0,0.0,0.0,0.0,0.0,0.0,0.0,0.0,0.0,0.0,0.0
TXN,Bear Put Spread,-45.89,95.0,5.0,95.0,45.64,53.17,-0.4830526315789474,-4.999999999999999,0.0,0.0,0.0,0.0,0.0,0.0,0.0,0.0,0.0,0.0,0.0,0.0,0.0,0.0,0.0,0.0,0.0,0.0,0.0,0.0,0.0,0.0,0.0,0.0,0.0,0.0,0.0,-1.0,1.0,0.0,0.0,0.0,0.0,0.0,0.0,0.0
TXN,Bear Put Spread,-38.77,77.0,23.0,77.0,36.09,62.72,-0.5035064935064936,-4.999999999999999,0.0,0.0,1.0000000000000009,0.0,0.0,0.0,0.0,0.0,0.0,0.0,0.0,0.0,0.0,0.0,0.0,0.0,0.0,0.0,0.0,0.0,0.0,0.0,0.0,0.0,0.0,-1.0,1.0,0.0,0.0,0.0,0.0,0.0,0.0,0.0,0.0,0.0
TXN,Bear Put Spread,-34.0,67.0,33.0,67.0,31.52,67.29,-0.5074626865671642,-3.9999999999999982,0.0,0.0,0.0,0.0,0.0,0.0,0.0,0.0,0.0,0.0,0.0,0.0,0.0,0.0,0.0,0.0,0.0,0.0,0.0,0.0,0.0,0.0,0.0,0.0,-1.0,1.0,0.0,0.0,0.0,0.0,0.0,0.0,0.0,0.0,0.0,0.0
TXN,Bear Put Spread,-46.26,89.0,111.0,89.0,21.03,77.78,-0.5197752808988764,-6.999999999999998,1.0000000000000002,-0.9999999999999996,0.9999999999999996,0.0,0.0,0.0,0.0,0.0,0.0,0.0,0.0,0.0,0.0,0.0,0.0,0.0,0.0,0.0,0.0,0.0,0.0,-1.0,0.0,1.0,0.0,0.0,0.0,0.0,0.0,0.0,0.0,0.0,0.0,0.0,0.0,0.0
TXN,Bear Put Spread,-38.16,73.0,127.0,73.0,17.89,80.92,-0.5227397260273973,-7.000000000000001,1.0000000000000002,-0.9999999999999996,0.9999999999999996,0.0,0.0,0.0,0.0,0.0,0.0,0.0,0.0,0.0,0.0,0.0,0.0,0.0,0.0,0.0,0.0,0.0,-1.0,0.0,1.0,0.0,0.0,0.0,0.0,0.0,0.0,0.0,0.0,0.0,0.0,0.0,0.0,0.0
TXN,Bear Put Spread,-30.93,59.0,41.0,59.0,26.72,72.08,-0.5242372881355932,-4.0000000000000036,0.0,-1.0000000000000009,0.9999999999999996,-1.0,0.0,0.0,0.0,0.0,0.0,0.0,0.0,0.0,0.0,0.0,0.0,0.0,0.0,0.0,0.0,0.0,0.0,0.0,0.0,-1.0,1.0,0.0,0.0,0.0,0.0,0.0,0.0,0.0,0.0,0.0,0.0,0.0
TXN,Bear Put Spread,-48.3,92.0,8.0,92.0,40.29,58.52,-0.525,-4.0000000000000036,1.0000000000000002,-1.0000000000000009,0.0,0.0,0.0,0.0,0.0,0.0,0.0,0.0,0.0,0.0,0.0,0.0,0.0,0.0,0.0,0.0,0.0,0.0,0.0,0.0,0.0,0.0,0.0,0.0,-1.0,1.0,0.0,0.0,0.0,0.0,0.0,0.0,0.0,0.0
TXN,Bear Put Spread,-39.37,63.0,37.0,63.0,22.29,76.52,-0.6249206349206349,-2.9999999999999973,0.0,-0.9999999999999996,0.0,0.0,0.0,0.0,0.0,0.0,0.0,0.0,0.0,0.0,0.0,0.0,0.0,0.0,0.0,0.0,0.0,0.0,0.0,0.0,-1.0,1.0,0.0,0.0,0.0,0.0,0.0,0.0,0.0,0.0,0.0,0.0,0.0,0.0
TXN,Bear Put Spread,-32.58,52.0,48.0,52.0,18.65,80.16,-0.6265384615384615,-4.000000000000001,1.0000000000000002,0.0,0.9999999999999996,0.0,0.0,0.0,0.0,0.0,0.0,0.0,0.0,0.0,0.0,0.0,0.0,0.0,0.0,0.0,0.0,0.0,0.0,-1.0,1.0,0.0,0.0,0.0,0.0,0.0,0.0,0.0,0.0,0.0,0.0,0.0,0.0,0.0
TXN,Bear Put Spread,-35.22,51.0,49.0,51.0,15.04,83.77,-0.6905882352941176,-3.0,0.0,-0.9999999999999996,0.0,0.0,0.0,0.0,0.0,0.0,0.0,0.0,0.0,0.0,0.0,0.0,0.0,0.0,0.0,0.0,0.0,0.0,-1.0,1.0,0.0,0.0,0.0,0.0,0.0,0.0,0.0,0.0,0.0,0.0,0.0,0.0,0.0,0.0
