Underlying,Name,Expected PnL,Cost of Strategy,Max_Profit,Max_Loss,Prob of Profit,Prob of Loss,Exp_Pnl/Max_Loss,Strategy_Delta,Strategy_Gamma,Strategy_Theta,Strategy_Vega,Strategy_Rho,C_111.0,C_112.0,C_113.0,C_114.0,C_115.0,C_116.0,C_117.0,C_118.0,C_119.0,C_120.0,C_121.0,C_122.0,C_123.0,C_124.0,C_125.0,C_126.0,P_111.0,P_112.0,P_113.0,P_114.0,P_115.0,P_116.0,P_117.0,P_118.0,P_119.0,P_120.0,P_121.0,P_122.0,P_123.0,P_124.0,P_125.0,P_126.0
UPS,Bear Call Spread,-20.73,-151.0,151.0,349.0,61.67,38.33,-0.059398280802292265,-18.0,-1.0000000000000002,2.0000000000000018,-1.9999999999999991,-1.0,0.0,0.0,0.0,0.0,0.0,0.0,0.0,0.0,0.0,-1.0,0.0,0.0,0.0,0.0,1.0,0.0,0.0,0.0,0.0,0.0,0.0,0.0,0.0,0.0,0.0,0.0,0.0,0.0,0.0,0.0,0.0,0.0
UPS,Bear Call Spread,-30.81,-164.0,164.0,436.0,62.16,37.84,-0.0706651376146789,-21.0,-1.0000000000000002,3.0000000000000013,-1.9999999999999991,-1.0,0.0,0.0,0.0,0.0,0.0,0.0,0.0,0.0,0.0,-1.0,0.0,0.0,0.0,0.0,0.0,1.0,0.0,0.0,0.0,0.0,0.0,0.0,0.0,0.0,0.0,0.0,0.0,0.0,0.0,0.0,0.0,0.0
UPS,Bear Call Spread,-39.81,-181.0,181.0,419.0,58.12,41.88,-0.09501193317422435,-21.999999999999996,-1.0000000000000002,2.0000000000000018,-1.9999999999999991,-1.0,0.0,0.0,0.0,0.0,0.0,0.0,0.0,0.0,-1.0,0.0,0.0,0.0,0.0,0.0,1.0,0.0,0.0,0.0,0.0,0.0,0.0,0.0,0.0,0.0,0.0,0.0,0.0,0.0,0.0,0.0,0.0,0.0
UPS,Bear Call Spread,-27.59,-118.0,118.0,282.0,60.17,39.82,-0.09783687943262412,-15.000000000000002,0.0,2.0000000000000018,-0.9999999999999996,-1.0,0.0,0.0,0.0,0.0,0.0,0.0,0.0,0.0,0.0,-1.0,0.0,0.0,0.0,1.0,0.0,0.0,0.0,0.0,0.0,0.0,0.0,0.0,0.0,0.0,0.0,0.0,0.0,0.0,0.0,0.0,0.0,0.0
UPS,Bear Call Spread,-49.89,-194.0,194.0,506.0,58.64,41.36,-0.09859683794466403,-24.999999999999996,-1.0000000000000002,3.0000000000000013,-1.9999999999999991,-1.0,0.0,0.0,0.0,0.0,0.0,0.0,0.0,0.0,-1.0,0.0,0.0,0.0,0.0,0.0,0.0,1.0,0.0,0.0,0.0,0.0,0.0,0.0,0.0,0.0,0.0,0.0,0.0,0.0,0.0,0.0,0.0,0.0
UPS,Bear Call Spread,-15.83,-40.0,40.0,160.0,70.03,29.96,-0.0989375,-6.0,-1.0000000000000002,1.0000000000000009,-0.9999999999999996,0.0,0.0,0.0,0.0,0.0,0.0,0.0,0.0,0.0,0.0,0.0,0.0,0.0,-1.0,0.0,1.0,0.0,0.0,0.0,0.0,0.0,0.0,0.0,0.0,0.0,0.0,0.0,0.0,0.0,0.0,0.0,0.0,0.0
UPS,Bear Call Spread,-30.12,-98.0,98.0,302.0,64.06,35.94,-0.09973509933774835,-14.000000000000002,-1.0000000000000002,2.0000000000000018,-1.9999999999999991,-1.0,0.0,0.0,0.0,0.0,0.0,0.0,0.0,0.0,0.0,0.0,-1.0,0.0,0.0,0.0,1.0,0.0,0.0,0.0,0.0,0.0,0.0,0.0,0.0,0.0,0.0,0.0,0.0,0.0,0.0,0.0,0.0,0.0
UPS,Bear Call Spread,-40.2,-111.0,111.0,389.0,64.52,35.48,-0.10334190231362468,-17.0,-1.0000000000000002,3.0000000000000013,-1.9999999999999991,-1.0,0.0,0.0,0.0,0.0,0.0,0.0,0.0,0.0,0.0,0.0,-1.0,0.0,0.0,0.0,0.0,1.0,0.0,0.0,0.0,0.0,0.0,0.0,0.0,0.0,0.0,0.0,0.0,0.0,0.0,0.0,0.0,0.0
UPS,Bear Call Spread,-25.92,-53.0,53.0,247.0,70.42,29.58,-0.10493927125506074,-9.0,-1.0000000000000002,2.0000000000000004,-0.9999999999999996,0.0,0.0,0.0,0.0,0.0,0.0,0.0,0.0,0.0,0.0,0.0,0.0,0.0,-1.0,0.0,0.0,1.0,0.0,0.0,0.0,0.0,0.0,0.0,0.0,0.0,0.0,0.0,0.0,0.0,0.0,0.0,0.0,0.0
UPS,Bear Call Spread,-60.27,-340.99999999999994,340.99999999999994,559.0,50.5,49.5,-0.10781753130590341,-35.0,-1.0000000000000002,2.0000000000000018,-1.9999999999999991,-1.0,0.0,0.0,0.0,0.0,0.0,-1.0,0.0,0.0,0.0,0.0,0.0,0.0,0.0,0.0,1.0,0.0,0.0,0.0,0.0,0.0,0.0,0.0,0.0,0.0,0.0,0.0,0.0,0.0,0.0,0.0,0.0,0.0
UPS,Bear Call Spread,-70.35,-353.99999999999994,353.99999999999994,646.0,51.06,48.94,-0.10890092879256966,-38.0,-1.0000000000000002,3.0000000000000013,-1.9999999999999991,-1.0,0.0,0.0,0.0,0.0,0.0,-1.0,0.0,0.0,0.0,0.0,0.0,0.0,0.0,0.0,0.0,1.0,0.0,0.0,0.0,0.0,0.0,0.0,0.0,0.0,0.0,0.0,0.0,0.0,0.0,0.0,0.0,0.0
UPS,Bear Call Spread,-22.9,-93.0,93.0,207.0,58.64,41.36,-0.11062801932367149,-12.0,0.0,1.0000000000000009,-0.9999999999999996,-1.0,0.0,0.0,0.0,0.0,0.0,0.0,0.0,0.0,0.0,-1.0,0.0,0.0,1.0,0.0,0.0,0.0,0.0,0.0,0.0,0.0,0.0,0.0,0.0,0.0,0.0,0.0,0.0,0.0,0.0,0.0,0.0,0.0
UPS,Bear Call Spread,-54.52,-221.0,221.0,479.0,54.92,45.07,-0.1138204592901879,-26.0,-1.0000000000000002,2.0000000000000018,-1.9999999999999991,-1.0,0.0,0.0,0.0,0.0,0.0,0.0,0.0,-1.0,0.0,0.0,0.0,0.0,0.0,0.0,1.0,0.0,0.0,0.0,0.0,0.0,0.0,0.0,0.0,0.0,0.0,0.0,0.0,0.0,0.0,0.0,0.0,0.0
UPS,Bear Call Spread,-64.6,-234.0,234.0,566.0,55.46,44.53,-0.11413427561837455,-29.000000000000004,-1.0000000000000002,3.0000000000000013,-1.9999999999999991,-1.0,0.0,0.0,0.0,0.0,0.0,0.0,0.0,-1.0,0.0,0.0,0.0,0.0,0.0,0.0,0.0,1.0,0.0,0.0,0.0,0.0,0.0,0.0,0.0,0.0,0.0,0.0,0.0,0.0,0.0,0.0,0.0,0.0
UPS,Bear Call Spread,-80.64,-414.0,414.0,686.0,48.82,51.18,-0.11755102040816326,-42.00000000000001,-1.0000000000000002,2.0000000000000004,-0.9999999999999996,-1.0,0.0,0.0,0.0,0.0,-1.0,0.0,0.0,0.0,0.0,0.0,0.0,0.0,0.0,0.0,0.0,1.0,0.0,0.0,0.0,0.0,0.0,0.0,0.0,0.0,0.0,0.0,0.0,0.0,0.0,0.0,0.0,0.0
UPS,Bear Call Spread,-70.56,-401.0,401.0,599.0,48.25,51.75,-0.11779632721202003,-39.0,-1.0000000000000002,1.0000000000000009,-0.9999999999999996,-1.0,0.0,0.0,0.0,0.0,-1.0,0.0,0.0,0.0,0.0,0.0,0.0,0.0,0.0,0.0,1.0,0.0,0.0,0.0,0.0,0.0,0.0,0.0,0.0,0.0,0.0,0.0,0.0,0.0,0.0,0.0,0.0,0.0
UPS,Bear Call Spread,-46.68,-148.0,148.0,352.0,56.54,43.46,-0.13261363636363635,-19.0,0.0,2.0000000000000018,-0.9999999999999996,-1.0,0.0,0.0,0.0,0.0,0.0,0.0,0.0,0.0,-1.0,0.0,0.0,0.0,0.0,1.0,0.0,0.0,0.0,0.0,0.0,0.0,0.0,0.0,0.0,0.0,0.0,0.0,0.0,0.0,0.0,0.0,0.0,0.0
UPS,Bear Call Spread,-12.08,-11.0,11.0,89.0,75.85,24.15,-0.13573033707865167,-3.0,0.0,0.9999999999999996,0.0,0.0,0.0,0.0,0.0,0.0,0.0,0.0,0.0,0.0,0.0,0.0,0.0,0.0,0.0,0.0,-1.0,1.0,0.0,0.0,0.0,0.0,0.0,0.0,0.0,0.0,0.0,0.0,0.0,0.0,0.0,0.0,0.0,0.0
UPS,Bear Call Spread,-67.13,-307.99999999999994,307.99999999999994,492.00000000000006,48.82,51.18,-0.13644308943089428,-32.0,0.0,2.0000000000000018,-0.9999999999999996,-1.0,0.0,0.0,0.0,0.0,0.0,-1.0,0.0,0.0,0.0,0.0,0.0,0.0,0.0,1.0,0.0,0.0,0.0,0.0,0.0,0.0,0.0,0.0,0.0,0.0,0.0,0.0,0.0,0.0,0.0,0.0,0.0,0.0
UPS,Bear Call Spread,-77.42,-368.0,368.0,532.0,46.56,53.44,-0.1455263157894737,-36.00000000000001,0.0,1.0000000000000009,0.0,-1.0,0.0,0.0,0.0,0.0,-1.0,0.0,0.0,0.0,0.0,0.0,0.0,0.0,0.0,1.0,0.0,0.0,0.0,0.0,0.0,0.0,0.0,0.0,0.0,0.0,0.0,0.0,0.0,0.0,0.0,0.0,0.0,0.0
UPS,Bear Call Spread,-61.38,-188.0,188.0,412.0,53.28,46.72,-0.14898058252427185,-23.000000000000004,0.0,2.0000000000000018,-0.9999999999999996,-1.0,0.0,0.0,0.0,0.0,0.0,0.0,0.0,-1.0,0.0,0.0,0.0,0.0,0.0,1.0,0.0,0.0,0.0,0.0,0.0,0.0,0.0,0.0,0.0,0.0,0.0,0.0,0.0,0.0,0.0,0.0,0.0,0.0
UPS,Bear Call Spread,-62.43,-282.99999999999994,282.99999999999994,417.00000000000006,47.12,52.87,-0.14971223021582733,-28.999999999999996,0.0,1.0000000000000009,-0.9999999999999996,-1.0,0.0,0.0,0.0,0.0,0.0,-1.0,0.0,0.0,0.0,0.0,0.0,0.0,1.0,0.0,0.0,0.0,0.0,0.0,0.0,0.0,0.0,0.0,0.0,0.0,0.0,0.0,0.0,0.0,0.0,0.0,0.0,0.0
UPS,Bear Call Spread,-41.98,-123.0,123.0,277.0,54.92,45.07,-0.1515523465703971,-15.999999999999998,0.0,1.0000000000000009,-0.9999999999999996,-1.0,0.0,0.0,0.0,0.0,0.0,0.0,0.0,0.0,-1.0,0.0,0.0,0.0,1.0,0.0,0.0,0.0,0.0,0.0,0.0,0.0,0.0,0.0,0.0,0.0,0.0,0.0,0.0,0.0,0.0,0.0,0.0,0.0
UPS,Bear Call Spread,-21.08,-61.0,61.0,139.0,57.07,42.93,-0.1516546762589928,-9.999999999999998,0.0,2.0000000000000018,-0.9999999999999996,-1.0,0.0,0.0,0.0,0.0,0.0,0.0,0.0,0.0,0.0,-1.0,0.0,1.0,0.0,0.0,0.0,0.0,0.0,0.0,0.0,0.0,0.0,0.0,0.0,0.0,0.0,0.0,0.0,0.0,0.0,0.0,0.0,0.0
UPS,Bear Call Spread,-36.99,-65.0,65.0,235.0,62.16,37.84,-0.15740425531914895,-11.000000000000004,0.0,2.0000000000000018,-0.9999999999999996,-1.0,0.0,0.0,0.0,0.0,0.0,0.0,0.0,0.0,0.0,0.0,-1.0,0.0,0.0,1.0,0.0,0.0,0.0,0.0,0.0,0.0,0.0,0.0,0.0,0.0,0.0,0.0,0.0,0.0,0.0,0.0,0.0,0.0
UPS,Bear Call Spread,-72.72,-343.0,343.0,457.0,44.87,55.13,-0.15912472647702408,-33.0,0.0,0.0,0.0,-1.0,0.0,0.0,0.0,0.0,-1.0,0.0,0.0,0.0,0.0,0.0,0.0,0.0,1.0,0.0,0.0,0.0,0.0,0.0,0.0,0.0,0.0,0.0,0.0,0.0,0.0,0.0,0.0,0.0,0.0,0.0,0.0,0.0
UPS,Bear Call Spread,-56.68,-163.0,163.0,337.0,51.62,48.38,-0.16818991097922847,-20.0,0.0,1.0000000000000009,-0.9999999999999996,-1.0,0.0,0.0,0.0,0.0,0.0,0.0,0.0,-1.0,0.0,0.0,0.0,0.0,1.0,0.0,0.0,0.0,0.0,0.0,0.0,0.0,0.0,0.0,0.0,0.0,0.0,0.0,0.0,0.0,0.0,0.0,0.0,0.0
UPS,Bear Call Spread,-60.62,-250.99999999999994,250.99999999999994,349.00000000000006,45.43,54.56,-0.1736962750716332,-26.999999999999996,0.0,2.0000000000000018,-0.9999999999999996,-1.0,0.0,0.0,0.0,0.0,0.0,-1.0,0.0,0.0,0.0,0.0,0.0,1.0,0.0,0.0,0.0,0.0,0.0,0.0,0.0,0.0,0.0,0.0,0.0,0.0,0.0,0.0,0.0,0.0,0.0,0.0,0.0,0.0
UPS,Bear Call Spread,-33.22,-16.0,16.0,184.0,72.61,27.39,-0.18054347826086956,-5.999999999999997,-1.0000000000000002,0.9999999999999996,-0.9999999999999996,0.0,0.0,0.0,0.0,0.0,0.0,0.0,0.0,0.0,0.0,0.0,0.0,0.0,0.0,-1.0,0.0,1.0,0.0,0.0,0.0,0.0,0.0,0.0,0.0,0.0,0.0,0.0,0.0,0.0,0.0,0.0,0.0,0.0
UPS,Bear Call Spread,-70.91,-311.0,311.0,389.0,43.19,56.81,-0.18228791773778918,-31.0,0.0,1.0000000000000009,0.0,-1.0,0.0,0.0,0.0,0.0,-1.0,0.0,0.0,0.0,0.0,0.0,0.0,1.0,0.0,0.0,0.0,0.0,0.0,0.0,0.0,0.0,0.0,0.0,0.0,0.0,0.0,0.0,0.0,0.0,0.0,0.0,0.0,0.0
UPS,Bear Call Spread,-40.17,-91.0,91.0,209.0,53.28,46.72,-0.19220095693779904,-13.999999999999996,0.0,2.0000000000000018,-0.9999999999999996,-1.0,0.0,0.0,0.0,0.0,0.0,0.0,0.0,0.0,-1.0,0.0,0.0,1.0,0.0,0.0,0.0,0.0,0.0,0.0,0.0,0.0,0.0,0.0,0.0,0.0,0.0,0.0,0.0,0.0,0.0,0.0,0.0,0.0
UPS,Bear Call Spread,-135.08,-411.0,411.0,689.0,43.19,56.81,-0.1960522496371553,-42.99999999999999,-1.0000000000000002,0.0,-0.9999999999999996,-1.0,0.0,0.0,0.0,-1.0,0.0,0.0,0.0,0.0,0.0,0.0,0.0,0.0,0.0,0.0,1.0,0.0,0.0,0.0,0.0,0.0,0.0,0.0,0.0,0.0,0.0,0.0,0.0,0.0,0.0,0.0,0.0,0.0
UPS,Bear Call Spread,-56.14,-216.99999999999994,216.99999999999994,283.00000000000006,43.19,56.81,-0.1983745583038869,-20.999999999999996,0.0,0.0,0.0,0.0,0.0,0.0,0.0,0.0,0.0,-1.0,0.0,0.0,0.0,0.0,1.0,0.0,0.0,0.0,0.0,0.0,0.0,0.0,0.0,0.0,0.0,0.0,0.0,0.0,0.0,0.0,0.0,0.0,0.0,0.0,0.0,0.0
UPS,Bear Call Spread,-32.29,-40.0,40.0,160.0,61.18,38.82,-0.2018125,-8.000000000000002,0.0,1.0000000000000009,-0.9999999999999996,-1.0,0.0,0.0,0.0,0.0,0.0,0.0,0.0,0.0,0.0,0.0,-1.0,0.0,1.0,0.0,0.0,0.0,0.0,0.0,0.0,0.0,0.0,0.0,0.0,0.0,0.0,0.0,0.0,0.0,0.0,0.0,0.0,0.0
UPS,Bear Call Spread,-54.87,-131.0,131.0,269.0,49.94,50.06,-0.20397769516728623,-18.0,0.0,2.0000000000000018,-0.9999999999999996,-1.0,0.0,0.0,0.0,0.0,0.0,0.0,0.0,-1.0,0.0,0.0,0.0,1.0,0.0,0.0,0.0,0.0,0.0,0.0,0.0,0.0,0.0,0.0,0.0,0.0,0.0,0.0,0.0,0.0,0.0,0.0,0.0,0.0
UPS,Bear Call Spread,-66.44,-277.0,277.0,323.0,40.97,59.03,-0.20569659442724458,-25.0,0.0,-1.0000000000000009,0.9999999999999996,0.0,0.0,0.0,0.0,0.0,-1.0,0.0,0.0,0.0,0.0,0.0,1.0,0.0,0.0,0.0,0.0,0.0,0.0,0.0,0.0,0.0,0.0,0.0,0.0,0.0,0.0,0.0,0.0,0.0,0.0,0.0,0.0,0.0
UPS,Bear Call Spread,-49.53,-179.99999999999994,179.99999999999994,220.00000000000006,41.52,58.48,-0.22513636363636358,-17.0,0.0,0.0,0.0,0.0,0.0,0.0,0.0,0.0,0.0,-1.0,0.0,0.0,0.0,1.0,0.0,0.0,0.0,0.0,0.0,0.0,0.0,0.0,0.0,0.0,0.0,0.0,0.0,0.0,0.0,0.0,0.0,0.0,0.0,0.0,0.0,0.0
UPS,Bear Call Spread,-16.61,-27.0,27.0,73.0,54.92,45.07,-0.22753424657534246,-3.9999999999999982,0.0,0.0,0.0,0.0,0.0,0.0,0.0,0.0,0.0,0.0,0.0,0.0,0.0,-1.0,1.0,0.0,0.0,0.0,0.0,0.0,0.0,0.0,0.0,0.0,0.0,0.0,0.0,0.0,0.0,0.0,0.0,0.0,0.0,0.0,0.0,0.0
UPS,Bear Call Spread,-141.95,-378.0,378.0,622.0,41.52,58.48,-0.22821543408360126,-40.0,0.0,0.0,0.0,-1.0,0.0,0.0,0.0,-1.0,0.0,0.0,0.0,0.0,0.0,0.0,0.0,0.0,0.0,1.0,0.0,0.0,0.0,0.0,0.0,0.0,0.0,0.0,0.0,0.0,0.0,0.0,0.0,0.0,0.0,0.0,0.0,0.0
UPS,Bear Call Spread,-59.83,-240.0,240.0,260.0,39.33,60.67,-0.2301153846153846,-21.000000000000004,0.0,-1.0000000000000009,0.9999999999999996,0.0,0.0,0.0,0.0,0.0,-1.0,0.0,0.0,0.0,0.0,1.0,0.0,0.0,0.0,0.0,0.0,0.0,0.0,0.0,0.0,0.0,0.0,0.0,0.0,0.0,0.0,0.0,0.0,0.0,0.0,0.0,0.0,0.0
UPS,Bear Call Spread,-164.84,-194.0,194.0,706.0,47.69,52.31,-0.2334844192634561,-34.0,-2.0000000000000004,0.9999999999999996,-1.9999999999999991,-1.0,0.0,0.0,0.0,0.0,0.0,0.0,-1.0,0.0,0.0,0.0,0.0,0.0,0.0,0.0,0.0,1.0,0.0,0.0,0.0,0.0,0.0,0.0,0.0,0.0,0.0,0.0,0.0,0.0,0.0,0.0,0.0,0.0
UPS,Bear Call Spread,-23.14,-3.0,3.0,97.0,72.26,27.74,-0.23855670103092785,-2.9999999999999973,-1.0000000000000002,0.0,-0.9999999999999996,0.0,0.0,0.0,0.0,0.0,0.0,0.0,0.0,0.0,0.0,0.0,0.0,0.0,0.0,-1.0,1.0,0.0,0.0,0.0,0.0,0.0,0.0,0.0,0.0,0.0,0.0,0.0,0.0,0.0,0.0,0.0,0.0,0.0
UPS,Bear Call Spread,-22.7,-7.0,7.0,93.0,68.44,31.56,-0.24408602150537634,-3.0000000000000027,0.0,1.0000000000000009,0.0,0.0,0.0,0.0,0.0,0.0,0.0,0.0,0.0,0.0,0.0,0.0,0.0,0.0,-1.0,1.0,0.0,0.0,0.0,0.0,0.0,0.0,0.0,0.0,0.0,0.0,0.0,0.0,0.0,0.0,0.0,0.0,0.0,0.0
UPS,Bear Call Spread,-50.39,-97.0,97.0,203.0,47.69,52.31,-0.24822660098522167,-12.0,0.0,0.0,0.0,0.0,0.0,0.0,0.0,0.0,0.0,0.0,0.0,-1.0,0.0,0.0,1.0,0.0,0.0,0.0,0.0,0.0,0.0,0.0,0.0,0.0,0.0,0.0,0.0,0.0,0.0,0.0,0.0,0.0,0.0,0.0,0.0,0.0
UPS,Bear Call Spread,-35.69,-57.0,57.0,143.0,51.06,48.94,-0.24958041958041957,-7.9999999999999964,0.0,0.0,0.0,0.0,0.0,0.0,0.0,0.0,0.0,0.0,0.0,0.0,-1.0,0.0,1.0,0.0,0.0,0.0,0.0,0.0,0.0,0.0,0.0,0.0,0.0,0.0,0.0,0.0,0.0,0.0,0.0,0.0,0.0,0.0,0.0,0.0
UPS,Bear Call Spread,-154.76,-181.0,181.0,619.0,47.12,52.87,-0.250016155088853,-30.999999999999993,-2.0000000000000004,0.0,-1.9999999999999991,-1.0,0.0,0.0,0.0,0.0,0.0,0.0,-1.0,0.0,0.0,0.0,0.0,0.0,0.0,0.0,1.0,0.0,0.0,0.0,0.0,0.0,0.0,0.0,0.0,0.0,0.0,0.0,0.0,0.0,0.0,0.0,0.0,0.0
UPS,Bear Call Spread,-137.25,-353.0,353.0,547.0,39.88,60.12,-0.2509140767824497,-36.99999999999999,0.0,-1.0000000000000009,0.0,-1.0,0.0,0.0,0.0,-1.0,0.0,0.0,0.0,0.0,0.0,0.0,0.0,0.0,1.0,0.0,0.0,0.0,0.0,0.0,0.0,0.0,0.0,0.0,0.0,0.0,0.0,0.0,0.0,0.0,0.0,0.0,0.0,0.0
UPS,Bear Call Spread,-98.73,-14.0,14.0,386.0,64.52,35.48,-0.25577720207253885,-11.000000000000002,-1.0000000000000002,0.9999999999999996,-0.9999999999999996,0.0,0.0,0.0,0.0,0.0,0.0,0.0,0.0,0.0,0.0,0.0,0.0,-1.0,0.0,0.0,0.0,1.0,0.0,0.0,0.0,0.0,0.0,0.0,0.0,0.0,0.0,0.0,0.0,0.0,0.0,0.0,0.0,0.0
UPS,Bear Call Spread,-201.35,-478.0,478.0,722.0,36.14,63.85,-0.2788781163434903,-45.0,1.0000000000000002,0.0,0.9999999999999996,-1.0,0.0,-1.0,0.0,0.0,0.0,0.0,0.0,0.0,0.0,0.0,0.0,0.0,0.0,1.0,0.0,0.0,0.0,0.0,0.0,0.0,0.0,0.0,0.0,0.0,0.0,0.0,0.0,0.0,0.0,0.0,0.0,0.0
UPS,Bear Call Spread,-210.19,-553.0,553.0,747.0,34.6,65.39,-0.2813788487282463,-51.0,1.0000000000000002,-3.0,2.0000000000000004,-1.0,-1.0,0.0,0.0,0.0,0.0,0.0,0.0,0.0,0.0,0.0,0.0,0.0,0.0,1.0,0.0,0.0,0.0,0.0,0.0,0.0,0.0,0.0,0.0,0.0,0.0,0.0,0.0,0.0,0.0,0.0,0.0,0.0
UPS,Bear Call Spread,-135.43,-321.0,321.0,479.0,38.25,61.74,-0.28273486430062633,-34.99999999999999,0.0,0.0,0.0,-1.0,0.0,0.0,0.0,-1.0,0.0,0.0,0.0,0.0,0.0,0.0,0.0,1.0,0.0,0.0,0.0,0.0,0.0,0.0,0.0,0.0,0.0,0.0,0.0,0.0,0.0,0.0,0.0,0.0,0.0,0.0,0.0,0.0
UPS,Bear Call Spread,-200.11,-398.0,398.0,702.0,37.19,62.81,-0.2850569800569801,-41.0,1.0000000000000002,2.0000000000000018,0.0,-1.0,0.0,0.0,-1.0,0.0,0.0,0.0,0.0,0.0,0.0,0.0,0.0,0.0,0.0,1.0,0.0,0.0,0.0,0.0,0.0,0.0,0.0,0.0,0.0,0.0,0.0,0.0,0.0,0.0,0.0,0.0,0.0,0.0
UPS,Bear Call Spread,-60.75,-190.0,190.0,210.0,36.67,63.33,-0.2892857142857143,-17.000000000000004,0.0,-1.0000000000000009,0.9999999999999996,0.0,0.0,0.0,0.0,0.0,-1.0,0.0,0.0,0.0,1.0,0.0,0.0,0.0,0.0,0.0,0.0,0.0,0.0,0.0,0.0,0.0,0.0,0.0,0.0,0.0,0.0,0.0,0.0,0.0,0.0,0.0,0.0,0.0
UPS,Bear Call Spread,-161.63,-148.0,148.0,552.0,45.43,54.56,-0.29280797101449274,-27.999999999999996,-1.0000000000000002,0.0,-0.9999999999999996,-1.0,0.0,0.0,0.0,0.0,0.0,0.0,-1.0,0.0,0.0,0.0,0.0,0.0,0.0,1.0,0.0,0.0,0.0,0.0,0.0,0.0,0.0,0.0,0.0,0.0,0.0,0.0,0.0,0.0,0.0,0.0,0.0,0.0
UPS,Bear Call Spread,-88.65,-1.0,1.0,299.0,64.06,35.94,-0.2964882943143813,-8.000000000000002,-1.0000000000000002,0.0,-0.9999999999999996,0.0,0.0,0.0,0.0,0.0,0.0,0.0,0.0,0.0,0.0,0.0,0.0,-1.0,0.0,0.0,1.0,0.0,0.0,0.0,0.0,0.0,0.0,0.0,0.0,0.0,0.0,0.0,0.0,0.0,0.0,0.0,0.0,0.0
UPS,Bear Call Spread,-50.45,-129.99999999999994,129.99999999999994,170.00000000000006,38.79,61.21,-0.2967647058823529,-13.0,0.0,0.0,0.0,0.0,0.0,0.0,0.0,0.0,0.0,-1.0,0.0,0.0,1.0,0.0,0.0,0.0,0.0,0.0,0.0,0.0,0.0,0.0,0.0,0.0,0.0,0.0,0.0,0.0,0.0,0.0,0.0,0.0,0.0,0.0,0.0,0.0
UPS,Bear Call Spread,-196.65,-453.0,453.0,647.0,34.6,65.39,-0.30394126738794436,-42.0,1.0000000000000002,-1.0000000000000009,0.9999999999999996,-1.0,0.0,-1.0,0.0,0.0,0.0,0.0,0.0,0.0,0.0,0.0,0.0,0.0,1.0,0.0,0.0,0.0,0.0,0.0,0.0,0.0,0.0,0.0,0.0,0.0,0.0,0.0,0.0,0.0,0.0,0.0,0.0,0.0
UPS,Bear Call Spread,-205.49,-528.0,528.0,672.0,33.6,66.4,-0.3057886904761905,-48.00000000000001,1.0000000000000002,-4.000000000000001,2.0000000000000004,-1.0,-1.0,0.0,0.0,0.0,0.0,0.0,0.0,0.0,0.0,0.0,0.0,0.0,1.0,0.0,0.0,0.0,0.0,0.0,0.0,0.0,0.0,0.0,0.0,0.0,0.0,0.0,0.0,0.0,0.0,0.0,0.0,0.0
UPS,Bear Call Spread,-195.41,-373.0,373.0,627.0,35.63,64.37,-0.31165869218500797,-37.99999999999999,1.0000000000000002,1.0000000000000009,0.0,-1.0,0.0,0.0,-1.0,0.0,0.0,0.0,0.0,0.0,0.0,0.0,0.0,0.0,1.0,0.0,0.0,0.0,0.0,0.0,0.0,0.0,0.0,0.0,0.0,0.0,0.0,0.0,0.0,0.0,0.0,0.0,0.0,0.0
UPS,Bear Call Spread,-43.79,-60.0,60.0,140.0,46.0,54.0,-0.3127857142857143,-8.000000000000002,0.0,0.0,0.0,0.0,0.0,0.0,0.0,0.0,0.0,0.0,0.0,-1.0,0.0,1.0,0.0,0.0,0.0,0.0,0.0,0.0,0.0,0.0,0.0,0.0,0.0,0.0,0.0,0.0,0.0,0.0,0.0,0.0,0.0,0.0,0.0,0.0
UPS,Bear Call Spread,-130.96,-287.0,287.0,413.0,36.14,63.85,-0.3170944309927361,-28.999999999999993,0.0,-2.0000000000000018,0.9999999999999996,0.0,0.0,0.0,0.0,-1.0,0.0,0.0,0.0,0.0,0.0,0.0,1.0,0.0,0.0,0.0,0.0,0.0,0.0,0.0,0.0,0.0,0.0,0.0,0.0,0.0,0.0,0.0,0.0,0.0,0.0,0.0,0.0,0.0
UPS,Bear Call Spread,-156.93,-123.0,123.0,477.0,43.75,56.25,-0.3289937106918239,-24.999999999999993,-1.0000000000000002,-1.0000000000000009,-0.9999999999999996,-1.0,0.0,0.0,0.0,0.0,0.0,0.0,-1.0,0.0,0.0,0.0,0.0,0.0,1.0,0.0,0.0,0.0,0.0,0.0,0.0,0.0,0.0,0.0,0.0,0.0,0.0,0.0,0.0,0.0,0.0,0.0,0.0,0.0
UPS,Bear Call Spread,-30.47,-8.0,8.0,92.0,59.67,40.33,-0.33119565217391306,-6.0,0.0,2.0000000000000018,-0.9999999999999996,-1.0,0.0,0.0,0.0,0.0,0.0,0.0,0.0,0.0,0.0,0.0,-1.0,1.0,0.0,0.0,0.0,0.0,0.0,0.0,0.0,0.0,0.0,0.0,0.0,0.0,0.0,0.0,0.0,0.0,0.0,0.0,0.0,0.0
UPS,Bear Call Spread,-194.84,-421.0,421.0,579.0,33.11,66.89,-0.3365112262521589,-40.0,1.0000000000000002,0.0,0.9999999999999996,-1.0,0.0,-1.0,0.0,0.0,0.0,0.0,0.0,0.0,0.0,0.0,0.0,1.0,0.0,0.0,0.0,0.0,0.0,0.0,0.0,0.0,0.0,0.0,0.0,0.0,0.0,0.0,0.0,0.0,0.0,0.0,0.0,0.0
UPS,Bear Call Spread,-203.68,-496.0,496.0,604.0,31.65,68.34,-0.3372185430463576,-46.0,1.0000000000000002,-3.0,2.0000000000000004,-1.0,-1.0,0.0,0.0,0.0,0.0,0.0,0.0,0.0,0.0,0.0,0.0,1.0,0.0,0.0,0.0,0.0,0.0,0.0,0.0,0.0,0.0,0.0,0.0,0.0,0.0,0.0,0.0,0.0,0.0,0.0,0.0,0.0
UPS,Bear Call Spread,-193.6,-341.0,341.0,559.0,34.1,65.9,-0.34633273703041145,-35.99999999999999,1.0000000000000002,2.0000000000000018,0.0,-1.0,0.0,0.0,-1.0,0.0,0.0,0.0,0.0,0.0,0.0,0.0,0.0,1.0,0.0,0.0,0.0,0.0,0.0,0.0,0.0,0.0,0.0,0.0,0.0,0.0,0.0,0.0,0.0,0.0,0.0,0.0,0.0,0.0
UPS,Bear Call Spread,-56.04,-140.0,140.0,160.0,34.1,65.9,-0.35025,-13.0,0.0,-1.0000000000000009,0.9999999999999996,0.0,0.0,0.0,0.0,0.0,-1.0,0.0,0.0,1.0,0.0,0.0,0.0,0.0,0.0,0.0,0.0,0.0,0.0,0.0,0.0,0.0,0.0,0.0,0.0,0.0,0.0,0.0,0.0,0.0,0.0,0.0,0.0,0.0
UPS,Bear Call Spread,-124.35,-250.0,250.0,350.0,34.6,65.39,-0.35528571428571426,-24.999999999999993,0.0,-2.0000000000000018,0.9999999999999996,0.0,0.0,0.0,0.0,-1.0,0.0,0.0,0.0,0.0,0.0,1.0,0.0,0.0,0.0,0.0,0.0,0.0,0.0,0.0,0.0,0.0,0.0,0.0,0.0,0.0,0.0,0.0,0.0,0.0,0.0,0.0,0.0,0.0
UPS,Bear Call Spread,-29.08,-20.0,20.0,80.0,49.38,50.62,-0.3635,-3.9999999999999982,0.0,0.0,0.0,0.0,0.0,0.0,0.0,0.0,0.0,0.0,0.0,0.0,-1.0,1.0,0.0,0.0,0.0,0.0,0.0,0.0,0.0,0.0,0.0,0.0,0.0,0.0,0.0,0.0,0.0,0.0,0.0,0.0,0.0,0.0,0.0,0.0
UPS,Bear Call Spread,-199.21,-462.0,462.0,538.0,30.25,69.75,-0.37027881040892197,-40.0,1.0000000000000002,-5.000000000000002,3.0,0.0,-1.0,0.0,0.0,0.0,0.0,0.0,0.0,0.0,0.0,0.0,1.0,0.0,0.0,0.0,0.0,0.0,0.0,0.0,0.0,0.0,0.0,0.0,0.0,0.0,0.0,0.0,0.0,0.0,0.0,0.0,0.0,0.0
UPS,Bear Call Spread,-190.37,-387.0,387.0,513.0,31.18,68.82,-0.3710916179337232,-34.0,1.0000000000000002,-2.0000000000000018,1.9999999999999991,0.0,0.0,-1.0,0.0,0.0,0.0,0.0,0.0,0.0,0.0,0.0,1.0,0.0,0.0,0.0,0.0,0.0,0.0,0.0,0.0,0.0,0.0,0.0,0.0,0.0,0.0,0.0,0.0,0.0,0.0,0.0,0.0,0.0
UPS,Bear Call Spread,-155.11,-91.0,91.0,409.0,42.08,57.92,-0.3792420537897311,-22.999999999999993,-1.0000000000000002,0.0,-0.9999999999999996,-1.0,0.0,0.0,0.0,0.0,0.0,0.0,-1.0,0.0,0.0,0.0,0.0,1.0,0.0,0.0,0.0,0.0,0.0,0.0,0.0,0.0,0.0,0.0,0.0,0.0,0.0,0.0,0.0,0.0,0.0,0.0,0.0,0.0
UPS,Bear Call Spread,-45.75,-79.99999999999994,79.99999999999994,120.00000000000006,36.14,63.85,-0.3812499999999998,-8.999999999999996,0.0,0.0,0.0,0.0,0.0,0.0,0.0,0.0,0.0,-1.0,0.0,1.0,0.0,0.0,0.0,0.0,0.0,0.0,0.0,0.0,0.0,0.0,0.0,0.0,0.0,0.0,0.0,0.0,0.0,0.0,0.0,0.0,0.0,0.0,0.0,0.0
UPS,Bear Call Spread,-189.12,-307.0,307.0,493.0,32.13,67.86,-0.3836105476673428,-29.999999999999993,1.0000000000000002,0.0,0.9999999999999996,0.0,0.0,0.0,-1.0,0.0,0.0,0.0,0.0,0.0,0.0,0.0,1.0,0.0,0.0,0.0,0.0,0.0,0.0,0.0,0.0,0.0,0.0,0.0,0.0,0.0,0.0,0.0,0.0,0.0,0.0,0.0,0.0,0.0
UPS,Bear Call Spread,-192.6,-425.0,425.0,475.0,28.46,71.54,-0.4054736842105263,-36.00000000000001,1.0000000000000002,-5.000000000000002,3.0,0.0,-1.0,0.0,0.0,0.0,0.0,0.0,0.0,0.0,0.0,1.0,0.0,0.0,0.0,0.0,0.0,0.0,0.0,0.0,0.0,0.0,0.0,0.0,0.0,0.0,0.0,0.0,0.0,0.0,0.0,0.0,0.0,0.0
UPS,Bear Call Spread,-183.76,-350.0,350.0,450.0,29.79,70.2,-0.4083555555555555,-30.0,1.0000000000000002,-2.0000000000000018,1.9999999999999991,0.0,0.0,-1.0,0.0,0.0,0.0,0.0,0.0,0.0,0.0,1.0,0.0,0.0,0.0,0.0,0.0,0.0,0.0,0.0,0.0,0.0,0.0,0.0,0.0,0.0,0.0,0.0,0.0,0.0,0.0,0.0,0.0,0.0
UPS,Bear Call Spread,-125.27,-200.0,200.0,300.0,32.13,67.86,-0.41756666666666664,-20.999999999999996,0.0,-2.0000000000000018,0.9999999999999996,0.0,0.0,0.0,0.0,-1.0,0.0,0.0,0.0,0.0,1.0,0.0,0.0,0.0,0.0,0.0,0.0,0.0,0.0,0.0,0.0,0.0,0.0,0.0,0.0,0.0,0.0,0.0,0.0,0.0,0.0,0.0,0.0,0.0
UPS,Bear Call Spread,-182.51,-270.0,270.0,430.0,30.71,69.28,-0.4244418604651163,-25.999999999999996,1.0000000000000002,0.0,0.9999999999999996,0.0,0.0,0.0,-1.0,0.0,0.0,0.0,0.0,0.0,0.0,1.0,0.0,0.0,0.0,0.0,0.0,0.0,0.0,0.0,0.0,0.0,0.0,0.0,0.0,0.0,0.0,0.0,0.0,0.0,0.0,0.0,0.0,0.0
UPS,Bear Call Spread,-150.64,-57.0,57.0,343.0,39.88,60.12,-0.4391836734693877,-16.999999999999993,-1.0000000000000002,-2.0000000000000018,0.0,0.0,0.0,0.0,0.0,0.0,0.0,0.0,-1.0,0.0,0.0,0.0,1.0,0.0,0.0,0.0,0.0,0.0,0.0,0.0,0.0,0.0,0.0,0.0,0.0,0.0,0.0,0.0,0.0,0.0,0.0,0.0,0.0,0.0
UPS,Bear Call Spread,-193.51,-375.0,375.0,425.0,26.35,73.65,-0.4553176470588235,-32.00000000000001,1.0000000000000002,-5.000000000000002,3.0,0.0,-1.0,0.0,0.0,0.0,0.0,0.0,0.0,0.0,1.0,0.0,0.0,0.0,0.0,0.0,0.0,0.0,0.0,0.0,0.0,0.0,0.0,0.0,0.0,0.0,0.0,0.0,0.0,0.0,0.0,0.0,0.0,0.0
UPS,Bear Call Spread,-184.67,-300.0,300.0,400.0,27.6,72.4,-0.46167499999999995,-26.0,1.0000000000000002,-2.0000000000000018,1.9999999999999991,0.0,0.0,-1.0,0.0,0.0,0.0,0.0,0.0,0.0,1.0,0.0,0.0,0.0,0.0,0.0,0.0,0.0,0.0,0.0,0.0,0.0,0.0,0.0,0.0,0.0,0.0,0.0,0.0,0.0,0.0,0.0,0.0,0.0
UPS,Bear Call Spread,-55.79,-79.99999999999994,79.99999999999994,120.00000000000006,31.18,68.82,-0.4649166666666664,-8.000000000000007,1.0000000000000002,1.0000000000000009,0.9999999999999996,0.0,0.0,0.0,0.0,0.0,-1.0,0.0,1.0,0.0,0.0,0.0,0.0,0.0,0.0,0.0,0.0,0.0,0.0,0.0,0.0,0.0,0.0,0.0,0.0,0.0,0.0,0.0,0.0,0.0,0.0,0.0,0.0,0.0
UPS,Bear Call Spread,-120.57,-150.0,150.0,250.0,29.79,70.2,-0.48228,-16.999999999999993,0.0,-2.0000000000000018,0.9999999999999996,0.0,0.0,0.0,0.0,-1.0,0.0,0.0,0.0,1.0,0.0,0.0,0.0,0.0,0.0,0.0,0.0,0.0,0.0,0.0,0.0,0.0,0.0,0.0,0.0,0.0,0.0,0.0,0.0,0.0,0.0,0.0,0.0,0.0
UPS,Bear Call Spread,-183.43,-220.0,220.0,380.0,28.46,71.54,-0.4827105263157895,-21.999999999999996,1.0000000000000002,0.0,0.9999999999999996,0.0,0.0,0.0,-1.0,0.0,0.0,0.0,0.0,0.0,1.0,0.0,0.0,0.0,0.0,0.0,0.0,0.0,0.0,0.0,0.0,0.0,0.0,0.0,0.0,0.0,0.0,0.0,0.0,0.0,0.0,0.0,0.0,0.0
UPS,Bear Call Spread,-44.7,-10.0,10.0,90.0,43.19,56.81,-0.4966666666666667,-4.0000000000000036,0.0,0.0,0.0,0.0,0.0,0.0,0.0,0.0,0.0,0.0,0.0,-1.0,1.0,0.0,0.0,0.0,0.0,0.0,0.0,0.0,0.0,0.0,0.0,0.0,0.0,0.0,0.0,0.0,0.0,0.0,0.0,0.0,0.0,0.0,0.0,0.0
UPS,Bear Call Spread,-188.81,-325.0,325.0,375.0,24.39,75.61,-0.5034933333333333,-28.000000000000004,1.0000000000000002,-5.000000000000002,3.0,0.0,-1.0,0.0,0.0,0.0,0.0,0.0,0.0,1.0,0.0,0.0,0.0,0.0,0.0,0.0,0.0,0.0,0.0,0.0,0.0,0.0,0.0,0.0,0.0,0.0,0.0,0.0,0.0,0.0,0.0,0.0,0.0,0.0
UPS,Bear Call Spread,-179.97,-250.0,250.0,350.0,25.55,74.45,-0.5142,-21.999999999999996,1.0000000000000002,-2.0000000000000018,1.9999999999999991,0.0,0.0,-1.0,0.0,0.0,0.0,0.0,0.0,1.0,0.0,0.0,0.0,0.0,0.0,0.0,0.0,0.0,0.0,0.0,0.0,0.0,0.0,0.0,0.0,0.0,0.0,0.0,0.0,0.0,0.0,0.0,0.0,0.0
UPS,Bear Call Spread,-144.03,-20.0,20.0,280.0,38.25,61.74,-0.5143928571428571,-12.999999999999995,-1.0000000000000002,-2.0000000000000018,0.0,0.0,0.0,0.0,0.0,0.0,0.0,0.0,-1.0,0.0,0.0,1.0,0.0,0.0,0.0,0.0,0.0,0.0,0.0,0.0,0.0,0.0,0.0,0.0,0.0,0.0,0.0,0.0,0.0,0.0,0.0,0.0,0.0,0.0
UPS,Bear Call Spread,-178.73,-170.0,170.0,330.0,26.35,73.65,-0.5416060606060605,-17.999999999999993,1.0000000000000002,0.0,0.9999999999999996,0.0,0.0,0.0,-1.0,0.0,0.0,0.0,0.0,1.0,0.0,0.0,0.0,0.0,0.0,0.0,0.0,0.0,0.0,0.0,0.0,0.0,0.0,0.0,0.0,0.0,0.0,0.0,0.0,0.0,0.0,0.0,0.0,0.0
UPS,Bear Call Spread,-188.56,-264.99999999999994,264.99999999999994,335.00000000000006,22.24,77.76,-0.5628656716417909,-23.00000000000001,2.0000000000000004,-3.0,3.0,0.0,-1.0,0.0,0.0,0.0,0.0,0.0,1.0,0.0,0.0,0.0,0.0,0.0,0.0,0.0,0.0,0.0,0.0,0.0,0.0,0.0,0.0,0.0,0.0,0.0,0.0,0.0,0.0,0.0,0.0,0.0,0.0,0.0
UPS,Bear Call Spread,-45.5,-19.999999999999886,19.999999999999886,80.00000000000011,33.11,66.89,-0.5687499999999992,-4.0000000000000036,1.0000000000000002,2.0000000000000018,0.0,0.0,0.0,0.0,0.0,0.0,0.0,-1.0,1.0,0.0,0.0,0.0,0.0,0.0,0.0,0.0,0.0,0.0,0.0,0.0,0.0,0.0,0.0,0.0,0.0,0.0,0.0,0.0,0.0,0.0,0.0,0.0,0.0,0.0
UPS,Bear Call Spread,-120.32,-89.99999999999994,89.99999999999994,210.00000000000006,27.17,72.82,-0.5729523809523808,-12.0,1.0000000000000002,0.0,0.9999999999999996,0.0,0.0,0.0,0.0,-1.0,0.0,0.0,1.0,0.0,0.0,0.0,0.0,0.0,0.0,0.0,0.0,0.0,0.0,0.0,0.0,0.0,0.0,0.0,0.0,0.0,0.0,0.0,0.0,0.0,0.0,0.0,0.0,0.0
UPS,Bear Call Spread,-40.29,-30.0,30.0,70.0,28.9,71.1,-0.5755714285714285,-4.0000000000000036,0.0,-1.0000000000000009,0.9999999999999996,0.0,0.0,0.0,0.0,0.0,-1.0,1.0,0.0,0.0,0.0,0.0,0.0,0.0,0.0,0.0,0.0,0.0,0.0,0.0,0.0,0.0,0.0,0.0,0.0,0.0,0.0,0.0,0.0,0.0,0.0,0.0,0.0,0.0
UPS,Bear Call Spread,-179.72,-189.99999999999994,189.99999999999994,310.00000000000006,23.29,76.71,-0.5797419354838709,-17.000000000000004,2.0000000000000004,0.0,1.9999999999999991,0.0,0.0,-1.0,0.0,0.0,0.0,0.0,1.0,0.0,0.0,0.0,0.0,0.0,0.0,0.0,0.0,0.0,0.0,0.0,0.0,0.0,0.0,0.0,0.0,0.0,0.0,0.0,0.0,0.0,0.0,0.0,0.0,0.0
UPS,Bear Call Spread,-173.06,-215.0,215.0,285.0,20.6,79.4,-0.6072280701754386,-19.000000000000007,1.0000000000000002,-5.000000000000002,3.0,0.0,-1.0,0.0,0.0,0.0,0.0,1.0,0.0,0.0,0.0,0.0,0.0,0.0,0.0,0.0,0.0,0.0,0.0,0.0,0.0,0.0,0.0,0.0,0.0,0.0,0.0,0.0,0.0,0.0,0.0,0.0,0.0,0.0
UPS,Bear Call Spread,-178.48,-109.99999999999994,109.99999999999994,290.00000000000006,24.02,75.98,-0.6154482758620688,-13.0,2.0000000000000004,2.0000000000000018,0.9999999999999996,0.0,0.0,0.0,-1.0,0.0,0.0,0.0,1.0,0.0,0.0,0.0,0.0,0.0,0.0,0.0,0.0,0.0,0.0,0.0,0.0,0.0,0.0,0.0,0.0,0.0,0.0,0.0,0.0,0.0,0.0,0.0,0.0,0.0
UPS,Bear Call Spread,-164.22,-140.0,140.0,260.0,21.56,78.43,-0.6316153846153846,-13.0,1.0000000000000002,-2.0000000000000018,1.9999999999999991,0.0,0.0,-1.0,0.0,0.0,0.0,1.0,0.0,0.0,0.0,0.0,0.0,0.0,0.0,0.0,0.0,0.0,0.0,0.0,0.0,0.0,0.0,0.0,0.0,0.0,0.0,0.0,0.0,0.0,0.0,0.0,0.0,0.0
UPS,Bear Call Spread,-104.82,-40.0,40.0,160.0,25.16,74.84,-0.655125,-7.9999999999999964,0.0,-2.0000000000000018,0.9999999999999996,0.0,0.0,0.0,0.0,-1.0,0.0,1.0,0.0,0.0,0.0,0.0,0.0,0.0,0.0,0.0,0.0,0.0,0.0,0.0,0.0,0.0,0.0,0.0,0.0,0.0,0.0,0.0,0.0,0.0,0.0,0.0,0.0,0.0
UPS,Bear Call Spread,-172.77,-145.0,145.0,255.0,18.53,81.47,-0.6775294117647059,-15.000000000000002,1.0000000000000002,-4.000000000000001,2.0000000000000004,0.0,-1.0,0.0,0.0,0.0,1.0,0.0,0.0,0.0,0.0,0.0,0.0,0.0,0.0,0.0,0.0,0.0,0.0,0.0,0.0,0.0,0.0,0.0,0.0,0.0,0.0,0.0,0.0,0.0,0.0,0.0,0.0,0.0
UPS,Bear Call Spread,-162.98,-60.0,60.0,240.0,22.24,77.76,-0.6790833333333333,-8.999999999999996,1.0000000000000002,0.0,0.9999999999999996,0.0,0.0,0.0,-1.0,0.0,0.0,1.0,0.0,0.0,0.0,0.0,0.0,0.0,0.0,0.0,0.0,0.0,0.0,0.0,0.0,0.0,0.0,0.0,0.0,0.0,0.0,0.0,0.0,0.0,0.0,0.0,0.0,0.0
UPS,Bear Call Spread,-163.93,-70.0,70.0,230.0,19.38,80.61,-0.7127391304347827,-8.999999999999996,1.0000000000000002,-1.0000000000000009,0.9999999999999996,0.0,0.0,-1.0,0.0,0.0,1.0,0.0,0.0,0.0,0.0,0.0,0.0,0.0,0.0,0.0,0.0,0.0,0.0,0.0,0.0,0.0,0.0,0.0,0.0,0.0,0.0,0.0,0.0,0.0,0.0,0.0,0.0,0.0
UPS,Bear Call Spread,-188.24,-55.0,55.0,245.0,16.2,83.8,-0.768326530612245,-11.00000000000001,1.0000000000000002,-3.0,2.0000000000000004,0.0,-1.0,0.0,0.0,1.0,0.0,0.0,0.0,0.0,0.0,0.0,0.0,0.0,0.0,0.0,0.0,0.0,0.0,0.0,0.0,0.0,0.0,0.0,0.0,0.0,0.0,0.0,0.0,0.0,0.0,0.0,0.0,0.0
UPS,Bear Put Spread,-78.63,469.0,231.00000000000068,469.0,49.94,50.06,-0.1676545842217484,-36.00000000000001,0.0,6.000000000000001,-3.0,-2.0,0.0,0.0,0.0,0.0,0.0,0.0,0.0,0.0,0.0,0.0,0.0,0.0,0.0,0.0,0.0,0.0,0.0,0.0,0.0,0.0,0.0,0.0,-1.0,0.0,0.0,0.0,0.0,0.0,0.0,1.0,0.0,0.0
UPS,Bear Put Spread,-113.35,634.0,566.0000000000007,634.0,40.42,59.58,-0.17878548895899052,-55.00000000000001,1.0000000000000002,3.9999999999999996,-1.0000000000000009,-3.0,0.0,0.0,0.0,0.0,0.0,0.0,0.0,0.0,0.0,0.0,0.0,0.0,0.0,0.0,0.0,0.0,0.0,-1.0,0.0,0.0,0.0,0.0,0.0,0.0,0.0,0.0,0.0,0.0,0.0,1.0,0.0,0.0
UPS,Bear Put Spread,-69.68,375.0,125.00000000000068,375.0,54.92,45.07,-0.18581333333333336,-27.0,0.0,6.999999999999999,-3.0,-2.0,0.0,0.0,0.0,0.0,0.0,0.0,0.0,0.0,0.0,0.0,0.0,0.0,0.0,0.0,0.0,0.0,0.0,0.0,0.0,0.0,0.0,0.0,0.0,0.0,-1.0,0.0,0.0,0.0,0.0,1.0,0.0,0.0
UPS,Bear Put Spread,-73.93,394.0,206.0,394.0,48.25,51.75,-0.18763959390862947,-25.999999999999996,0.0,1.0000000000000009,-0.9999999999999996,-0.9999999999999999,0.0,0.0,0.0,0.0,0.0,0.0,0.0,0.0,0.0,0.0,0.0,0.0,0.0,0.0,0.0,0.0,0.0,0.0,0.0,0.0,0.0,0.0,-1.0,0.0,0.0,0.0,0.0,0.0,1.0,0.0,0.0,0.0
UPS,Bear Put Spread,-108.66,559.0,541.0,559.0,39.33,60.67,-0.19438282647584973,-44.99999999999999,1.0000000000000002,-1.0000000000000009,0.9999999999999996,-1.9999999999999998,0.0,0.0,0.0,0.0,0.0,0.0,0.0,0.0,0.0,0.0,0.0,0.0,0.0,0.0,0.0,0.0,0.0,-1.0,0.0,0.0,0.0,0.0,0.0,0.0,0.0,0.0,0.0,0.0,1.0,0.0,0.0,0.0
UPS,Bear Put Spread,-115.95,596.0,404.0000000000007,596.0,42.63,57.37,-0.19454697986577182,-48.00000000000001,0.0,5.0,-2.0000000000000004,-3.0,0.0,0.0,0.0,0.0,0.0,0.0,0.0,0.0,0.0,0.0,0.0,0.0,0.0,0.0,0.0,0.0,0.0,0.0,0.0,-1.0,0.0,0.0,0.0,0.0,0.0,0.0,0.0,0.0,0.0,1.0,0.0,0.0
UPS,Bear Put Spread,-46.64,239.0,161.0,239.0,46.0,54.0,-0.19514644351464436,-18.0,0.0,0.0,0.0,-0.9999999999999999,0.0,0.0,0.0,0.0,0.0,0.0,0.0,0.0,0.0,0.0,0.0,0.0,0.0,0.0,0.0,0.0,0.0,0.0,0.0,0.0,0.0,0.0,-1.0,0.0,0.0,0.0,1.0,0.0,0.0,0.0,0.0,0.0
UPS,Bear Put Spread,-81.37,404.0,496.0,404.0,36.67,63.33,-0.20141089108910892,-37.0,1.0000000000000002,-2.0000000000000018,1.9999999999999991,-1.9999999999999998,0.0,0.0,0.0,0.0,0.0,0.0,0.0,0.0,0.0,0.0,0.0,0.0,0.0,0.0,0.0,0.0,0.0,-1.0,0.0,0.0,0.0,0.0,0.0,0.0,0.0,0.0,1.0,0.0,0.0,0.0,0.0,0.0
UPS,Bear Put Spread,-65.59,320.0,80.00000000000068,320.0,58.12,41.88,-0.20496875,-23.0,0.0,6.000000000000001,-3.0,-1.0000000000000002,0.0,0.0,0.0,0.0,0.0,0.0,0.0,0.0,0.0,0.0,0.0,0.0,0.0,0.0,0.0,0.0,0.0,0.0,0.0,0.0,0.0,0.0,0.0,0.0,0.0,-1.0,0.0,0.0,0.0,1.0,0.0,0.0
UPS,Bear Put Spread,-139.19,676.0,624.0000000000007,676.0,38.25,61.74,-0.2059023668639053,-58.00000000000001,1.0000000000000002,3.0,0.0,-3.0,0.0,0.0,0.0,0.0,0.0,0.0,0.0,0.0,0.0,0.0,0.0,0.0,0.0,0.0,0.0,0.0,-1.0,0.0,0.0,0.0,0.0,0.0,0.0,0.0,0.0,0.0,0.0,0.0,0.0,1.0,0.0,0.0
UPS,Bear Put Spread,-132.11,634.0,466.0000000000007,634.0,40.42,59.58,-0.20837539432176658,-52.0,0.0,3.9999999999999996,-1.0000000000000009,-3.0,0.0,0.0,0.0,0.0,0.0,0.0,0.0,0.0,0.0,0.0,0.0,0.0,0.0,0.0,0.0,0.0,0.0,0.0,-1.0,0.0,0.0,0.0,0.0,0.0,0.0,0.0,0.0,0.0,0.0,1.0,0.0,0.0
UPS,Bear Put Spread,-112.13,537.0,263.0000000000007,537.0,46.0,54.0,-0.20880819366852885,-40.0,0.0,6.000000000000001,-3.0,-2.0,0.0,0.0,0.0,0.0,0.0,0.0,0.0,0.0,0.0,0.0,0.0,0.0,0.0,0.0,0.0,0.0,0.0,0.0,0.0,0.0,0.0,-1.0,0.0,0.0,0.0,0.0,0.0,0.0,0.0,1.0,0.0,0.0
UPS,Bear Put Spread,-111.25,521.0,379.0,521.0,41.52,58.48,-0.21353166986564298,-37.99999999999999,0.0,0.0,0.0,-1.9999999999999998,0.0,0.0,0.0,0.0,0.0,0.0,0.0,0.0,0.0,0.0,0.0,0.0,0.0,0.0,0.0,0.0,0.0,0.0,0.0,-1.0,0.0,0.0,0.0,0.0,0.0,0.0,0.0,0.0,1.0,0.0,0.0,0.0
UPS,Bear Put Spread,-104.84,489.0,511.0,489.0,37.72,62.28,-0.21439672801635992,-40.0,1.0000000000000002,-2.0000000000000018,0.9999999999999996,-1.9999999999999998,0.0,0.0,0.0,0.0,0.0,0.0,0.0,0.0,0.0,0.0,0.0,0.0,0.0,0.0,0.0,0.0,0.0,-1.0,0.0,0.0,0.0,0.0,0.0,0.0,0.0,0.0,0.0,1.0,0.0,0.0,0.0,0.0
UPS,Bear Put Spread,-70.12,324.0,176.0,324.0,46.56,53.44,-0.21641975308641978,-21.000000000000004,0.0,0.0,-0.9999999999999996,-0.9999999999999999,0.0,0.0,0.0,0.0,0.0,0.0,0.0,0.0,0.0,0.0,0.0,0.0,0.0,0.0,0.0,0.0,0.0,0.0,0.0,0.0,0.0,0.0,-1.0,0.0,0.0,0.0,0.0,1.0,0.0,0.0,0.0,0.0
UPS,Bear Put Spread,-64.98,300.0,100.0,300.0,53.83,46.17,-0.21660000000000001,-16.999999999999993,0.0,1.9999999999999991,-0.9999999999999996,-0.9999999999999999,0.0,0.0,0.0,0.0,0.0,0.0,0.0,0.0,0.0,0.0,0.0,0.0,0.0,0.0,0.0,0.0,0.0,0.0,0.0,0.0,0.0,0.0,0.0,0.0,-1.0,0.0,0.0,0.0,1.0,0.0,0.0,0.0
UPS,Bear Put Spread,-99.38,450.0,150.00000000000068,450.0,51.06,48.94,-0.22084444444444443,-31.000000000000007,0.0,6.000000000000001,-3.0,-2.0,0.0,0.0,0.0,0.0,0.0,0.0,0.0,0.0,0.0,0.0,0.0,0.0,0.0,0.0,0.0,0.0,0.0,0.0,0.0,0.0,0.0,0.0,0.0,-1.0,0.0,0.0,0.0,0.0,0.0,1.0,0.0,0.0
UPS,Bear Put Spread,-134.5,601.0,599.0,601.0,37.19,62.81,-0.2237936772046589,-48.0,1.0000000000000002,-2.0000000000000004,2.0000000000000004,-1.9999999999999998,0.0,0.0,0.0,0.0,0.0,0.0,0.0,0.0,0.0,0.0,0.0,0.0,0.0,0.0,0.0,0.0,-1.0,0.0,0.0,0.0,0.0,0.0,0.0,0.0,0.0,0.0,0.0,0.0,1.0,0.0,0.0,0.0
UPS,Bear Put Spread,-77.76,344.0,456.0,344.0,34.6,65.39,-0.22604651162790698,-32.00000000000001,1.0000000000000002,-2.0000000000000018,1.9999999999999991,-1.9999999999999998,0.0,0.0,0.0,0.0,0.0,0.0,0.0,0.0,0.0,0.0,0.0,0.0,0.0,0.0,0.0,0.0,0.0,-1.0,0.0,0.0,0.0,0.0,0.0,0.0,0.0,1.0,0.0,0.0,0.0,0.0,0.0,0.0
UPS,Bear Put Spread,-127.41,559.0,441.0,559.0,39.33,60.67,-0.22792486583184257,-41.99999999999999,0.0,-1.0000000000000009,0.9999999999999996,-1.9999999999999998,0.0,0.0,0.0,0.0,0.0,0.0,0.0,0.0,0.0,0.0,0.0,0.0,0.0,0.0,0.0,0.0,0.0,0.0,-1.0,0.0,0.0,0.0,0.0,0.0,0.0,0.0,0.0,0.0,1.0,0.0,0.0,0.0
UPS,Bear Put Spread,-83.96,366.0,334.0,366.0,38.79,61.21,-0.22939890710382513,-30.0,0.0,-1.0000000000000009,0.9999999999999996,-1.9999999999999998,0.0,0.0,0.0,0.0,0.0,0.0,0.0,0.0,0.0,0.0,0.0,0.0,0.0,0.0,0.0,0.0,0.0,0.0,0.0,-1.0,0.0,0.0,0.0,0.0,0.0,0.0,1.0,0.0,0.0,0.0,0.0,0.0
UPS,Bear Put Spread,-107.43,462.0,238.0,462.0,44.87,55.13,-0.23253246753246753,-29.999999999999993,0.0,1.0000000000000009,-0.9999999999999996,-0.9999999999999999,0.0,0.0,0.0,0.0,0.0,0.0,0.0,0.0,0.0,0.0,0.0,0.0,0.0,0.0,0.0,0.0,0.0,0.0,0.0,0.0,0.0,-1.0,0.0,0.0,0.0,0.0,0.0,0.0,1.0,0.0,0.0,0.0
UPS,Bear Put Spread,-107.44,451.0,349.0,451.0,39.88,60.12,-0.2382261640798226,-33.0,0.0,-1.0000000000000009,0.0,-1.9999999999999998,0.0,0.0,0.0,0.0,0.0,0.0,0.0,0.0,0.0,0.0,0.0,0.0,0.0,0.0,0.0,0.0,0.0,0.0,0.0,-1.0,0.0,0.0,0.0,0.0,0.0,0.0,0.0,1.0,0.0,0.0,0.0,0.0
UPS,Bear Put Spread,-143.42,598.0,302.0000000000007,598.0,42.63,57.37,-0.23983277591973243,-45.0,0.0,5.0,-2.0000000000000004,-2.0,0.0,0.0,0.0,0.0,0.0,0.0,0.0,0.0,0.0,0.0,0.0,0.0,0.0,0.0,0.0,0.0,0.0,0.0,0.0,0.0,-1.0,0.0,0.0,0.0,0.0,0.0,0.0,0.0,0.0,1.0,0.0,0.0
UPS,Bear Put Spread,-107.21,446.0,554.0,446.0,34.6,65.39,-0.2403811659192825,-40.0,1.0000000000000002,-3.0000000000000013,3.0,-1.9999999999999998,0.0,0.0,0.0,0.0,0.0,0.0,0.0,0.0,0.0,0.0,0.0,0.0,0.0,0.0,0.0,0.0,-1.0,0.0,0.0,0.0,0.0,0.0,0.0,0.0,0.0,0.0,1.0,0.0,0.0,0.0,0.0,0.0
UPS,Bear Put Spread,-43.03,179.0,121.0,179.0,43.75,56.25,-0.24039106145251396,-13.000000000000005,0.0,0.0,0.0,-0.9999999999999999,0.0,0.0,0.0,0.0,0.0,0.0,0.0,0.0,0.0,0.0,0.0,0.0,0.0,0.0,0.0,0.0,0.0,0.0,0.0,0.0,0.0,0.0,-1.0,0.0,0.0,1.0,0.0,0.0,0.0,0.0,0.0,0.0
UPS,Bear Put Spread,-130.68,531.0,569.0,531.0,35.63,64.37,-0.24610169491525424,-43.00000000000001,1.0000000000000002,-3.0000000000000013,2.0000000000000004,-1.9999999999999998,0.0,0.0,0.0,0.0,0.0,0.0,0.0,0.0,0.0,0.0,0.0,0.0,0.0,0.0,0.0,0.0,-1.0,0.0,0.0,0.0,0.0,0.0,0.0,0.0,0.0,0.0,0.0,1.0,0.0,0.0,0.0,0.0
UPS,Bear Put Spread,-100.12,404.0,396.0,404.0,36.67,63.33,-0.24782178217821782,-34.0,0.0,-2.0000000000000018,1.9999999999999991,-1.9999999999999998,0.0,0.0,0.0,0.0,0.0,0.0,0.0,0.0,0.0,0.0,0.0,0.0,0.0,0.0,0.0,0.0,0.0,0.0,-1.0,0.0,0.0,0.0,0.0,0.0,0.0,0.0,1.0,0.0,0.0,0.0,0.0,0.0
UPS,Bear Put Spread,-60.89,245.0,55.0,245.0,56.54,43.46,-0.24853061224489797,-12.99999999999999,0.0,1.0000000000000009,-0.9999999999999996,0.0,0.0,0.0,0.0,0.0,0.0,0.0,0.0,0.0,0.0,0.0,0.0,0.0,0.0,0.0,0.0,0.0,0.0,0.0,0.0,0.0,0.0,0.0,0.0,0.0,0.0,-1.0,0.0,0.0,1.0,0.0,0.0,0.0
UPS,Bear Put Spread,-94.68,375.0,125.0,375.0,49.38,50.62,-0.25248000000000004,-20.999999999999996,0.0,1.0000000000000009,-0.9999999999999996,-0.9999999999999999,0.0,0.0,0.0,0.0,0.0,0.0,0.0,0.0,0.0,0.0,0.0,0.0,0.0,0.0,0.0,0.0,0.0,0.0,0.0,0.0,0.0,0.0,0.0,-1.0,0.0,0.0,0.0,0.0,1.0,0.0,0.0,0.0
UPS,Bear Put Spread,-123.6,489.0,411.0,489.0,37.72,62.28,-0.252760736196319,-37.0,0.0,-2.0000000000000018,0.9999999999999996,-1.9999999999999998,0.0,0.0,0.0,0.0,0.0,0.0,0.0,0.0,0.0,0.0,0.0,0.0,0.0,0.0,0.0,0.0,0.0,0.0,-1.0,0.0,0.0,0.0,0.0,0.0,0.0,0.0,0.0,1.0,0.0,0.0,0.0,0.0
UPS,Bear Put Spread,-73.68,289.0,411.0,289.0,32.62,67.38,-0.25494809688581316,-28.000000000000004,1.0000000000000002,-3.0,1.9999999999999991,-1.0,0.0,0.0,0.0,0.0,0.0,0.0,0.0,0.0,0.0,0.0,0.0,0.0,0.0,0.0,0.0,0.0,0.0,-1.0,0.0,0.0,0.0,0.0,0.0,0.0,1.0,0.0,0.0,0.0,0.0,0.0,0.0,0.0
UPS,Bear Put Spread,-37.69,145.0,55.0,145.0,51.06,48.94,-0.2599310344827586,-8.999999999999996,0.0,0.9999999999999981,0.0,-0.9999999999999999,0.0,0.0,0.0,0.0,0.0,0.0,0.0,0.0,0.0,0.0,0.0,0.0,0.0,0.0,0.0,0.0,0.0,0.0,0.0,0.0,0.0,0.0,0.0,0.0,-1.0,0.0,1.0,0.0,0.0,0.0,0.0,0.0
UPS,Bear Put Spread,-80.14,307.0,193.0,307.0,42.08,57.92,-0.261042345276873,-21.999999999999996,0.0,0.0,0.0,-0.9999999999999999,0.0,0.0,0.0,0.0,0.0,0.0,0.0,0.0,0.0,0.0,0.0,0.0,0.0,0.0,0.0,0.0,0.0,0.0,0.0,0.0,0.0,-1.0,0.0,0.0,0.0,0.0,1.0,0.0,0.0,0.0,0.0,0.0
UPS,Bear Put Spread,-80.35,306.0,294.0,306.0,36.67,63.33,-0.2625816993464052,-25.000000000000007,0.0,-1.0000000000000009,0.9999999999999996,-1.9999999999999998,0.0,0.0,0.0,0.0,0.0,0.0,0.0,0.0,0.0,0.0,0.0,0.0,0.0,0.0,0.0,0.0,0.0,0.0,0.0,-1.0,0.0,0.0,0.0,0.0,0.0,1.0,0.0,0.0,0.0,0.0,0.0,0.0
UPS,Bear Put Spread,-103.62,392.0,208.0,392.0,43.19,56.81,-0.2643367346938776,-25.0,0.0,0.0,-0.9999999999999996,-0.9999999999999999,0.0,0.0,0.0,0.0,0.0,0.0,0.0,0.0,0.0,0.0,0.0,0.0,0.0,0.0,0.0,0.0,0.0,0.0,0.0,0.0,0.0,-1.0,0.0,0.0,0.0,0.0,0.0,1.0,0.0,0.0,0.0,0.0
UPS,Bear Put Spread,-138.72,523.0,277.0,523.0,40.97,59.03,-0.2652390057361377,-34.99999999999999,0.0,0.0,0.0,-0.9999999999999999,0.0,0.0,0.0,0.0,0.0,0.0,0.0,0.0,0.0,0.0,0.0,0.0,0.0,0.0,0.0,0.0,0.0,0.0,0.0,0.0,-1.0,0.0,0.0,0.0,0.0,0.0,0.0,0.0,1.0,0.0,0.0,0.0
UPS,Bear Put Spread,-61.16,230.0,70.0,230.0,52.18,47.82,-0.26591304347826084,-12.0,0.0,0.9999999999999981,-0.9999999999999996,-0.9999999999999999,0.0,0.0,0.0,0.0,0.0,0.0,0.0,0.0,0.0,0.0,0.0,0.0,0.0,0.0,0.0,0.0,0.0,0.0,0.0,0.0,0.0,0.0,0.0,0.0,-1.0,0.0,0.0,1.0,0.0,0.0,0.0,0.0
UPS,Bear Put Spread,-71.98,270.0,30.000000000000682,270.0,60.68,39.32,-0.2665925925925926,-18.000000000000004,0.0,6.000000000000001,-3.0,-1.0000000000000002,0.0,0.0,0.0,0.0,0.0,0.0,0.0,0.0,0.0,0.0,0.0,0.0,0.0,0.0,0.0,0.0,0.0,0.0,0.0,0.0,0.0,0.0,0.0,0.0,0.0,0.0,-1.0,0.0,0.0,1.0,0.0,0.0
UPS,Bear Put Spread,-103.6,386.0,514.0,386.0,32.62,67.38,-0.26839378238341965,-35.00000000000001,1.0000000000000002,-3.0000000000000013,3.0,-1.9999999999999998,0.0,0.0,0.0,0.0,0.0,0.0,0.0,0.0,0.0,0.0,0.0,0.0,0.0,0.0,0.0,0.0,-1.0,0.0,0.0,0.0,0.0,0.0,0.0,0.0,0.0,1.0,0.0,0.0,0.0,0.0,0.0,0.0
UPS,Bear Put Spread,-96.52,344.0,356.0,344.0,34.6,65.39,-0.2805813953488372,-29.000000000000004,0.0,-2.0000000000000018,1.9999999999999991,-1.9999999999999998,0.0,0.0,0.0,0.0,0.0,0.0,0.0,0.0,0.0,0.0,0.0,0.0,0.0,0.0,0.0,0.0,0.0,0.0,-1.0,0.0,0.0,0.0,0.0,0.0,0.0,1.0,0.0,0.0,0.0,0.0,0.0,0.0
UPS,Bear Put Spread,-68.97,239.0,361.0,239.0,30.25,69.75,-0.28857740585774055,-24.0,1.0000000000000002,-2.0000000000000018,1.9999999999999991,-1.0,0.0,0.0,0.0,0.0,0.0,0.0,0.0,0.0,0.0,0.0,0.0,0.0,0.0,0.0,0.0,0.0,0.0,-1.0,0.0,0.0,0.0,0.0,0.0,1.0,0.0,0.0,0.0,0.0,0.0,0.0,0.0,0.0
UPS,Bear Put Spread,-134.91,453.0,247.0,453.0,39.33,60.67,-0.2978145695364238,-30.0,0.0,-1.0000000000000009,0.0,-0.9999999999999999,0.0,0.0,0.0,0.0,0.0,0.0,0.0,0.0,0.0,0.0,0.0,0.0,0.0,0.0,0.0,0.0,0.0,0.0,0.0,0.0,-1.0,0.0,0.0,0.0,0.0,0.0,0.0,1.0,0.0,0.0,0.0,0.0
UPS,Bear Put Spread,-90.87,305.0,95.0,305.0,47.69,52.31,-0.2979344262295082,-16.000000000000004,0.0,0.0,-0.9999999999999996,-0.9999999999999999,0.0,0.0,0.0,0.0,0.0,0.0,0.0,0.0,0.0,0.0,0.0,0.0,0.0,0.0,0.0,0.0,0.0,0.0,0.0,0.0,0.0,0.0,0.0,-1.0,0.0,0.0,0.0,1.0,0.0,0.0,0.0,0.0
UPS,Bear Put Spread,-99.52,331.0,469.0,331.0,30.71,69.28,-0.3006646525679758,-31.000000000000007,1.0000000000000002,-3.9999999999999996,3.0,-1.0,0.0,0.0,0.0,0.0,0.0,0.0,0.0,0.0,0.0,0.0,0.0,0.0,0.0,0.0,0.0,0.0,-1.0,0.0,0.0,0.0,0.0,0.0,0.0,0.0,1.0,0.0,0.0,0.0,0.0,0.0,0.0,0.0
UPS,Bear Put Spread,-111.44,368.0,232.0,368.0,38.79,61.21,-0.30282608695652175,-26.999999999999996,0.0,-1.0000000000000009,0.9999999999999996,-0.9999999999999999,0.0,0.0,0.0,0.0,0.0,0.0,0.0,0.0,0.0,0.0,0.0,0.0,0.0,0.0,0.0,0.0,0.0,0.0,0.0,0.0,-1.0,0.0,0.0,0.0,0.0,0.0,1.0,0.0,0.0,0.0,0.0,0.0
UPS,Bear Put Spread,-76.27,251.0,249.0,251.0,34.6,65.39,-0.3038645418326693,-21.000000000000004,0.0,-1.9999999999999991,0.9999999999999996,-1.0,0.0,0.0,0.0,0.0,0.0,0.0,0.0,0.0,0.0,0.0,0.0,0.0,0.0,0.0,0.0,0.0,0.0,0.0,0.0,-1.0,0.0,0.0,0.0,0.0,1.0,0.0,0.0,0.0,0.0,0.0,0.0,0.0
UPS,Bear Put Spread,-67.39,220.0,80.0,220.0,47.12,52.87,-0.3063181818181818,-13.0,0.0,0.0,0.0,-0.9999999999999999,0.0,0.0,0.0,0.0,0.0,0.0,0.0,0.0,0.0,0.0,0.0,0.0,0.0,0.0,0.0,0.0,0.0,0.0,0.0,0.0,0.0,0.0,0.0,-1.0,0.0,0.0,1.0,0.0,0.0,0.0,0.0,0.0
UPS,Bear Put Spread,-76.53,247.00000000000003,152.99999999999997,247.00000000000003,39.88,60.12,-0.3098380566801619,-17.000000000000004,0.0,0.0,0.0,-0.9999999999999999,0.0,0.0,0.0,0.0,0.0,0.0,0.0,0.0,0.0,0.0,0.0,0.0,0.0,0.0,0.0,0.0,0.0,0.0,0.0,0.0,0.0,-1.0,0.0,0.0,0.0,1.0,0.0,0.0,0.0,0.0,0.0,0.0
UPS,Bear Put Spread,-58.73,189.0,311.0,189.0,28.02,71.97,-0.3107407407407407,-19.0,1.0000000000000002,-2.0000000000000018,1.9999999999999991,-1.0,0.0,0.0,0.0,0.0,0.0,0.0,0.0,0.0,0.0,0.0,0.0,0.0,0.0,0.0,0.0,0.0,0.0,-1.0,0.0,0.0,0.0,0.0,1.0,0.0,0.0,0.0,0.0,0.0,0.0,0.0,0.0,0.0
UPS,Bear Put Spread,-38.95,124.0,76.0,124.0,40.97,59.03,-0.3141129032258065,-9.000000000000002,0.0,-0.9999999999999981,0.0,0.0,0.0,0.0,0.0,0.0,0.0,0.0,0.0,0.0,0.0,0.0,0.0,0.0,0.0,0.0,0.0,0.0,0.0,0.0,0.0,0.0,0.0,0.0,-1.0,0.0,1.0,0.0,0.0,0.0,0.0,0.0,0.0,0.0
UPS,Bear Put Spread,-214.76,679.0,121.00000000000068,679.0,43.75,56.25,-0.31628865979381443,-26.999999999999996,-1.0000000000000002,-1.9999999999999991,-0.9999999999999996,-0.9999999999999999,0.0,0.0,0.0,0.0,0.0,0.0,0.0,0.0,0.0,0.0,0.0,0.0,0.0,0.0,0.0,0.0,0.0,0.0,0.0,0.0,0.0,0.0,-1.0,0.0,0.0,0.0,0.0,0.0,0.0,0.0,1.0,0.0
UPS,Bear Put Spread,-92.43,289.0,311.0,289.0,32.62,67.38,-0.31982698961937717,-25.0,0.0,-3.0,1.9999999999999991,-1.0,0.0,0.0,0.0,0.0,0.0,0.0,0.0,0.0,0.0,0.0,0.0,0.0,0.0,0.0,0.0,0.0,0.0,0.0,-1.0,0.0,0.0,0.0,0.0,0.0,1.0,0.0,0.0,0.0,0.0,0.0,0.0,0.0
UPS,Bear Put Spread,-57.08,175.0,25.0,175.0,54.92,45.07,-0.32617142857142856,-7.9999999999999964,0.0,0.0,-0.9999999999999996,0.0,0.0,0.0,0.0,0.0,0.0,0.0,0.0,0.0,0.0,0.0,0.0,0.0,0.0,0.0,0.0,0.0,0.0,0.0,0.0,0.0,0.0,0.0,0.0,0.0,0.0,-1.0,0.0,1.0,0.0,0.0,0.0,0.0
UPS,Bear Put Spread,-248.26,747.0,153.00000000000068,747.0,39.88,60.12,-0.33234270414993305,-30.999999999999993,-1.0000000000000002,-1.9999999999999991,-0.9999999999999996,-0.9999999999999999,0.0,0.0,0.0,0.0,0.0,0.0,0.0,0.0,0.0,0.0,0.0,0.0,0.0,0.0,0.0,0.0,0.0,0.0,0.0,0.0,0.0,-1.0,0.0,0.0,0.0,0.0,0.0,0.0,0.0,0.0,1.0,0.0
UPS,Bear Put Spread,-94.81,281.0,419.0,281.0,28.46,71.54,-0.33740213523131674,-27.0,1.0000000000000002,-3.0000000000000013,3.0,-1.0,0.0,0.0,0.0,0.0,0.0,0.0,0.0,0.0,0.0,0.0,0.0,0.0,0.0,0.0,0.0,0.0,-1.0,0.0,0.0,0.0,0.0,0.0,0.0,1.0,0.0,0.0,0.0,0.0,0.0,0.0,0.0,0.0
UPS,Bear Put Spread,-238.89,695.0,5.000000000000682,695.0,48.25,51.75,-0.34372661870503596,-26.0,-1.0000000000000002,3.9999999999999996,-1.9999999999999991,-2.0,0.0,0.0,0.0,0.0,0.0,0.0,0.0,0.0,0.0,0.0,0.0,0.0,0.0,0.0,0.0,0.0,0.0,0.0,0.0,0.0,0.0,0.0,0.0,0.0,-1.0,0.0,0.0,0.0,0.0,0.0,0.0,1.0
UPS,Bear Put Spread,-67.29,195.0,5.0,195.0,59.16,40.84,-0.3450769230769231,-7.9999999999999964,0.0,1.0000000000000009,-0.9999999999999996,0.0,0.0,0.0,0.0,0.0,0.0,0.0,0.0,0.0,0.0,0.0,0.0,0.0,0.0,0.0,0.0,0.0,0.0,0.0,0.0,0.0,0.0,0.0,0.0,0.0,0.0,0.0,-1.0,0.0,1.0,0.0,0.0,0.0
UPS,Bear Put Spread,-107.83,308.0,192.0,308.0,36.67,63.33,-0.3500974025974026,-22.000000000000004,0.0,-1.0000000000000009,0.9999999999999996,-0.9999999999999999,0.0,0.0,0.0,0.0,0.0,0.0,0.0,0.0,0.0,0.0,0.0,0.0,0.0,0.0,0.0,0.0,0.0,0.0,0.0,0.0,-1.0,0.0,0.0,0.0,0.0,1.0,0.0,0.0,0.0,0.0,0.0,0.0
UPS,Bear Put Spread,-205.81,585.0,15.000000000000682,585.0,48.82,51.18,-0.35181196581196583,-17.999999999999993,-1.0000000000000002,-1.0000000000000009,-0.9999999999999996,-0.9999999999999999,0.0,0.0,0.0,0.0,0.0,0.0,0.0,0.0,0.0,0.0,0.0,0.0,0.0,0.0,0.0,0.0,0.0,0.0,0.0,0.0,0.0,0.0,0.0,0.0,-1.0,0.0,0.0,0.0,0.0,0.0,1.0,0.0
UPS,Bear Put Spread,-71.57,201.0,199.0,201.0,32.13,67.86,-0.3560696517412935,-17.0,0.0,-1.0000000000000009,0.9999999999999996,-1.0,0.0,0.0,0.0,0.0,0.0,0.0,0.0,0.0,0.0,0.0,0.0,0.0,0.0,0.0,0.0,0.0,0.0,0.0,0.0,-1.0,0.0,0.0,0.0,1.0,0.0,0.0,0.0,0.0,0.0,0.0,0.0,0.0
UPS,Bear Put Spread,-235.51,660.0,40.00000000000068,660.0,44.87,55.13,-0.35683333333333334,-21.999999999999996,-1.0000000000000002,-1.9999999999999991,-0.9999999999999996,-0.9999999999999999,0.0,0.0,0.0,0.0,0.0,0.0,0.0,0.0,0.0,0.0,0.0,0.0,0.0,0.0,0.0,0.0,0.0,0.0,0.0,0.0,0.0,0.0,0.0,-1.0,0.0,0.0,0.0,0.0,0.0,0.0,1.0,0.0
UPS,Bear Put Spread,-84.57,231.0,369.0,231.0,26.35,73.65,-0.3661038961038961,-22.0,1.0000000000000002,-3.0000000000000013,3.0,-1.0,0.0,0.0,0.0,0.0,0.0,0.0,0.0,0.0,0.0,0.0,0.0,0.0,0.0,0.0,0.0,0.0,-1.0,0.0,0.0,0.0,0.0,0.0,1.0,0.0,0.0,0.0,0.0,0.0,0.0,0.0,0.0,0.0
UPS,Bear Put Spread,-87.73,239.0,261.0,239.0,30.25,69.75,-0.367071129707113,-20.999999999999996,0.0,-2.0000000000000018,1.9999999999999991,-1.0,0.0,0.0,0.0,0.0,0.0,0.0,0.0,0.0,0.0,0.0,0.0,0.0,0.0,0.0,0.0,0.0,0.0,0.0,-1.0,0.0,0.0,0.0,0.0,1.0,0.0,0.0,0.0,0.0,0.0,0.0,0.0,0.0
UPS,Bear Put Spread,-33.61,90.0,10.0,90.0,54.38,45.62,-0.3734444444444444,-4.999999999999993,0.0,0.0,0.0,0.0,0.0,0.0,0.0,0.0,0.0,0.0,0.0,0.0,0.0,0.0,0.0,0.0,0.0,0.0,0.0,0.0,0.0,0.0,0.0,0.0,0.0,0.0,0.0,0.0,0.0,-1.0,1.0,0.0,0.0,0.0,0.0,0.0
UPS,Bear Put Spread,-72.45,192.00000000000003,107.99999999999997,192.00000000000003,37.72,62.28,-0.37734375,-13.0,0.0,-0.9999999999999981,0.0,0.0,0.0,0.0,0.0,0.0,0.0,0.0,0.0,0.0,0.0,0.0,0.0,0.0,0.0,0.0,0.0,0.0,0.0,0.0,0.0,0.0,0.0,-1.0,0.0,0.0,1.0,0.0,0.0,0.0,0.0,0.0,0.0,0.0
UPS,Bear Put Spread,-63.79,160.0,40.0,160.0,44.87,55.13,-0.3986875,-8.000000000000007,0.0,0.0,0.0,-0.9999999999999999,0.0,0.0,0.0,0.0,0.0,0.0,0.0,0.0,0.0,0.0,0.0,0.0,0.0,0.0,0.0,0.0,0.0,0.0,0.0,0.0,0.0,0.0,0.0,-1.0,0.0,1.0,0.0,0.0,0.0,0.0,0.0,0.0
UPS,Bear Put Spread,-34.08,85.0,15.0,85.0,48.82,51.18,-0.4009411764705882,-4.0000000000000036,0.0,0.9999999999999981,0.0,-0.9999999999999999,0.0,0.0,0.0,0.0,0.0,0.0,0.0,0.0,0.0,0.0,0.0,0.0,0.0,0.0,0.0,0.0,0.0,0.0,0.0,0.0,0.0,0.0,0.0,0.0,-1.0,1.0,0.0,0.0,0.0,0.0,0.0,0.0
UPS,Bear Put Spread,-61.32,151.0,149.0,151.0,29.79,70.2,-0.4060927152317881,-12.0,0.0,-1.0000000000000009,0.9999999999999996,-1.0,0.0,0.0,0.0,0.0,0.0,0.0,0.0,0.0,0.0,0.0,0.0,0.0,0.0,0.0,0.0,0.0,0.0,0.0,0.0,-1.0,0.0,0.0,1.0,0.0,0.0,0.0,0.0,0.0,0.0,0.0,0.0,0.0
UPS,Bear Put Spread,-77.48,189.0,211.0,189.0,28.02,71.97,-0.40994708994708995,-15.999999999999998,0.0,-2.0000000000000018,1.9999999999999991,-1.0,0.0,0.0,0.0,0.0,0.0,0.0,0.0,0.0,0.0,0.0,0.0,0.0,0.0,0.0,0.0,0.0,0.0,0.0,-1.0,0.0,0.0,0.0,1.0,0.0,0.0,0.0,0.0,0.0,0.0,0.0,0.0,0.0
UPS,Bear Put Spread,-103.74,253.0,147.0,253.0,34.1,65.9,-0.4100395256916996,-18.0,0.0,-1.9999999999999991,0.9999999999999996,0.0,0.0,0.0,0.0,0.0,0.0,0.0,0.0,0.0,0.0,0.0,0.0,0.0,0.0,0.0,0.0,0.0,0.0,0.0,0.0,0.0,-1.0,0.0,0.0,0.0,1.0,0.0,0.0,0.0,0.0,0.0,0.0,0.0
UPS,Bear Put Spread,-68.22,164.0,236.0,164.0,24.77,75.23,-0.41597560975609754,-15.000000000000002,1.0000000000000002,-2.0000000000000018,1.9999999999999991,-1.0,0.0,0.0,0.0,0.0,0.0,0.0,0.0,0.0,0.0,0.0,0.0,0.0,0.0,0.0,0.0,0.0,0.0,-1.0,0.0,0.0,0.0,1.0,0.0,0.0,0.0,0.0,0.0,0.0,0.0,0.0,0.0,0.0
UPS,Bear Put Spread,-54.93,121.0,179.0,121.0,22.93,77.07,-0.4539669421487603,-10.000000000000004,1.0000000000000002,-1.0000000000000009,0.9999999999999996,-1.0,0.0,0.0,0.0,0.0,0.0,0.0,0.0,0.0,0.0,0.0,0.0,0.0,0.0,0.0,0.0,0.0,0.0,-1.0,0.0,0.0,1.0,0.0,0.0,0.0,0.0,0.0,0.0,0.0,0.0,0.0,0.0,0.0
UPS,Bear Put Spread,-94.06,206.0,294.0,206.0,23.29,76.71,-0.45660194174757285,-18.000000000000004,1.0000000000000002,-3.0000000000000013,3.0,-1.0,0.0,0.0,0.0,0.0,0.0,0.0,0.0,0.0,0.0,0.0,0.0,0.0,0.0,0.0,0.0,0.0,-1.0,0.0,0.0,0.0,0.0,1.0,0.0,0.0,0.0,0.0,0.0,0.0,0.0,0.0,0.0,0.0
UPS,Bear Put Spread,-34.25,74.0,26.0,74.0,38.25,61.74,-0.46283783783783783,-4.999999999999999,0.0,0.0,0.0,0.0,0.0,0.0,0.0,0.0,0.0,0.0,0.0,0.0,0.0,0.0,0.0,0.0,0.0,0.0,0.0,0.0,0.0,0.0,0.0,0.0,0.0,0.0,-1.0,1.0,0.0,0.0,0.0,0.0,0.0,0.0,0.0,0.0
UPS,Bear Put Spread,-67.75,142.00000000000003,57.99999999999997,142.00000000000003,35.11,64.88,-0.47711267605633795,-8.999999999999996,0.0,0.0,0.0,0.0,0.0,0.0,0.0,0.0,0.0,0.0,0.0,0.0,0.0,0.0,0.0,0.0,0.0,0.0,0.0,0.0,0.0,0.0,0.0,0.0,0.0,-1.0,0.0,1.0,0.0,0.0,0.0,0.0,0.0,0.0,0.0,0.0
UPS,Bear Put Spread,-99.04,203.0,97.0,203.0,31.65,68.34,-0.4878817733990148,-13.999999999999996,0.0,-1.0000000000000009,0.9999999999999996,0.0,0.0,0.0,0.0,0.0,0.0,0.0,0.0,0.0,0.0,0.0,0.0,0.0,0.0,0.0,0.0,0.0,0.0,0.0,0.0,0.0,-1.0,0.0,0.0,1.0,0.0,0.0,0.0,0.0,0.0,0.0,0.0,0.0
UPS,Bear Put Spread,-80.77,163.0,237.0,163.0,21.24,78.76,-0.495521472392638,-13.000000000000004,1.0000000000000002,-2.0000000000000004,2.0000000000000004,-1.0,0.0,0.0,0.0,0.0,0.0,0.0,0.0,0.0,0.0,0.0,0.0,0.0,0.0,0.0,0.0,0.0,-1.0,0.0,0.0,0.0,1.0,0.0,0.0,0.0,0.0,0.0,0.0,0.0,0.0,0.0,0.0,0.0
UPS,Bear Put Spread,-86.98,164.0,136.0,164.0,24.77,75.23,-0.5303658536585366,-12.0,0.0,-2.0000000000000018,1.9999999999999991,-1.0,0.0,0.0,0.0,0.0,0.0,0.0,0.0,0.0,0.0,0.0,0.0,0.0,0.0,0.0,0.0,0.0,0.0,0.0,-1.0,0.0,0.0,1.0,0.0,0.0,0.0,0.0,0.0,0.0,0.0,0.0,0.0,0.0
UPS,Bear Put Spread,-46.41,87.00000000000003,112.99999999999997,87.00000000000003,20.6,79.4,-0.5334482758620688,-7.000000000000001,1.0000000000000002,-1.0000000000000009,0.9999999999999996,0.0,0.0,0.0,0.0,0.0,0.0,0.0,0.0,0.0,0.0,0.0,0.0,0.0,0.0,0.0,0.0,0.0,0.0,-1.0,0.0,1.0,0.0,0.0,0.0,0.0,0.0,0.0,0.0,0.0,0.0,0.0,0.0,0.0
UPS,Bear Put Spread,-72.25,129.00000000000003,170.99999999999997,129.00000000000003,19.38,80.61,-0.5600775193798448,-10.0,1.0000000000000002,-2.0000000000000004,2.0000000000000004,0.0,0.0,0.0,0.0,0.0,0.0,0.0,0.0,0.0,0.0,0.0,0.0,0.0,0.0,0.0,0.0,0.0,-1.0,0.0,0.0,1.0,0.0,0.0,0.0,0.0,0.0,0.0,0.0,0.0,0.0,0.0,0.0,0.0
UPS,Bear Put Spread,-70.82,126.0,74.0,126.0,26.35,73.65,-0.562063492063492,-8.000000000000002,0.0,-1.0000000000000009,0.9999999999999996,-1.0,0.0,0.0,0.0,0.0,0.0,0.0,0.0,0.0,0.0,0.0,0.0,0.0,0.0,0.0,0.0,0.0,0.0,0.0,0.0,-1.0,0.0,1.0,0.0,0.0,0.0,0.0,0.0,0.0,0.0,0.0,0.0,0.0
UPS,Bear Put Spread,-88.79,153.0,47.0,153.0,29.34,70.65,-0.580326797385621,-8.999999999999996,0.0,-1.0000000000000009,0.9999999999999996,0.0,0.0,0.0,0.0,0.0,0.0,0.0,0.0,0.0,0.0,0.0,0.0,0.0,0.0,0.0,0.0,0.0,0.0,0.0,0.0,0.0,-1.0,0.0,1.0,0.0,0.0,0.0,0.0,0.0,0.0,0.0,0.0,0.0
UPS,Bear Put Spread,-73.69,121.0,79.0,121.0,22.93,77.07,-0.6090082644628099,-7.000000000000001,0.0,-1.0000000000000009,0.9999999999999996,-1.0,0.0,0.0,0.0,0.0,0.0,0.0,0.0,0.0,0.0,0.0,0.0,0.0,0.0,0.0,0.0,0.0,0.0,0.0,-1.0,0.0,1.0,0.0,0.0,0.0,0.0,0.0,0.0,0.0,0.0,0.0,0.0,0.0
UPS,Bear Put Spread,-57.5,92.00000000000003,7.999999999999972,92.00000000000003,32.62,67.38,-0.6249999999999998,-3.9999999999999982,0.0,0.0,0.0,0.0,0.0,0.0,0.0,0.0,0.0,0.0,0.0,0.0,0.0,0.0,0.0,0.0,0.0,0.0,0.0,0.0,0.0,0.0,0.0,0.0,0.0,-1.0,1.0,0.0,0.0,0.0,0.0,0.0,0.0,0.0,0.0,0.0
UPS,Bear Put Spread,-62.08,97.0,103.0,97.0,17.45,82.55,-0.64,-6.000000000000003,1.0000000000000002,-0.9999999999999996,1.0000000000000009,0.0,0.0,0.0,0.0,0.0,0.0,0.0,0.0,0.0,0.0,0.0,0.0,0.0,0.0,0.0,0.0,0.0,-1.0,0.0,1.0,0.0,0.0,0.0,0.0,0.0,0.0,0.0,0.0,0.0,0.0,0.0,0.0,0.0
UPS,Bear Put Spread,-36.24,55.0,45.0,55.0,18.53,81.47,-0.658909090909091,-3.0000000000000027,1.0000000000000002,0.0,0.0,0.0,0.0,0.0,0.0,0.0,0.0,0.0,0.0,0.0,0.0,0.0,0.0,0.0,0.0,0.0,0.0,0.0,0.0,-1.0,1.0,0.0,0.0,0.0,0.0,0.0,0.0,0.0,0.0,0.0,0.0,0.0,0.0,0.0
UPS,Bear Put Spread,-57.52,83.0,17.0,83.0,24.02,75.98,-0.6930120481927711,-3.0000000000000027,0.0,0.0,0.0,-1.0,0.0,0.0,0.0,0.0,0.0,0.0,0.0,0.0,0.0,0.0,0.0,0.0,0.0,0.0,0.0,0.0,0.0,0.0,0.0,-1.0,1.0,0.0,0.0,0.0,0.0,0.0,0.0,0.0,0.0,0.0,0.0,0.0
UPS,Bear Put Spread,-47.84,64.0,36.0,64.0,15.73,84.27,-0.7475,-3.0,0.0,-0.9999999999999996,1.0000000000000009,0.0,0.0,0.0,0.0,0.0,0.0,0.0,0.0,0.0,0.0,0.0,0.0,0.0,0.0,0.0,0.0,0.0,-1.0,1.0,0.0,0.0,0.0,0.0,0.0,0.0,0.0,0.0,0.0,0.0,0.0,0.0,0.0,0.0
UPS,Bear Put Spread,-65.16,87.00000000000003,12.999999999999972,87.00000000000003,20.6,79.4,-0.748965517241379,-3.9999999999999982,0.0,-1.0000000000000009,0.9999999999999996,0.0,0.0,0.0,0.0,0.0,0.0,0.0,0.0,0.0,0.0,0.0,0.0,0.0,0.0,0.0,0.0,0.0,0.0,0.0,-1.0,1.0,0.0,0.0,0.0,0.0,0.0,0.0,0.0,0.0,0.0,0.0,0.0,0.0
